Benchmark,"Hardware Vendor	",System,"Peak Result","Base Result","Energy Peak Result","Energy Base Result","# Cores","# Chips ","# Enabled Threads Per Core","Processor ","Processor MHz","CPU(s) Orderable","Base Pointer Size","Peak Pointer Size","1st Level Cache","2nd Level Cache","3rd Level Cache","Other Cache",Memory,Storage,"Operating System","File System",Compiler,"Compiler Category","HW Avail","SW Avail",License,"Tested By","Test Sponsor","Test Date",Published,"Updated ",Disclosure,Disclosures
CINT2026,"ASUSTeK Computer Inc.","ASUS RS520QA-E13-RS8U (2.25 GHz, AMD EPYC 9965)",7.8,7.47,0,0,192,1,2,"AMD EPYC 9965",2250,"1 chip",64-bit,64-bit,"32 KB I + 48 KB D on chip per core","1 MB I+D on chip per core","384 MB I+D on chip per chip, 32 MB shared / 16 cores",None,"384 GB (12 x 32 GB 2Rx4 PC5-6400B-R)",,"SUSE Linux Enterprise Server 15 SP6 (x86_64), Kernel 6.4.0-150600.21-default",xfs,"C/C++: Version 5.2.0 of AOCC, Fortran: Flang v22",Vendor,Jun-2025,May-2026,9016,"ASUSTeK Computer Inc.","ASUSTeK Computer Inc.",Jul-2026,Aug-2026,Aug-2026,"<A HREF=""/cpu2026/results/res2026q3/cpu2026-20260810-00424.html"">HTML</A> <A HREF=""/cpu2026/results/res2026q3/cpu2026-20260810-00424.csv"">CSV</A> <A HREF=""/cpu2026/results/res2026q3/cpu2026-20260810-00424.pdf"">PDF</A> <A HREF=""/cpu2026/results/res2026q3/cpu2026-20260810-00424.ps"">PS</A> <A HREF=""/cpu2026/results/res2026q3/cpu2026-20260810-00424.txt"">Text</A> <A HREF=""/cpu2026/results/res2026q3/cpu2026-20260810-00424.cfg"">Config</A>"
CINT2026,"ASUSTeK Computer Inc.","ASUS RS720-E12-RS8G (2.00 GHz, Intel Xeon 6787P)",7.46,7.36,0,0,172,2,2,"Intel Xeon 6787P",2000,"1, 2 chip(s)",64-bit,64-bit,"64 KB I + 48 KB D on chip per core","2 MB I+D on chip per core","336 MB I+D on chip per chip",None,"1 TB (16 x 64 GB 2Rx4 PC5-88/44B-M, running at 8000)",,"SUSE Linux Enterprise Server 15 SP6, Kernel 6.4.0-150600.21-default",xfs,"C/C++: Version 2026.0 of Intel oneAPI DPC++/C++, Compiler for Linux;, Fortran: Version 2026.0 of Intel Fortran, Compiler for Linux",Vendor,Jul-2025,Apr-2026,9016,"ASUSTeK Computer Inc.","ASUSTeK Computer Inc.",Aug-2026,Aug-2026,Aug-2026,"<A HREF=""/cpu2026/results/res2026q3/cpu2026-20260810-00438.html"">HTML</A> <A HREF=""/cpu2026/results/res2026q3/cpu2026-20260810-00438.csv"">CSV</A> <A HREF=""/cpu2026/results/res2026q3/cpu2026-20260810-00438.pdf"">PDF</A> <A HREF=""/cpu2026/results/res2026q3/cpu2026-20260810-00438.ps"">PS</A> <A HREF=""/cpu2026/results/res2026q3/cpu2026-20260810-00438.txt"">Text</A> <A HREF=""/cpu2026/results/res2026q3/cpu2026-20260810-00438.cfg"">Config</A>"
CINT2026,"ASUSTeK Computer Inc.","ASUS RS720A-E13-RS8U (2.25 GHz, AMD EPYC 9965)",8.96,8.46,0,0,384,2,2,"AMD EPYC 9965",2250,"1,2 chips",64-bit,64-bit,"32 KB I + 48 KB D on chip per core","1 MB I+D on chip per core","384 MB I+D on chip per chip, 32 MB shared / 16 cores",None,"768 GB (24 x 32 GB 2Rx4 PC5-6400B-R)",,"SUSE Linux Enterprise Server 15 SP6 (x86_64), Kernel 6.4.0-150600.21-default",xfs,"C/C++: Version 5.2.0 of AOCC, Fortran: Flang v22",Vendor,Mar-2025,May-2026,9016,"ASUSTeK Computer Inc.","ASUSTeK Computer Inc.",Jul-2026,Aug-2026,Aug-2026,"<A HREF=""/cpu2026/results/res2026q3/cpu2026-20260727-00413.html"">HTML</A> <A HREF=""/cpu2026/results/res2026q3/cpu2026-20260727-00413.csv"">CSV</A> <A HREF=""/cpu2026/results/res2026q3/cpu2026-20260727-00413.pdf"">PDF</A> <A HREF=""/cpu2026/results/res2026q3/cpu2026-20260727-00413.ps"">PS</A> <A HREF=""/cpu2026/results/res2026q3/cpu2026-20260727-00413.txt"">Text</A> <A HREF=""/cpu2026/results/res2026q3/cpu2026-20260727-00413.cfg"">Config</A>"
CINT2026,Apple,"MacBook Pro (16-inch, M5 Pro)",0,3.9,0,0,18,1,1,"Apple M5 Pro",4600,"1 chip",64-bit,"Not Applicable","192 KB I + 128 KB D on chip per core (Super); 128 KB I + 64 KB D on chip per core (Performance)","32 MB I+D on chip per chip, (16 MB per 6 Super cores, 8 MB per 6 Performance cores)","None disclosed","None disclosed","64.0 GB",,"macOS 26.4.1 (25E253)",apfs,"C/C++: Version 22.1.3 of LLVM;, Fortran: Version 22.1.3 of Homebrew flang",Community,Mar-2026,Apr-2026,7,"SPEC CPU Supporting Contributor jhenning","SPEC CPU Supporting Contributor jhenning",Apr-2026,May-2026,Aug-2026,"<A HREF=""/cpu2026/results/res2026q2/cpu2026-20260422-00247.html"">HTML</A> <A HREF=""/cpu2026/results/res2026q2/cpu2026-20260422-00247.csv"">CSV</A> <A HREF=""/cpu2026/results/res2026q2/cpu2026-20260422-00247.pdf"">PDF</A> <A HREF=""/cpu2026/results/res2026q2/cpu2026-20260422-00247.ps"">PS</A> <A HREF=""/cpu2026/results/res2026q2/cpu2026-20260422-00247.txt"">Text</A> <A HREF=""/cpu2026/results/res2026q2/cpu2026-20260422-00247.cfg"">Config</A>"
CINT2026,"Cisco Systems","Cisco UCS C240 M8 (Intel Xeon 6787P 2.00 GHz processor)",6.17,6.08,0,0,172,2,2,"Intel Xeon 6787P",2000,"1,2 Chips",64-bit,64-bit,"64 KB I + 48 KB D on chip per core","2 MB I+D on chip per core","336 MB I+D on chip per chip",None,"1 TB (16 x 64 GB 2Rx4 PC5-6400B-R)",,"SUSE Linux Enterprise Server 15 SP6, 6.4.0-150600.21-default",xfs,"C/C++: Version 2026.0 of Intel oneAPI DPC++/C++, Compiler for Linux;, Fortran: Version 2026.0 of Intel Fortran, Compiler for Linux",Vendor,May-2025,Apr-2026,9019,"Cisco Systems","Cisco Systems",Jun-2026,Jul-2026,Aug-2026,"<A HREF=""/cpu2026/results/res2026q3/cpu2026-20260629-00337.html"">HTML</A> <A HREF=""/cpu2026/results/res2026q3/cpu2026-20260629-00337.csv"">CSV</A> <A HREF=""/cpu2026/results/res2026q3/cpu2026-20260629-00337.pdf"">PDF</A> <A HREF=""/cpu2026/results/res2026q3/cpu2026-20260629-00337.ps"">PS</A> <A HREF=""/cpu2026/results/res2026q3/cpu2026-20260629-00337.txt"">Text</A> <A HREF=""/cpu2026/results/res2026q3/cpu2026-20260629-00337.cfg"">Config</A>"
CINT2026,"Cisco Systems","Cisco UCS X410c M8 (Intel Xeon 6788P 2.0 GHz processor)",6.89,6.82,0,0,344,4,2,"Intel Xeon 6788P",2000,"2,4 Chips",64-bit,64-bit,"64 KB I + 48 KB D on chip per core","2 MB I+D on chip per core","336 MB I+D on chip per chip",None,"2 TB (32 x 64 GB 2Rx4 PC5-6400B-R)",,"SUSE Linux Enterprise Server 15 SP6, 6.4.0-150600.21-default",btrfs,"C/C++: Version 2026.0 of Intel oneAPI DPC++/C++, Compiler for Linux;, Fortran: Version 2026.0 of Intel Fortran, Compiler for Linux",Vendor,May-2025,Apr-2026,9019,"Cisco Systems","Cisco Systems",May-2026,Jun-2026,Aug-2026,"<A HREF=""/cpu2026/results/res2026q2/cpu2026-20260602-00288.html"">HTML</A> <A HREF=""/cpu2026/results/res2026q2/cpu2026-20260602-00288.csv"">CSV</A> <A HREF=""/cpu2026/results/res2026q2/cpu2026-20260602-00288.pdf"">PDF</A> <A HREF=""/cpu2026/results/res2026q2/cpu2026-20260602-00288.ps"">PS</A> <A HREF=""/cpu2026/results/res2026q2/cpu2026-20260602-00288.txt"">Text</A> <A HREF=""/cpu2026/results/res2026q2/cpu2026-20260602-00288.cfg"">Config</A>"
CINT2026,"Dell Inc.","PowerEdge M7725 (AMD EPYC 9755 128-Core Processor)",8.05,8.05,0,0,256,2,2,"AMD EPYC 9755",2700,"1,2 chips",64-bit,64-bit,"32 KB I + 48 KB D on chip per core","1 MB I+D on chip per core","512 MB I+D on chip per chip, 32 MB shared / 8 cores",None,"1536 GB (24 x 64 GB 2Rx4 PC5-6400B-R)",,"Ubuntu 24.04.1 LTS, 6.8.0-57-generic",tmpfs,"C/C++: Version 5.1.0 of AOCC, Fortran: Flang v22",Vendor,Jan-2025,Jan-2026,6573,"Dell Inc.","Dell Inc.",Feb-2026,May-2026,Aug-2026,"<A HREF=""/cpu2026/results/res2026q2/cpu2026-20260210-00034.html"">HTML</A> <A HREF=""/cpu2026/results/res2026q2/cpu2026-20260210-00034.csv"">CSV</A> <A HREF=""/cpu2026/results/res2026q2/cpu2026-20260210-00034.pdf"">PDF</A> <A HREF=""/cpu2026/results/res2026q2/cpu2026-20260210-00034.ps"">PS</A> <A HREF=""/cpu2026/results/res2026q2/cpu2026-20260210-00034.txt"">Text</A> <A HREF=""/cpu2026/results/res2026q2/cpu2026-20260210-00034.cfg"">Config</A>"
CINT2026,"Dell Inc.","PowerEdge M7725 (AMD EPYC 9965 192-Core Processor)",8.22,8.22,0,0,384,2,2,"AMD EPYC 9965",2250,"1,2 chips",64-bit,64-bit,"32 KB I + 48 KB D on chip per core","1 MB I+D on chip per core","384 MB I+D on chip per chip, 32 MB shared / 16 cores",None,"1536 GB (24 x 64 GB 2Rx4 PC5-6400B-R)",,"Ubuntu 24.04.1 LTS, 6.8.0-57-generic",tmpfs,"C/C++: Version 5.1.0 of AOCC, Fortran: Flang v22",Vendor,Jan-2025,Jan-2026,6573,"Dell Inc.","Dell Inc.",Feb-2026,May-2026,Aug-2026,"<A HREF=""/cpu2026/results/res2026q2/cpu2026-20260210-00038.html"">HTML</A> <A HREF=""/cpu2026/results/res2026q2/cpu2026-20260210-00038.csv"">CSV</A> <A HREF=""/cpu2026/results/res2026q2/cpu2026-20260210-00038.pdf"">PDF</A> <A HREF=""/cpu2026/results/res2026q2/cpu2026-20260210-00038.ps"">PS</A> <A HREF=""/cpu2026/results/res2026q2/cpu2026-20260210-00038.txt"">Text</A> <A HREF=""/cpu2026/results/res2026q2/cpu2026-20260210-00038.cfg"">Config</A>"
CINT2026,"Dell Inc.","PowerEdge R570 (Intel Xeon 6787P)",5.92,5.87,0,0,86,1,2,"Intel Xeon 6787P",2000,"1 chip",64-bit,64-bit,"64 KB I + 48 KB D on chip per core","2 MB I+D on chip per core","336 MB I+D on chip per chip",None,"512 GB (8 x 64 GB 2Rx4 PC5-6400B-R)",,"SUSE Linux Enterprise Server 15 SP6, 6.4.0-150600.21-default",tmpfs,"C/C++: Version 2025.3 of Intel oneAPI DPC++/C++, Compiler for Linux;, Fortran: Version 2025.3 of Intel Fortran, Compiler for Linux",Vendor,Mar-2025,Nov-2025,6573,"Dell Inc.","Dell Inc.",Feb-2026,May-2026,Aug-2026,"<A HREF=""/cpu2026/results/res2026q2/cpu2026-20260210-00042.html"">HTML</A> <A HREF=""/cpu2026/results/res2026q2/cpu2026-20260210-00042.csv"">CSV</A> <A HREF=""/cpu2026/results/res2026q2/cpu2026-20260210-00042.pdf"">PDF</A> <A HREF=""/cpu2026/results/res2026q2/cpu2026-20260210-00042.ps"">PS</A> <A HREF=""/cpu2026/results/res2026q2/cpu2026-20260210-00042.txt"">Text</A> <A HREF=""/cpu2026/results/res2026q2/cpu2026-20260210-00042.cfg"">Config</A>"
CINT2026,"Dell Inc.","PowerEdge R7625 (AMD EPYC 9654 96-Core Processor)",6.14,6.14,0,0,192,2,2,"AMD EPYC 9654",2400,"1,2 chips",64-bit,64-bit,"32 KB I + 32 KB D on chip per core","1 MB I+D on chip per core","384 MB I+D on chip per chip, 32 MB shared / 8 cores",None,"2304 GB (24 x 96 GB 2Rx4 PC5-5600B-R, running at 4800)",,"Ubuntu 24.04 LTS, 6.8.0-44-generic",tmpfs,"C/C++: Version 5.1.0 of AOCC, Fortran: Flang v22",Vendor,Nov-2022,Jan-2026,6573,"Dell Inc.","Dell Inc.",Feb-2026,May-2026,Aug-2026,"<A HREF=""/cpu2026/results/res2026q2/cpu2026-20260210-00046.html"">HTML</A> <A HREF=""/cpu2026/results/res2026q2/cpu2026-20260210-00046.csv"">CSV</A> <A HREF=""/cpu2026/results/res2026q2/cpu2026-20260210-00046.pdf"">PDF</A> <A HREF=""/cpu2026/results/res2026q2/cpu2026-20260210-00046.ps"">PS</A> <A HREF=""/cpu2026/results/res2026q2/cpu2026-20260210-00046.txt"">Text</A> <A HREF=""/cpu2026/results/res2026q2/cpu2026-20260210-00046.cfg"">Config</A>"
CINT2026,"Dell Inc.","PowerEdge R7625 (AMD EPYC 9754 128-Core Processor)",5.73,5.73,0,0,256,2,1,"AMD EPYC 9754",2250,"1,2 chips",64-bit,64-bit,"32 KB I + 32 KB D on chip per core","1 MB I+D on chip per core","256 MB I+D on chip per chip, 16 MB shared / 8 cores",None,"1536 GB (24 x 64 GB 2Rx4 PC5-4800B-R)",,"Ubuntu 24.04 LTS, 6.8.0-44-generic",tmpfs,"C/C++: Version 5.1.0 of AOCC, Fortran: Flang v22",Vendor,Jun-2023,Jan-2026,6573,"Dell Inc.","Dell Inc.",Feb-2026,May-2026,Aug-2026,"<A HREF=""/cpu2026/results/res2026q2/cpu2026-20260210-00050.html"">HTML</A> <A HREF=""/cpu2026/results/res2026q2/cpu2026-20260210-00050.csv"">CSV</A> <A HREF=""/cpu2026/results/res2026q2/cpu2026-20260210-00050.pdf"">PDF</A> <A HREF=""/cpu2026/results/res2026q2/cpu2026-20260210-00050.ps"">PS</A> <A HREF=""/cpu2026/results/res2026q2/cpu2026-20260210-00050.txt"">Text</A> <A HREF=""/cpu2026/results/res2026q2/cpu2026-20260210-00050.cfg"">Config</A>"
CINT2026,"Dell Inc.","PowerEdge R770 (Intel Xeon 6732P)",5.92,5.87,0,0,64,2,2,"Intel Xeon 6732P",3800,"1,2 chips",64-bit,64-bit,"64 KB I + 48 KB D on chip per core","2 MB I+D on chip per core","144 MB I+D on chip per chip",None,"1 TB (16 x 64 GB 2Rx4 PC5-6400B-R)",,"SUSE Linux Enterprise Server 15 SP6, 6.4.0-150600.21-default",tmpfs,"C/C++: Version 2025.3 of Intel oneAPI DPC++/C++, Compiler for Linux;, Fortran: Version 2025.3 of Intel Fortran, Compiler for Linux",Vendor,Mar-2025,Nov-2025,6573,"Dell Inc.","Dell Inc.",Feb-2026,May-2026,Aug-2026,"<A HREF=""/cpu2026/results/res2026q2/cpu2026-20260210-00054.html"">HTML</A> <A HREF=""/cpu2026/results/res2026q2/cpu2026-20260210-00054.csv"">CSV</A> <A HREF=""/cpu2026/results/res2026q2/cpu2026-20260210-00054.pdf"">PDF</A> <A HREF=""/cpu2026/results/res2026q2/cpu2026-20260210-00054.ps"">PS</A> <A HREF=""/cpu2026/results/res2026q2/cpu2026-20260210-00054.txt"">Text</A> <A HREF=""/cpu2026/results/res2026q2/cpu2026-20260210-00054.cfg"">Config</A>"
CINT2026,"Dell Inc.","PowerEdge R770 (Intel Xeon 6780E)",4.78,4.73,0,0,288,2,1,"Intel Xeon 6780E",2200,"1,2 chips",64-bit,64-bit,"64 KB I + 32 KB D on chip per core","4 MB I+D on chip per core","108 MB I+D on chip per chip",None,"1 TB (16 x 64 GB 2Rx4 PC5-6400B-R)",,"SUSE Linux Enterprise Server 15 SP6, 6.4.0-150600.21-default",tmpfs,"C/C++: Version 2025.3 of Intel oneAPI DPC++/C++, Compiler for Linux;, Fortran: Version 2025.3 of Intel Fortran, Compiler for Linux",Vendor,Mar-2025,Nov-2025,6573,"Dell Inc.","Dell Inc.",Feb-2026,May-2026,Aug-2026,"<A HREF=""/cpu2026/results/res2026q2/cpu2026-20260210-00058.html"">HTML</A> <A HREF=""/cpu2026/results/res2026q2/cpu2026-20260210-00058.csv"">CSV</A> <A HREF=""/cpu2026/results/res2026q2/cpu2026-20260210-00058.pdf"">PDF</A> <A HREF=""/cpu2026/results/res2026q2/cpu2026-20260210-00058.ps"">PS</A> <A HREF=""/cpu2026/results/res2026q2/cpu2026-20260210-00058.txt"">Text</A> <A HREF=""/cpu2026/results/res2026q2/cpu2026-20260210-00058.cfg"">Config</A>"
CINT2026,"Dell Inc.","PowerEdge R770 (Intel Xeon 6787P)",4.09,4.05,1.34,1.32,172,2,1,"Intel Xeon 6787P",2000,"1,2 chips",64-bit,64-bit,"64 KB I + 48 KB D on chip per core","2 MB I+D on chip per core","336 MB I+D on chip per chip",None,"1 TB (16 x 64 GB 2Rx4 PC5-6400B-R, running at 4800)",,"SUSE Linux Enterprise Server 15 SP6, 6.4.0-150600.21-default",tmpfs,"C/C++: Version 2025.3 of Intel oneAPI DPC++/C++, Compiler for Linux;, Fortran: Version 2025.3 of Intel Fortran, Compiler for Linux",Vendor,Mar-2025,Nov-2025,6573,"Dell Inc.","Dell Inc.",Feb-2026,May-2026,Aug-2026,"<A HREF=""/cpu2026/results/res2026q2/cpu2026-20260210-00065.html"">HTML</A> <A HREF=""/cpu2026/results/res2026q2/cpu2026-20260210-00065.csv"">CSV</A> <A HREF=""/cpu2026/results/res2026q2/cpu2026-20260210-00065.pdf"">PDF</A> <A HREF=""/cpu2026/results/res2026q2/cpu2026-20260210-00065.ps"">PS</A> <A HREF=""/cpu2026/results/res2026q2/cpu2026-20260210-00065.txt"">Text</A> <A HREF=""/cpu2026/results/res2026q2/cpu2026-20260210-00065.cfg"">Config</A>"
CINT2026,"Dell Inc.","PowerEdge R770 (Intel Xeon 6787P)",6.45,6.33,0,0,172,2,2,"Intel Xeon 6787P",2000,"1,2 chips",64-bit,64-bit,"64 KB I + 48 KB D on chip per core","2 MB I+D on chip per core","336 MB I+D on chip per chip",None,"1 TB (16 x 64 GB 2Rx4 PC5-6400B-R)",,"SUSE Linux Enterprise Server 15 SP6, 6.4.0-150600.21-default",tmpfs,"C/C++: Version 2025.3 of Intel oneAPI DPC++/C++, Compiler for Linux;, Fortran: Version 2025.3 of Intel Fortran, Compiler for Linux",Vendor,Mar-2025,Nov-2025,6573,"Dell Inc.","Dell Inc.",Feb-2026,May-2026,Aug-2026,"<A HREF=""/cpu2026/results/res2026q2/cpu2026-20260210-00066.html"">HTML</A> <A HREF=""/cpu2026/results/res2026q2/cpu2026-20260210-00066.csv"">CSV</A> <A HREF=""/cpu2026/results/res2026q2/cpu2026-20260210-00066.pdf"">PDF</A> <A HREF=""/cpu2026/results/res2026q2/cpu2026-20260210-00066.ps"">PS</A> <A HREF=""/cpu2026/results/res2026q2/cpu2026-20260210-00066.txt"">Text</A> <A HREF=""/cpu2026/results/res2026q2/cpu2026-20260210-00066.cfg"">Config</A>"
CINT2026,"Dell Inc.","PowerEdge R770AP (Intel Xeon 6952P)",0,7.12,0,0,192,2,2,"Intel Xeon 6952P",2100,"1,2 chips",64-bit,"Not Applicable","64 KB I + 48 KB D on chip per core","2 MB I+D on chip per core","480 MB I+D on chip per chip",None,"768 GB (24 x 32 GB 2Rx8 PC5-6400B-R)",,"SUSE Linux Enterprise Server 16.0, 6.12.0-160000.5-default",tmpfs,"C/C++: Version 2025.3 of Intel oneAPI DPC++/C++, Compiler for Linux;, Fortran: Version 2025.3 of Intel Fortran, Compiler for Linux",Vendor,Dec-2025,Nov-2025,6573,"Dell Inc.","Dell Inc.",Feb-2026,May-2026,Aug-2026,"<A HREF=""/cpu2026/results/res2026q2/cpu2026-20260210-00070.html"">HTML</A> <A HREF=""/cpu2026/results/res2026q2/cpu2026-20260210-00070.csv"">CSV</A> <A HREF=""/cpu2026/results/res2026q2/cpu2026-20260210-00070.pdf"">PDF</A> <A HREF=""/cpu2026/results/res2026q2/cpu2026-20260210-00070.ps"">PS</A> <A HREF=""/cpu2026/results/res2026q2/cpu2026-20260210-00070.txt"">Text</A> <A HREF=""/cpu2026/results/res2026q2/cpu2026-20260210-00070.cfg"">Config</A>"
CINT2026,"Dell Inc.","PowerEdge R770AP (Intel Xeon 6978P)",0,7.09,0,0,240,2,2,"Intel Xeon 6978P",2100,"1,2 chips",64-bit,"Not Applicable","64 KB I + 48 KB D on chip per core","2 MB I+D on chip per core","504 MB I+D on chip per chip",None,"1536 GB (24 x 64 GB 2Rx4 PC5-6400B-R)",,"SUSE Linux Enterprise Server 16.0, 6.12.0-160000.5-default",tmpfs,"C/C++: Version 2025.3 of Intel oneAPI DPC++/C++, Compiler for Linux;, Fortran: Version 2025.3 of Intel Fortran, Compiler for Linux",Vendor,Dec-2025,Nov-2025,6573,"Dell Inc.","Dell Inc.",Feb-2026,May-2026,Aug-2026,"<A HREF=""/cpu2026/results/res2026q2/cpu2026-20260210-00074.html"">HTML</A> <A HREF=""/cpu2026/results/res2026q2/cpu2026-20260210-00074.csv"">CSV</A> <A HREF=""/cpu2026/results/res2026q2/cpu2026-20260210-00074.pdf"">PDF</A> <A HREF=""/cpu2026/results/res2026q2/cpu2026-20260210-00074.ps"">PS</A> <A HREF=""/cpu2026/results/res2026q2/cpu2026-20260210-00074.txt"">Text</A> <A HREF=""/cpu2026/results/res2026q2/cpu2026-20260210-00074.cfg"">Config</A>"
CINT2026,"Dell Inc.","PowerEdge R770AP (Intel Xeon 6980P)",0,7.6,0,0,256,2,2,"Intel Xeon 6980P",2000,"1,2 chips",64-bit,"Not Applicable","64 KB I + 48 KB D on chip per core","2 MB I+D on chip per core","504 MB I+D on chip per chip",None,"1536 GB (24 x 64 GB 2Rx4 PC5-6400B-R)",,"SUSE Linux Enterprise Server 16.0, 6.12.0-160000.5-default",tmpfs,"C/C++: Version 2025.3 of Intel oneAPI DPC++/C++, Compiler for Linux;, Fortran: Version 2025.3 of Intel Fortran, Compiler for Linux",Vendor,Dec-2025,Nov-2025,6573,"Dell Inc.","Dell Inc.",Feb-2026,May-2026,Aug-2026,"<A HREF=""/cpu2026/results/res2026q2/cpu2026-20260210-00078.html"">HTML</A> <A HREF=""/cpu2026/results/res2026q2/cpu2026-20260210-00078.csv"">CSV</A> <A HREF=""/cpu2026/results/res2026q2/cpu2026-20260210-00078.pdf"">PDF</A> <A HREF=""/cpu2026/results/res2026q2/cpu2026-20260210-00078.ps"">PS</A> <A HREF=""/cpu2026/results/res2026q2/cpu2026-20260210-00078.txt"">Text</A> <A HREF=""/cpu2026/results/res2026q2/cpu2026-20260210-00078.cfg"">Config</A>"
CINT2026,"Dell Inc.","PowerEdge R7715 (AMD EPYC 9845 160-Core Processor)",6.41,6.41,0,0,160,1,1,"AMD EPYC 9845",2100,"1 chip",64-bit,64-bit,"32 KB I + 48 KB D on chip per core","1 MB I+D on chip per core","320 MB I+D on chip per chip, 32 MB shared / 16 cores",None,"768 GB (12 x 64 GB 2Rx4 PC5-6400B-R, running at 5200)",,"Ubuntu 24.04.2 LTS, 6.8.0-85-generic",tmpfs,"C/C++: Version 5.1.0 of AOCC, Fortran: Flang v22",Vendor,Mar-2025,Jan-2026,6573,"Dell Inc.","Dell Inc.",Feb-2026,May-2026,Aug-2026,"<A HREF=""/cpu2026/results/res2026q2/cpu2026-20260210-00082.html"">HTML</A> <A HREF=""/cpu2026/results/res2026q2/cpu2026-20260210-00082.csv"">CSV</A> <A HREF=""/cpu2026/results/res2026q2/cpu2026-20260210-00082.pdf"">PDF</A> <A HREF=""/cpu2026/results/res2026q2/cpu2026-20260210-00082.ps"">PS</A> <A HREF=""/cpu2026/results/res2026q2/cpu2026-20260210-00082.txt"">Text</A> <A HREF=""/cpu2026/results/res2026q2/cpu2026-20260210-00082.cfg"">Config</A>"
CINT2026,"Dell Inc.","PowerEdge R7725 (AMD EPYC 9755 128-Core Processor)",7.73,7.73,0,0,256,2,1,"AMD EPYC 9755",2700,"1,2 chips",64-bit,64-bit,"32 KB I + 48 KB D on chip per core","1 MB I+D on chip per core","512 MB I+D on chip per chip, 32 MB shared / 8 cores",None,"3 TB (24 x 128 GB 2Rx4 PC5-6400B-R)",,"Ubuntu 24.04 LTS, 6.8.0-87-generic",tmpfs,"C/C++: Version 5.1.0 of AOCC, Fortran: Flang v22",Vendor,Nov-2025,Jan-2026,6573,"Dell Inc.","Dell Inc.",Feb-2026,May-2026,Aug-2026,"<A HREF=""/cpu2026/results/res2026q2/cpu2026-20260210-00088.html"">HTML</A> <A HREF=""/cpu2026/results/res2026q2/cpu2026-20260210-00088.csv"">CSV</A> <A HREF=""/cpu2026/results/res2026q2/cpu2026-20260210-00088.pdf"">PDF</A> <A HREF=""/cpu2026/results/res2026q2/cpu2026-20260210-00088.ps"">PS</A> <A HREF=""/cpu2026/results/res2026q2/cpu2026-20260210-00088.txt"">Text</A> <A HREF=""/cpu2026/results/res2026q2/cpu2026-20260210-00088.cfg"">Config</A>"
CINT2026,"Dell Inc.","PowerEdge R7725 (AMD EPYC 9965 192-Core Processor)",8.2,8.2,0,0,384,2,2,"AMD EPYC 9965",2250,"1,2 chips",64-bit,64-bit,"32 KB I + 48 KB D on chip per core","1 MB I+D on chip per core","384 MB I+D on chip per chip, 32 MB shared / 16 cores",None,"1536 GB (24 x 64 GB 2Rx4 PC5-6400B-R)",,"Ubuntu 24.04.2 LTS, 6.8.0-55-generic",ext4,"C/C++: Version 5.1.0 of AOCC, Fortran: Flang v22",Vendor,Nov-2024,Jan-2026,6573,"Dell Inc.","Dell Inc.",Feb-2026,May-2026,Aug-2026,"<A HREF=""/cpu2026/results/res2026q2/cpu2026-20260210-00092.html"">HTML</A> <A HREF=""/cpu2026/results/res2026q2/cpu2026-20260210-00092.csv"">CSV</A> <A HREF=""/cpu2026/results/res2026q2/cpu2026-20260210-00092.pdf"">PDF</A> <A HREF=""/cpu2026/results/res2026q2/cpu2026-20260210-00092.ps"">PS</A> <A HREF=""/cpu2026/results/res2026q2/cpu2026-20260210-00092.txt"">Text</A> <A HREF=""/cpu2026/results/res2026q2/cpu2026-20260210-00092.cfg"">Config</A>"
CINT2026,"Dell Inc.","PowerEdge XR8720t (Intel Xeon 6776P-B)",0,5.03,0,0,72,1,2,"Intel Xeon 6776P-B",2300,"1 chip",64-bit,"Not Applicable","64 KB I + 48 KB D on chip per core","2 MB I+D on chip per core","288 MB I+D on chip per chip",None,"512 GB (8 x 64 GB 2Rx4 PC5-6400B-R)",,"Red Hat Enterprise Linux 10.0 (Coughlan), 6.12.0-55.9.1.el10_0.x86_64",tmpfs,"C/C++: Version 2025.3 of Intel oneAPI DPC++/C++, Compiler for Linux;, Fortran: Version 2025.3 of Intel Fortran, Compiler for Linux",Vendor,Mar-2026,Nov-2025,6573,"Dell Inc.","Dell Inc.",Feb-2026,May-2026,Aug-2026,"<A HREF=""/cpu2026/results/res2026q2/cpu2026-20260210-00096.html"">HTML</A> <A HREF=""/cpu2026/results/res2026q2/cpu2026-20260210-00096.csv"">CSV</A> <A HREF=""/cpu2026/results/res2026q2/cpu2026-20260210-00096.pdf"">PDF</A> <A HREF=""/cpu2026/results/res2026q2/cpu2026-20260210-00096.ps"">PS</A> <A HREF=""/cpu2026/results/res2026q2/cpu2026-20260210-00096.txt"">Text</A> <A HREF=""/cpu2026/results/res2026q2/cpu2026-20260210-00096.cfg"">Config</A>"
CINT2026,"Fsas Technologies Inc.","PRIMERGY RX1330 M6, Intel Xeon 6369P, 3.3 GHz",0,2.62,0,0,8,1,2,"Xeon 6369P",3300,"1 chip",64-bit,"Not Applicable","32 KB I + 48 KB D on chip per core","2 MB I+D on chip per core","24 MB I+D on chip per chip",None,"64 GB (2 x 32 GB 2Rx8 PC5-4800B-E, running at 4400)",,"SUSE Linux Enterprise Server 15 SP6, 6.4.0-150600.21-default",xfs,"C/C++: Version 2026.0 of Intel oneAPI DPC++/C++, Compiler for Linux;, Fortran: Version 2026.0 of Intel Fortran, Compiler for Linux",Vendor,Apr-2025,Apr-2026,19,"Fsas Technologies Inc.",Fujitsu,Jun-2026,Jun-2026,Aug-2026,"<A HREF=""/cpu2026/results/res2026q2/cpu2026-20260612-00305.html"">HTML</A> <A HREF=""/cpu2026/results/res2026q2/cpu2026-20260612-00305.csv"">CSV</A> <A HREF=""/cpu2026/results/res2026q2/cpu2026-20260612-00305.pdf"">PDF</A> <A HREF=""/cpu2026/results/res2026q2/cpu2026-20260612-00305.ps"">PS</A> <A HREF=""/cpu2026/results/res2026q2/cpu2026-20260612-00305.txt"">Text</A> <A HREF=""/cpu2026/results/res2026q2/cpu2026-20260612-00305.cfg"">Config</A>"
CINT2026,"Fsas Technologies Inc.","PRIMERGY RX2540 M8, Intel Xeon 6787P, 2.00GHz",0,6.57,0,0,172,2,2,"Intel Xeon 6787P",2000,"1,2 chips",64-bit,"Not Applicable","64 KB I + 48 KB D on chip per core","2 MB I+D on chip per core","336 MB I+D on chip per chip",None,"512 GB (16 x 32 GB 2Rx8 PC5-88/56B-M, running at 8000)",,"SUSE Linux Enterprise Server 15 SP7, 6.4.0-150700.51-default",btrfs,"C/C++: Version 2026.0 of Intel oneAPI DPC++/C++, Compiler for Linux;, Fortran: Version 2026.0 of Intel Fortran, Compiler for Linux",Vendor,Oct-2025,Apr-2026,19,"Fsas Technologies Inc.",Fujitsu,Jun-2026,Jun-2026,Aug-2026,"<A HREF=""/cpu2026/results/res2026q2/cpu2026-20260602-00304.html"">HTML</A> <A HREF=""/cpu2026/results/res2026q2/cpu2026-20260602-00304.csv"">CSV</A> <A HREF=""/cpu2026/results/res2026q2/cpu2026-20260602-00304.pdf"">PDF</A> <A HREF=""/cpu2026/results/res2026q2/cpu2026-20260602-00304.ps"">PS</A> <A HREF=""/cpu2026/results/res2026q2/cpu2026-20260602-00304.txt"">Text</A> <A HREF=""/cpu2026/results/res2026q2/cpu2026-20260602-00304.cfg"">Config</A>"
CINT2026,"GIGA-BYTE TECHNOLOGY CO., LTD.","R2A3-T40-AAV1 (3.20 GHz AmpereOneM A192-32M)",5.21,5.02,2.07,1.97,192,1,1,"AmpereOneM A192-32M",3200,"1 chip",64-bit,64-bit,"16 KB I + 64 KB D on chip per core","2 MB I+D on chip per core","64 MB I+D on chip per chip",None,"768 GB (12 x 64 GB 2Rx4 PC5-5600B-R)",,"Fedora Linux 43 (Server Edition), 6.17.5-200.64K_PS.fc42.aarch64",xfs,"C/C++/Fortran: Version 15.2.0 of GCC",Community,Nov-2025,Oct-2025,6412,"Ampere Computing, Inc.","Ampere Computing, Inc.",Feb-2026,May-2026,Aug-2026,"<A HREF=""/cpu2026/results/res2026q2/cpu2026-20260210-00011.html"">HTML</A> <A HREF=""/cpu2026/results/res2026q2/cpu2026-20260210-00011.csv"">CSV</A> <A HREF=""/cpu2026/results/res2026q2/cpu2026-20260210-00011.pdf"">PDF</A> <A HREF=""/cpu2026/results/res2026q2/cpu2026-20260210-00011.ps"">PS</A> <A HREF=""/cpu2026/results/res2026q2/cpu2026-20260210-00011.txt"">Text</A> <A HREF=""/cpu2026/results/res2026q2/cpu2026-20260210-00011.cfg"">Config</A>"
CINT2026,"Hewlett Packard Enterprise","ProLiant Compute DL320 Gen12 (2.00 GHz, Intel Xeon 6787P)",5.01,5.01,0,0,86,1,2,"Intel Xeon 6787P",2000,"1 Chip",64-bit,64-bit,"64 KB I + 48 KB D on chip per core","2 MB I+D on chip per core","336 MB I+D on chip per chip",None,"256 GB (8 x 32 GB 2Rx8 PC5-6400B-R)",,"Ubuntu 24.04.3 LTS, Kernel 6.8.0-90-generic",ext4,"C/C++: Version 2025.3 of Intel oneAPI DPC++/C++, Compiler for Linux;, Fortran: Version 2025.3 of Intel Fortran, Compiler for Linux",Vendor,Mar-2025,Jan-2026,3,HPE,HPE,Feb-2026,May-2026,Aug-2026,"<A HREF=""/cpu2026/results/res2026q2/cpu2026-20260210-00100.html"">HTML</A> <A HREF=""/cpu2026/results/res2026q2/cpu2026-20260210-00100.csv"">CSV</A> <A HREF=""/cpu2026/results/res2026q2/cpu2026-20260210-00100.pdf"">PDF</A> <A HREF=""/cpu2026/results/res2026q2/cpu2026-20260210-00100.ps"">PS</A> <A HREF=""/cpu2026/results/res2026q2/cpu2026-20260210-00100.txt"">Text</A> <A HREF=""/cpu2026/results/res2026q2/cpu2026-20260210-00100.cfg"">Config</A>"
CINT2026,"Hewlett Packard Enterprise","ProLiant Compute DL325 Gen12 (2.25 GHz, AMD EPYC 9965)",6.75,6.75,0,0,192,1,2,"AMD EPYC 9965",2250,"1 Chip",64-bit,64-bit,"32 KB I + 48 KB D on chip per core","1 MB I+D on chip per core","384 MB I+D on chip per chip, 32 MB shared / 16 cores",None,"1536 GB (12 x 128 GB 2Rx4 PC5-6400B-R, running at 5200)",,"Ubuntu 24.04.3 LTS, Kernel 6.8.0-94-generic",ext4,"C/C++: Version 5.1.0 of AOCC, Fortran: Flang v22",Vendor,Jul-2025,Jan-2026,3,HPE,HPE,Feb-2026,May-2026,Aug-2026,"<A HREF=""/cpu2026/results/res2026q2/cpu2026-20260210-00104.html"">HTML</A> <A HREF=""/cpu2026/results/res2026q2/cpu2026-20260210-00104.csv"">CSV</A> <A HREF=""/cpu2026/results/res2026q2/cpu2026-20260210-00104.pdf"">PDF</A> <A HREF=""/cpu2026/results/res2026q2/cpu2026-20260210-00104.ps"">PS</A> <A HREF=""/cpu2026/results/res2026q2/cpu2026-20260210-00104.txt"">Text</A> <A HREF=""/cpu2026/results/res2026q2/cpu2026-20260210-00104.cfg"">Config</A>"
CINT2026,"Hewlett Packard Enterprise","ProLiant Compute DL325 Gen12 (2.70 GHz, AMD EPYC 9755)",6.69,6.69,0,0,128,1,2,"AMD EPYC 9755",2700,"1 chip",64-bit,64-bit,"32 KB I + 48 KB D on chip per core","1 MB I+D on chip per core","512 MB I+D on chip per chip, 32 MB shared / 8 cores",None,"1536 GB (12 x 128 GB 2Rx4 PC5-6400B-R, running at 5200)",,"Ubuntu 24.04.3 LTS, Kernel 6.8.0-94-generic",ext4,"C/C++: Version 5.1.0 of AOCC, Fortran: Flang v22",Vendor,Jul-2025,Jan-2026,3,HPE,HPE,Feb-2026,May-2026,Aug-2026,"<A HREF=""/cpu2026/results/res2026q2/cpu2026-20260210-00108.html"">HTML</A> <A HREF=""/cpu2026/results/res2026q2/cpu2026-20260210-00108.csv"">CSV</A> <A HREF=""/cpu2026/results/res2026q2/cpu2026-20260210-00108.pdf"">PDF</A> <A HREF=""/cpu2026/results/res2026q2/cpu2026-20260210-00108.ps"">PS</A> <A HREF=""/cpu2026/results/res2026q2/cpu2026-20260210-00108.txt"">Text</A> <A HREF=""/cpu2026/results/res2026q2/cpu2026-20260210-00108.cfg"">Config</A>"
CINT2026,"Hewlett Packard Enterprise","ProLiant Compute DL380 Gen12 (2.00 GHz, Intel Xeon 6787P)",6.33,6.33,0,0,172,2,1,"Intel Xeon 6787P",2000,"1,2 chips",64-bit,64-bit,"64 KB I + 48 KB D on chip per core","2 MB I+D on chip per core","336 MB I+D on chip per chip",None,"512 GB (16 x 32 GB 2Rx8 PC5-6400B-R)",,"Ubuntu 24.04.3 LTS, Kernel 6.8.0-90-generic",ext4,"C/C++: Version 2025.3 of Intel oneAPI DPC++/C++, Compiler for Linux;, Fortran: Version 2025.3 of Intel Fortran, Compiler for Linux",Vendor,Mar-2025,Jan-2026,3,HPE,HPE,Feb-2026,May-2026,Aug-2026,"<A HREF=""/cpu2026/results/res2026q2/cpu2026-20260210-00112.html"">HTML</A> <A HREF=""/cpu2026/results/res2026q2/cpu2026-20260210-00112.csv"">CSV</A> <A HREF=""/cpu2026/results/res2026q2/cpu2026-20260210-00112.pdf"">PDF</A> <A HREF=""/cpu2026/results/res2026q2/cpu2026-20260210-00112.ps"">PS</A> <A HREF=""/cpu2026/results/res2026q2/cpu2026-20260210-00112.txt"">Text</A> <A HREF=""/cpu2026/results/res2026q2/cpu2026-20260210-00112.cfg"">Config</A>"
CINT2026,"Hewlett Packard Enterprise","ProLiant Compute DL580 Gen12 (2.00 Ghz, Intel Xeon 6788P)",6.45,6.45,0,0,344,4,1,"Intel Xeon 6788P",2000,"1,2,4 Chips",64-bit,64-bit,"64 KB I + 48 KB D on chip per core","2 MB I+D on chip per core","336 MB I+D on chip per chip",None,"2 TB (32 x 64 GB 2Rx4 PC5-6400B-R)",,"Ubuntu 24.04.3 LTS, Kernel 6.8.0-94-generic",ext4,"C/C++: Version 2025.3 of Intel oneAPI DPC++/C++, Compiler for Linux;, Fortran: Version 2025.3 of Intel Fortran, Compiler for Linux",Vendor,Jul-2025,Jan-2026,3,HPE,HPE,Feb-2026,May-2026,Aug-2026,"<A HREF=""/cpu2026/results/res2026q2/cpu2026-20260210-00118.html"">HTML</A> <A HREF=""/cpu2026/results/res2026q2/cpu2026-20260210-00118.csv"">CSV</A> <A HREF=""/cpu2026/results/res2026q2/cpu2026-20260210-00118.pdf"">PDF</A> <A HREF=""/cpu2026/results/res2026q2/cpu2026-20260210-00118.ps"">PS</A> <A HREF=""/cpu2026/results/res2026q2/cpu2026-20260210-00118.txt"">Text</A> <A HREF=""/cpu2026/results/res2026q2/cpu2026-20260210-00118.cfg"">Config</A>"
CINT2026,"Hewlett Packard Enterprise","ProLiant DL20 Gen11 (3.10 GHz, Intel Xeon 6377P)",3.21,3.16,0,0,12,1,2,"Intel Xeon 6377P",3100,"1 Chip",64-bit,64-bit,"32 KB I + 48 KB D on chip per core","2 MB I+D on chip per core","36 MB I+D on chip per chip",None,"64 GB (2 x 32 GB 2Rx8 PC5-5600B-E, running at 4400)",,"SUSE Linux Enterprise Server 15 SP7, Kernel 6.4.0-150700.53.6-default",btrfs,"C/C++: Version 2026.0 of Intel oneAPI DPC++/C++, Compiler for Linux;, Fortran: Version 2026.0 of Intel Fortran, Compiler for Linux",Vendor,Sep-2026,Apr-2026,3,HPE,HPE,Jul-2026,Sep-2026,Sep-2026,"<A HREF=""/cpu2026/results/res2026q3/cpu2026-20260820-00467.html"">HTML</A> <A HREF=""/cpu2026/results/res2026q3/cpu2026-20260820-00467.csv"">CSV</A> <A HREF=""/cpu2026/results/res2026q3/cpu2026-20260820-00467.pdf"">PDF</A> <A HREF=""/cpu2026/results/res2026q3/cpu2026-20260820-00467.ps"">PS</A> <A HREF=""/cpu2026/results/res2026q3/cpu2026-20260820-00467.txt"">Text</A> <A HREF=""/cpu2026/results/res2026q3/cpu2026-20260820-00467.cfg"">Config</A>"
CINT2026,"Hewlett Packard Enterprise","ProLiant DL325 Gen11 (2.10 GHz, AMD EPYC 9845)",6.56,6.56,0,0,160,1,2,"AMD EPYC 9845",2100,"1 Chip",64-bit,64-bit,"32 KB I + 48 KB D on chip per core","1 MB I+D on chip per core","320 MB I+D on chip per chip, 32 MB shared / 16 cores",None,"768 GB (12 x 64 GB 2Rx4 PC5-6400B-R)",,"Ubuntu 24.04.3 LTS, Kernel 6.8.0-94-generic",ext4,"C/C++: Version 5.1.0 of AOCC, Fortran: Flang v22",Vendor,Mar-2025,Jan-2026,3,HPE,HPE,Feb-2026,May-2026,Aug-2026,"<A HREF=""/cpu2026/results/res2026q2/cpu2026-20260210-00124.html"">HTML</A> <A HREF=""/cpu2026/results/res2026q2/cpu2026-20260210-00124.csv"">CSV</A> <A HREF=""/cpu2026/results/res2026q2/cpu2026-20260210-00124.pdf"">PDF</A> <A HREF=""/cpu2026/results/res2026q2/cpu2026-20260210-00124.ps"">PS</A> <A HREF=""/cpu2026/results/res2026q2/cpu2026-20260210-00124.txt"">Text</A> <A HREF=""/cpu2026/results/res2026q2/cpu2026-20260210-00124.cfg"">Config</A>"
CINT2026,"Hewlett Packard Enterprise","ProLiant DL325 Gen11 (2.25 GHz, AMD EPYC 9754)",4.77,4.77,0,0,128,1,1,"AMD EPYC 9754",2250,"1 Chip",64-bit,64-bit,"32 KB I + 32 KB D on chip per core","1 MB I+D on chip per core","256 MB I+D on chip per chip, 16 MB shared / 8 cores",None,"768 GB (12 x 64 GB 2Rx4 PC5-4800B-R)",,"Ubuntu 24.04.3 LTS, Kernel 6.8.0-90-generic",ext4,"C/C++: Version 5.1.0 of AOCC, Fortran: Flang v22",Vendor,Aug-2023,Jan-2026,3,HPE,HPE,Feb-2026,May-2026,Aug-2026,"<A HREF=""/cpu2026/results/res2026q2/cpu2026-20260210-00128.html"">HTML</A> <A HREF=""/cpu2026/results/res2026q2/cpu2026-20260210-00128.csv"">CSV</A> <A HREF=""/cpu2026/results/res2026q2/cpu2026-20260210-00128.pdf"">PDF</A> <A HREF=""/cpu2026/results/res2026q2/cpu2026-20260210-00128.ps"">PS</A> <A HREF=""/cpu2026/results/res2026q2/cpu2026-20260210-00128.txt"">Text</A> <A HREF=""/cpu2026/results/res2026q2/cpu2026-20260210-00128.cfg"">Config</A>"
CINT2026,"Hewlett Packard Enterprise","ProLiant DL385 Gen11 (2.10 GHz, AMD EPYC 9845)",7.59,7.59,0,0,320,2,2,"AMD EPYC 9845",2100,"1,2 chips",64-bit,64-bit,"32 KB I + 48 KB D on chip per core","1 MB I+D on chip per core","320 MB I+D on chip per chip, 32 MB shared / 16 cores",None,"1536 GB (24 x 64 GB 2Rx4 PC5-6400B-R)",,"Ubuntu 24.04.3 LTS, Kernel 6.8.0-90-generic",ext4,"C/C++: Version 5.1.0 of AOCC, Fortran: Flang v22",Vendor,Mar-2025,Jan-2026,3,HPE,HPE,Feb-2026,May-2026,Aug-2026,"<A HREF=""/cpu2026/results/res2026q2/cpu2026-20260210-00134.html"">HTML</A> <A HREF=""/cpu2026/results/res2026q2/cpu2026-20260210-00134.csv"">CSV</A> <A HREF=""/cpu2026/results/res2026q2/cpu2026-20260210-00134.pdf"">PDF</A> <A HREF=""/cpu2026/results/res2026q2/cpu2026-20260210-00134.ps"">PS</A> <A HREF=""/cpu2026/results/res2026q2/cpu2026-20260210-00134.txt"">Text</A> <A HREF=""/cpu2026/results/res2026q2/cpu2026-20260210-00134.cfg"">Config</A>"
CINT2026,"Hewlett Packard Enterprise","ProLiant DL385 Gen11 (2.25 GHz, AMD EPYC 9754)",5.58,5.58,0,0,256,2,1,"AMD EPYC 9754",2250,"1,2 chips",64-bit,64-bit,"32 KB I + 32 KB D on chip per core","1 MB I+D on chip per core","256 MB I+D on chip per chip, 16 MB shared / 8 cores",None,"3 TB (24 x 128 GB 2Rx4 PC5-4800B-R)",,"Ubuntu 24.04.3 LTS, Kernel 6.8.0-94-generic",ext4,"C/C++: Version 5.1.0 of AOCC, Fortran: Flang v22",Vendor,Jun-2023,Jan-2026,3,HPE,HPE,Feb-2026,May-2026,Aug-2026,"<A HREF=""/cpu2026/results/res2026q2/cpu2026-20260210-00138.html"">HTML</A> <A HREF=""/cpu2026/results/res2026q2/cpu2026-20260210-00138.csv"">CSV</A> <A HREF=""/cpu2026/results/res2026q2/cpu2026-20260210-00138.pdf"">PDF</A> <A HREF=""/cpu2026/results/res2026q2/cpu2026-20260210-00138.ps"">PS</A> <A HREF=""/cpu2026/results/res2026q2/cpu2026-20260210-00138.txt"">Text</A> <A HREF=""/cpu2026/results/res2026q2/cpu2026-20260210-00138.cfg"">Config</A>"
CINT2026,"Hewlett Packard Enterprise","ProLiant ML30 Gen11 (3.10 GHz, Intel Xeon 6377P)",3.23,3.16,0,0,12,1,2,"Intel Xeon 6377P",3100,"1 Chip",64-bit,64-bit,"32 KB I + 48 KB D on chip per core","2 MB I+D on chip per core","36 MB I+D on chip per chip",None,"64 GB (2 x 32 GB 2Rx8 PC5-5600B-E, running at 4400)",,"SUSE Linux Enterprise Server 15 SP7, Kernel 6.4.0-150700.53.6-default",btrfs,"C/C++: Version 2026.0 of Intel oneAPI DPC++/C++, Compiler for Linux;, Fortran: Version 2026.0 of Intel Fortran, Compiler for Linux",Vendor,Sep-2026,Apr-2026,3,HPE,HPE,Jul-2026,Sep-2026,Sep-2026,"<A HREF=""/cpu2026/results/res2026q3/cpu2026-20260820-00475.html"">HTML</A> <A HREF=""/cpu2026/results/res2026q3/cpu2026-20260820-00475.csv"">CSV</A> <A HREF=""/cpu2026/results/res2026q3/cpu2026-20260820-00475.pdf"">PDF</A> <A HREF=""/cpu2026/results/res2026q3/cpu2026-20260820-00475.ps"">PS</A> <A HREF=""/cpu2026/results/res2026q3/cpu2026-20260820-00475.txt"">Text</A> <A HREF=""/cpu2026/results/res2026q3/cpu2026-20260820-00475.cfg"">Config</A>"
CINT2026,"Hewlett Packard Enterprise","ProLiant MicroServer Gen11 (3.10 GHz, Intel Xeon 6377P)",3.18,3.12,0,0,12,1,2,"Intel Xeon 6377P",3100,"1 Chip",64-bit,64-bit,"32 KB I + 48 KB D on chip per core","2 MB I+D on chip per core","36 MB I+D on chip per chip",None,"64 GB (2 x 32 GB 2Rx8 PC5-5600B-E, running at 4400)",,"SUSE Linux Enterprise Server 15 SP7, Kernel 6.4.0-150700.53.6-default",btrfs,"C/C++: Version 2026.0 of Intel oneAPI DPC++/C++, Compiler for Linux;, Fortran: Version 2026.0 of Intel Fortran, Compiler for Linux",Vendor,Sep-2026,Apr-2026,3,HPE,HPE,Jul-2026,Sep-2026,Sep-2026,"<A HREF=""/cpu2026/results/res2026q3/cpu2026-20260820-00473.html"">HTML</A> <A HREF=""/cpu2026/results/res2026q3/cpu2026-20260820-00473.csv"">CSV</A> <A HREF=""/cpu2026/results/res2026q3/cpu2026-20260820-00473.pdf"">PDF</A> <A HREF=""/cpu2026/results/res2026q3/cpu2026-20260820-00473.ps"">PS</A> <A HREF=""/cpu2026/results/res2026q3/cpu2026-20260820-00473.txt"">Text</A> <A HREF=""/cpu2026/results/res2026q3/cpu2026-20260820-00473.cfg"">Config</A>"
CINT2026,"Lenovo Global Technology","ThinkSystem HR330A (3.00 GHz Ampere eMAG 8180)",1.07,1,1.08,1,32,1,1,"Ampere eMAG 8180",3000,"1 chips",64-bit,64-bit,"32 KB I + 32 KB D on chip per core","4 MB I+D on chip per chip (256 KB shared / 2 cores)","32 MB I+D on chip per chip",None,"128 GB (8 x 16 GB 2Rx4 PC4-2666V-R)",,"Ubuntu 24.04.1 LTS kernel 6.8.0 (64KB pages)",ext4,"C/C++/Fortran: Version 15.2.0 of GCC",Community,Apr-2019,Aug-2025,6412,"Ampere Computing, Inc.","Ampere Computing, Inc.",Feb-2026,May-2026,Aug-2026,"<A HREF=""/cpu2026/results/res2026q2/cpu2026-20260210-00004.html"">HTML</A> <A HREF=""/cpu2026/results/res2026q2/cpu2026-20260210-00004.csv"">CSV</A> <A HREF=""/cpu2026/results/res2026q2/cpu2026-20260210-00004.pdf"">PDF</A> <A HREF=""/cpu2026/results/res2026q2/cpu2026-20260210-00004.ps"">PS</A> <A HREF=""/cpu2026/results/res2026q2/cpu2026-20260210-00004.txt"">Text</A> <A HREF=""/cpu2026/results/res2026q2/cpu2026-20260210-00004.cfg"">Config</A>"
CINT2026,"Lenovo Global Technology","ThinkSystem SD535 V3 (3.30 GHz, AMD EPYC 9575F)",6.37,6.37,0,0,64,1,2,"AMD EPYC 9575F",3300,"1 chip",64-bit,64-bit,"32 KB I + 48 KB D on chip per core","1 MB I+D on chip per core","256 MB I+D on chip per chip, 32 MB shared / 8 cores",None,"384 GB (12 x 32 GB 2Rx8 PC5-6400B-R)",,"SUSE Linux Enterprise Server 15 SP7, Kernel 6.4.0-150700.51-default",xfs,"C/C++: Version 5.1.0 of AOCC, Fortran: Flang v22",Vendor,Jul-2025,Jan-2026,9017,"Lenovo Global Technology","Lenovo Global Technology",Feb-2026,May-2026,Aug-2026,"<A HREF=""/cpu2026/results/res2026q2/cpu2026-20260210-00158.html"">HTML</A> <A HREF=""/cpu2026/results/res2026q2/cpu2026-20260210-00158.csv"">CSV</A> <A HREF=""/cpu2026/results/res2026q2/cpu2026-20260210-00158.pdf"">PDF</A> <A HREF=""/cpu2026/results/res2026q2/cpu2026-20260210-00158.ps"">PS</A> <A HREF=""/cpu2026/results/res2026q2/cpu2026-20260210-00158.txt"">Text</A> <A HREF=""/cpu2026/results/res2026q2/cpu2026-20260210-00158.cfg"">Config</A>"
CINT2026,"Lenovo Global Technology","ThinkSystem SR630 V4 (2.80 GHz, Intel Xeon 6503P)",0,3.26,0,0,16,2,2,"Intel Xeon 6503P",2800,"1,2 chips",64-bit,"Not Applicable","64 KB I + 48 KB D on chip per core","2 MB I+D on chip per core","48 MB I+D on chip per chip",None,"512 GB (16 x 32 GB 2Rx8 PC5-6400B-R)",,"SUSE Linux Enterprise Server 15 SP7, Kernel 6.4.0-150700.51-default",xfs,"C/C++: Version 2026.0 of Intel oneAPI DPC++/C++, Compiler for Linux;, Fortran: Version 2026.0 of Intel Fortran, Compiler for Linux",Vendor,Aug-2026,Apr-2026,9017,"Lenovo Global Technology","Lenovo Global Technology",Aug-2026,Aug-2026,Aug-2026,"<A HREF=""/cpu2026/results/res2026q3/cpu2026-20260810-00432.html"">HTML</A> <A HREF=""/cpu2026/results/res2026q3/cpu2026-20260810-00432.csv"">CSV</A> <A HREF=""/cpu2026/results/res2026q3/cpu2026-20260810-00432.pdf"">PDF</A> <A HREF=""/cpu2026/results/res2026q3/cpu2026-20260810-00432.ps"">PS</A> <A HREF=""/cpu2026/results/res2026q3/cpu2026-20260810-00432.txt"">Text</A> <A HREF=""/cpu2026/results/res2026q3/cpu2026-20260810-00432.cfg"">Config</A>"
CINT2026,"Lenovo Global Technology","ThinkSystem SR650 V3 (1.90 GHz,Intel Xeon Platinum 8592+)",0,6.52,0,0,128,2,2,"Intel Xeon Platinum 8592+",1900,"1,2 chips",64-bit,"Not Applicable","32 KB I + 48 KB D on chip per core","2 MB I+D on chip per core","320 MB I+D on chip per chip",None,"512 GB (16 x 32 GB 2Rx8 PC5-5600B-R)",,"SUSE Linux Enterprise Server 16.0, Kernel 6.12.0-160000.5-default",btrfs,"C/C++: Version 2026.0 of Intel oneAPI DPC++/C++, Compiler for Linux;, Fortran: Version 2026.0 of Intel Fortran, Compiler for Linux",Vendor,Feb-2024,Apr-2026,9017,"Lenovo Global Technology","Lenovo Global Technology",May-2026,Jun-2026,Aug-2026,"<A HREF=""/cpu2026/results/res2026q2/cpu2026-20260601-00281.html"">HTML</A> <A HREF=""/cpu2026/results/res2026q2/cpu2026-20260601-00281.csv"">CSV</A> <A HREF=""/cpu2026/results/res2026q2/cpu2026-20260601-00281.pdf"">PDF</A> <A HREF=""/cpu2026/results/res2026q2/cpu2026-20260601-00281.ps"">PS</A> <A HREF=""/cpu2026/results/res2026q2/cpu2026-20260601-00281.txt"">Text</A> <A HREF=""/cpu2026/results/res2026q2/cpu2026-20260601-00281.cfg"">Config</A>"
CINT2026,"Lenovo Global Technology","ThinkSystem SR650 V3 (2.20 GHz, Intel Xeon Platinum 8593Q)",0,6.64,0,0,128,2,2,"Intel Xeon Platinum 8593Q",2200,"1,2 chips",64-bit,"Not Applicable","32 KB I + 48 KB D on chip per core","2 MB I+D on chip per core","320 MB I+D on chip per chip",None,"512 GB (16 x 32 GB 2Rx8 PC5-5600B-R)",,"SUSE Linux Enterprise Server 16.0, Kernel 6.12.0-160000.5-default",btrfs,"C/C++: Version 2026.0 of Intel oneAPI DPC++/C++, Compiler for Linux;, Fortran: Version 2026.0 of Intel Fortran, Compiler for Linux",Vendor,Aug-2024,Apr-2026,9017,"Lenovo Global Technology","Lenovo Global Technology",Jul-2026,Jul-2026,Aug-2026,"<A HREF=""/cpu2026/results/res2026q3/cpu2026-20260713-00376.html"">HTML</A> <A HREF=""/cpu2026/results/res2026q3/cpu2026-20260713-00376.csv"">CSV</A> <A HREF=""/cpu2026/results/res2026q3/cpu2026-20260713-00376.pdf"">PDF</A> <A HREF=""/cpu2026/results/res2026q3/cpu2026-20260713-00376.ps"">PS</A> <A HREF=""/cpu2026/results/res2026q3/cpu2026-20260713-00376.txt"">Text</A> <A HREF=""/cpu2026/results/res2026q3/cpu2026-20260713-00376.cfg"">Config</A>"
CINT2026,"Lenovo Global Technology","ThinkSystem SR650 V4 (2.80 GHz, Intel Xeon 6503P)",0,3.25,0,0,16,2,2,"Intel Xeon 6503P",2800,"1,2 chips",64-bit,"Not Applicable","64 KB I + 48 KB D on chip per core","2 MB I+D on chip per core","48 MB I+D on chip per chip",None,"512 GB (16 x 32 GB 2Rx8 PC5-6400B-R)",,"SUSE Linux Enterprise Server 15 SP7, Kernel 6.4.0-150700.51-default",xfs,"C/C++: Version 2026.0 of Intel oneAPI DPC++/C++, Compiler for Linux;, Fortran: Version 2026.0 of Intel Fortran, Compiler for Linux",Vendor,Aug-2026,Apr-2026,9017,"Lenovo Global Technology","Lenovo Global Technology",Aug-2026,Aug-2026,Aug-2026,"<A HREF=""/cpu2026/results/res2026q3/cpu2026-20260810-00428.html"">HTML</A> <A HREF=""/cpu2026/results/res2026q3/cpu2026-20260810-00428.csv"">CSV</A> <A HREF=""/cpu2026/results/res2026q3/cpu2026-20260810-00428.pdf"">PDF</A> <A HREF=""/cpu2026/results/res2026q3/cpu2026-20260810-00428.ps"">PS</A> <A HREF=""/cpu2026/results/res2026q3/cpu2026-20260810-00428.txt"">Text</A> <A HREF=""/cpu2026/results/res2026q3/cpu2026-20260810-00428.cfg"">Config</A>"
CINT2026,"Lenovo Global Technology","ThinkSystem SR655 V3 (2.60 GHz, AMD EPYC 9655)",6.35,6.35,3.17,3.17,96,1,2,"AMD EPYC 9655",2600,"1 chip",64-bit,64-bit,"32 KB I + 48 KB D on chip per core","1 MB I+D on chip per core","384 MB I+D on chip per chip, 32 MB shared / 8 cores",None,"384 GB (12 x 32 GB 2Rx8 PC5-6400B-R, running at 4800)",,"SUSE Linux Enterprise Server 15 SP6, Kernel 6.4.0-150600.21-default",xfs,"C/C++: Version 5.1.0 of AOCC, Fortran: Flang v22",Vendor,Jul-2025,Jan-2026,9017,"Lenovo Global Technology","Lenovo Global Technology",Feb-2026,May-2026,Aug-2026,"<A HREF=""/cpu2026/results/res2026q2/cpu2026-20260210-00164.html"">HTML</A> <A HREF=""/cpu2026/results/res2026q2/cpu2026-20260210-00164.csv"">CSV</A> <A HREF=""/cpu2026/results/res2026q2/cpu2026-20260210-00164.pdf"">PDF</A> <A HREF=""/cpu2026/results/res2026q2/cpu2026-20260210-00164.ps"">PS</A> <A HREF=""/cpu2026/results/res2026q2/cpu2026-20260210-00164.txt"">Text</A> <A HREF=""/cpu2026/results/res2026q2/cpu2026-20260210-00164.cfg"">Config</A>"
CINT2026,"Lenovo Global Technology","ThinkSystem SR655 V3 (3.30 GHz, AMD EPYC 9575F)",6.37,6.37,0,0,64,1,2,"AMD EPYC 9575F",3300,"1 chip",64-bit,64-bit,"32 KB I + 48 KB D on chip per core","1 MB I+D on chip per core","256 MB I+D on chip per chip, 32 MB shared / 8 cores",None,"384 GB (12 x 32 GB 2Rx8 PC5-6400B-R)",,"SUSE Linux Enterprise Server 15 SP7, Kernel 6.4.0-150700.51-default",xfs,"C/C++: Version 5.1.0 of AOCC, Fortran: Flang v22",Vendor,Aug-2023,Jan-2026,9017,"Lenovo Global Technology","Lenovo Global Technology",Feb-2026,May-2026,Aug-2026,"<A HREF=""/cpu2026/results/res2026q2/cpu2026-20260210-00166.html"">HTML</A> <A HREF=""/cpu2026/results/res2026q2/cpu2026-20260210-00166.csv"">CSV</A> <A HREF=""/cpu2026/results/res2026q2/cpu2026-20260210-00166.pdf"">PDF</A> <A HREF=""/cpu2026/results/res2026q2/cpu2026-20260210-00166.ps"">PS</A> <A HREF=""/cpu2026/results/res2026q2/cpu2026-20260210-00166.txt"">Text</A> <A HREF=""/cpu2026/results/res2026q2/cpu2026-20260210-00166.cfg"">Config</A>"
CINT2026,"Lenovo Global Technology","ThinkSystem SR665 V3 (3.30 GHz, AMD EPYC 9575F)",7.23,7.23,2.16,2.16,128,2,2,"AMD EPYC 9575F",3300,"1,2 chips",64-bit,64-bit,"32 KB I + 48 KB D on chip per core","1 MB I+D on chip per core","256 MB I+D on chip per chip, 32 MB shared / 8 cores",None,"768 GB (24 x 32 GB 2Rx8 PC5-6400B-R, running at 4800)",,"SUSE Linux Enterprise Server 15 SP7, Kernel 6.4.0-150700.51-default",xfs,"C/C++: Version 5.1.0 of AOCC, Fortran: Flang v22",Vendor,Jul-2025,Jan-2026,9017,"Lenovo Global Technology","Lenovo Global Technology",Feb-2026,May-2026,Aug-2026,"<A HREF=""/cpu2026/results/res2026q2/cpu2026-20260210-00177.html"">HTML</A> <A HREF=""/cpu2026/results/res2026q2/cpu2026-20260210-00177.csv"">CSV</A> <A HREF=""/cpu2026/results/res2026q2/cpu2026-20260210-00177.pdf"">PDF</A> <A HREF=""/cpu2026/results/res2026q2/cpu2026-20260210-00177.ps"">PS</A> <A HREF=""/cpu2026/results/res2026q2/cpu2026-20260210-00177.txt"">Text</A> <A HREF=""/cpu2026/results/res2026q2/cpu2026-20260210-00177.cfg"">Config</A>"
CINT2026,"Lenovo Global Technology","ThinkSystem SR665 V3 (3.30 GHz,AMD EPYC 9575F)",7.74,7.74,0,0,128,2,2,"AMD EPYC 9575F",3300,"1,2 chips",64-bit,64-bit,"32 KB I + 48 KB D on chip per core","1 MB I+D on chip per core","256 MB I+D on chip per chip, 32 MB shared / 8 cores",None,"768 GB (24 x 32 GB 2Rx8 PC5-6400B-R)",,"SUSE Linux Enterprise Server 15 SP7, Kernel 6.4.0-150700.51-default",xfs,"C/C++: Version 5.1.0 of AOCC, Fortran: Flang v22",Vendor,Jul-2025,Jan-2026,9017,"Lenovo Global Technology","Lenovo Global Technology",Feb-2026,May-2026,Aug-2026,"<A HREF=""/cpu2026/results/res2026q2/cpu2026-20260210-00178.html"">HTML</A> <A HREF=""/cpu2026/results/res2026q2/cpu2026-20260210-00178.csv"">CSV</A> <A HREF=""/cpu2026/results/res2026q2/cpu2026-20260210-00178.pdf"">PDF</A> <A HREF=""/cpu2026/results/res2026q2/cpu2026-20260210-00178.ps"">PS</A> <A HREF=""/cpu2026/results/res2026q2/cpu2026-20260210-00178.txt"">Text</A> <A HREF=""/cpu2026/results/res2026q2/cpu2026-20260210-00178.cfg"">Config</A>"
CINT2026,"Lenovo Global Technology","ThinkSystem SR850 V3 (1.90 GHz,Intel Xeon Platinum 8490H)",0,6.6,0,0,240,4,1,"Intel Xeon Platinum 8490H",1900,"2,4 chips",64-bit,"Not Applicable","32 KB I + 48 KB D on chip per core","2 MB I+D on chip per core","112.5 MB I+D on chip per chip",None,"1 TB (32 x 32 GB 2Rx8 PC5-4800B-R)",,"Red Hat Enterprise Linux 9.6 (Plow), Kernel 5.14.0-570.12.1.el9_6.x86_64",xfs,"C/C++: Version 2026.0 of Intel oneAPI DPC++/C++, Compiler for Linux;, Fortran: Version 2026.0 of Intel Fortran, Compiler for Linux",Vendor,Jun-2023,Apr-2026,9017,"Lenovo Global Technology","Lenovo Global Technology",May-2026,Jun-2026,Aug-2026,"<A HREF=""/cpu2026/results/res2026q2/cpu2026-20260601-00285.html"">HTML</A> <A HREF=""/cpu2026/results/res2026q2/cpu2026-20260601-00285.csv"">CSV</A> <A HREF=""/cpu2026/results/res2026q2/cpu2026-20260601-00285.pdf"">PDF</A> <A HREF=""/cpu2026/results/res2026q2/cpu2026-20260601-00285.ps"">PS</A> <A HREF=""/cpu2026/results/res2026q2/cpu2026-20260601-00285.txt"">Text</A> <A HREF=""/cpu2026/results/res2026q2/cpu2026-20260601-00285.cfg"">Config</A>"
CINT2026,"Lenovo Global Technology","ThinkSystem SR850 V4 (2.50 GHZ, Intel Xeon 6748P)",0,5.24,0,1.01,192,4,2,"Intel Xeon 6748P",2500,"2,4 chips",64-bit,"Not Applicable","64 KB I + 48 KB D on chip per core","2 MB I+D on chip per core","192 MB I+D on chip per chip",None,"2 TB (32 x 64 GB 2Rx4 PC5-6400B-R, running at 4800)",,"SUSE Linux Enterprise Server 15 SP7, Kernel 6.4.0-150700.51-default",xfs,"C/C++: Version 2025.3 of Intel oneAPI DPC++/C++, Compiler for Linux;, Fortran: Version 2025.3 of Intel Fortran, Compiler for Linux",Vendor,Nov-2025,Jan-2026,9017,"Lenovo Global Technology","Lenovo Global Technology",Feb-2026,May-2026,Aug-2026,"<A HREF=""/cpu2026/results/res2026q2/cpu2026-20260210-00182.html"">HTML</A> <A HREF=""/cpu2026/results/res2026q2/cpu2026-20260210-00182.csv"">CSV</A> <A HREF=""/cpu2026/results/res2026q2/cpu2026-20260210-00182.pdf"">PDF</A> <A HREF=""/cpu2026/results/res2026q2/cpu2026-20260210-00182.ps"">PS</A> <A HREF=""/cpu2026/results/res2026q2/cpu2026-20260210-00182.txt"">Text</A> <A HREF=""/cpu2026/results/res2026q2/cpu2026-20260210-00182.cfg"">Config</A>"
CINT2026,"Lenovo Global Technology","ThinkSystem SR860 V3 (1.90 GHz,Intel Xeon Platinum 8490H)",0,6.54,0,0,240,4,1,"Intel Xeon Platinum 8490H",1900,"2,4 chips",64-bit,"Not Applicable","32 KB I + 48 KB D on chip per core","2 MB I+D on chip per core","112.5 MB I+D on chip per chip",None,"1 TB (32 x 32 GB 2Rx8 PC5-4800B-R)",,"SUSE Linux Enterprise Server 15 SP7, Kernel 6.4.0-150700.51-default",xfs,"C/C++: Version 2026.0 of Intel oneAPI DPC++/C++, Compiler for Linux;, Fortran: Version 2026.0 of Intel Fortran, Compiler for Linux",Vendor,Jun-2023,Apr-2026,9017,"Lenovo Global Technology","Lenovo Global Technology",May-2026,Jun-2026,Aug-2026,"<A HREF=""/cpu2026/results/res2026q2/cpu2026-20260601-00277.html"">HTML</A> <A HREF=""/cpu2026/results/res2026q2/cpu2026-20260601-00277.csv"">CSV</A> <A HREF=""/cpu2026/results/res2026q2/cpu2026-20260601-00277.pdf"">PDF</A> <A HREF=""/cpu2026/results/res2026q2/cpu2026-20260601-00277.ps"">PS</A> <A HREF=""/cpu2026/results/res2026q2/cpu2026-20260601-00277.txt"">Text</A> <A HREF=""/cpu2026/results/res2026q2/cpu2026-20260601-00277.cfg"">Config</A>"
CINT2026,"Lenovo Global Technology","ThinkSystem SR860 V4 (2.00 GHz, Intel Xeon 6788P)",0,7.46,0,0,344,4,1,"Intel Xeon 6788P",2000,"2,4 chips",64-bit,"Not Applicable","64 KB I + 48 KB D on chip per core","2 MB I+D on chip per core","336 MB I+D on chip per chip",None,"2 TB (32 x 64 GB 2Rx4 PC5-6400B-R)",,"SUSE Linux Enterprise Server 15 SP7, Kernel 6.4.0-150700.51-default",xfs,"C/C++: Version 2026.0 of Intel oneAPI DPC++/C++, Compiler for Linux;, Fortran: Version 2026.0 of Intel Fortran, Compiler for Linux",Vendor,Nov-2025,Apr-2026,9017,"Lenovo Global Technology","Lenovo Global Technology",May-2026,Jun-2026,Aug-2026,"<A HREF=""/cpu2026/results/res2026q2/cpu2026-20260518-00251.html"">HTML</A> <A HREF=""/cpu2026/results/res2026q2/cpu2026-20260518-00251.csv"">CSV</A> <A HREF=""/cpu2026/results/res2026q2/cpu2026-20260518-00251.pdf"">PDF</A> <A HREF=""/cpu2026/results/res2026q2/cpu2026-20260518-00251.ps"">PS</A> <A HREF=""/cpu2026/results/res2026q2/cpu2026-20260518-00251.txt"">Text</A> <A HREF=""/cpu2026/results/res2026q2/cpu2026-20260518-00251.cfg"">Config</A>"
CINT2026,"Lenovo Global Technology","ThinkSystem SR860 V4 (3.60 GHz, Intel Xeon 6724P)",0,5.65,0,0,64,4,2,"Intel Xeon 6724P",3600,"2,4 chips",64-bit,"Not Applicable","64 KB I + 48 KB D on chip per core","2 MB I+D on chip per core","72 MB I+D on chip per chip",None,"2 TB (32 x 64 GB 2Rx4 PC5-6400B-R)",,"SUSE Linux Enterprise Server 15 SP7, Kernel 6.4.0-150700.51-default",xfs,"C/C++: Version 2025.3 of Intel oneAPI DPC++/C++, Compiler for Linux;, Fortran: Version 2025.3 of Intel Fortran, Compiler for Linux",Vendor,Nov-2025,Jan-2026,9017,"Lenovo Global Technology","Lenovo Global Technology",Feb-2026,May-2026,Aug-2026,"<A HREF=""/cpu2026/results/res2026q2/cpu2026-20260210-00184.html"">HTML</A> <A HREF=""/cpu2026/results/res2026q2/cpu2026-20260210-00184.csv"">CSV</A> <A HREF=""/cpu2026/results/res2026q2/cpu2026-20260210-00184.pdf"">PDF</A> <A HREF=""/cpu2026/results/res2026q2/cpu2026-20260210-00184.ps"">PS</A> <A HREF=""/cpu2026/results/res2026q2/cpu2026-20260210-00184.txt"">Text</A> <A HREF=""/cpu2026/results/res2026q2/cpu2026-20260210-00184.cfg"">Config</A>"
CINT2026,"Lenovo Global Technology","ThinkSystem SR950 V3 (1.90 GHz,Intel Xeon Platinum 8490H)",0,7.54,0,0,480,8,1,"Intel Xeon Platinum 8490H",1900,"8 chips",64-bit,"Not Applicable","32 KB I + 48 KB D on chip per core","2 MB I+D on chip per core","112.5 MB I+D on chip per chip",None,"4 TB (64 x 64 GB 2Rx4 PC5-4800B-R)",,"SUSE Linux Enterprise Server 15 SP7, Kernel 6.4.0-150700.51-default",xfs,"C/C++: Version 2026.0 of Intel oneAPI DPC++/C++, Compiler for Linux;, Fortran: Version 2026.0 of Intel Fortran, Compiler for Linux",Vendor,Oct-2023,Apr-2026,9017,"Lenovo Global Technology","Lenovo Global Technology",Jun-2026,Jul-2026,Aug-2026,"<A HREF=""/cpu2026/results/res2026q3/cpu2026-20260629-00322.html"">HTML</A> <A HREF=""/cpu2026/results/res2026q3/cpu2026-20260629-00322.csv"">CSV</A> <A HREF=""/cpu2026/results/res2026q3/cpu2026-20260629-00322.pdf"">PDF</A> <A HREF=""/cpu2026/results/res2026q3/cpu2026-20260629-00322.ps"">PS</A> <A HREF=""/cpu2026/results/res2026q3/cpu2026-20260629-00322.txt"">Text</A> <A HREF=""/cpu2026/results/res2026q3/cpu2026-20260629-00322.cfg"">Config</A>"
CINT2026,"Quanta Cloud Technology","D55Q-2U (Intel Xeon 6787P)",0,6.7,0,0,172,2,1,"Intel Xeon 6787P",2000,"1,2 Chips",64-bit,"Not Applicable","64 KB I + 48 KB D on chip per core","2 MB I+D on chip per core","336 MB I+D on chip per chip",None,"1 TB (16 x 64 GB 2Rx4 PC5-6400B-R)",,"SUSE Linux Enterprise Server 15 SP6, 6.4.0-150600.21-default",xfs,"C/C++: Version 2026.0 of Intel oneAPI DPC++/C++, Compiler for Linux;, Fortran: Version 2026.0 of Intel Fortran, Compiler for Linux",Vendor,Feb-2025,Apr-2026,9050,"Quanta Computer Inc.","Quanta Computer Inc.",Jun-2026,Sep-2026,Sep-2026,"<A HREF=""/cpu2026/results/res2026q3/cpu2026-20260813-00462.html"">HTML</A> <A HREF=""/cpu2026/results/res2026q3/cpu2026-20260813-00462.csv"">CSV</A> <A HREF=""/cpu2026/results/res2026q3/cpu2026-20260813-00462.pdf"">PDF</A> <A HREF=""/cpu2026/results/res2026q3/cpu2026-20260813-00462.ps"">PS</A> <A HREF=""/cpu2026/results/res2026q3/cpu2026-20260813-00462.txt"">Text</A> <A HREF=""/cpu2026/results/res2026q3/cpu2026-20260813-00462.cfg"">Config</A>"
CINT2026,Supermicro,"Blade SBI-612BA-1NE34-LCC (B14SBE-CPU-AP , Intel Xeon 6970E+)",5.82,5.69,0,0,192,1,1,"Intel Xeon 6970E+",2300,"1 chip",64-bit,64-bit,"64 KB I + 32 KB D on chip per core","192 MB I+D on chip per chip, 4 MB shared / 4 cores","480 MB I+D on chip per chip",None,"1152 GB (12 x 96 GB 2Rx4 PC5-8000B-R)",,"Red Hat Enterprise Linux 9.7, Kernel 5.14.0-611.5.1.el9_7.x86_64",xfs,"C/C++: Version 2026.0 of Intel oneAPI DPC++/C++, Compiler for Linux;, Fortran: Version 2026.0 of Intel Fortran, Compiler for Linux",Vendor,Jun-2026,Apr-2026,1176,Supermicro,Supermicro,May-2026,Jun-2026,Aug-2026,"<A HREF=""/cpu2026/results/res2026q2/cpu2026-20260602-00293.html"">HTML</A> <A HREF=""/cpu2026/results/res2026q2/cpu2026-20260602-00293.csv"">CSV</A> <A HREF=""/cpu2026/results/res2026q2/cpu2026-20260602-00293.pdf"">PDF</A> <A HREF=""/cpu2026/results/res2026q2/cpu2026-20260602-00293.ps"">PS</A> <A HREF=""/cpu2026/results/res2026q2/cpu2026-20260602-00293.txt"">Text</A> <A HREF=""/cpu2026/results/res2026q2/cpu2026-20260602-00293.cfg"">Config</A>"
CINT2026,Supermicro,"Blade SBI-612BA-1NE34-LCC (B14SBE-CPU-AP , Intel Xeon 6980E+)",5.98,5.87,0,0,264,1,1,"Intel Xeon 6980E+",2100,"1 chip",64-bit,64-bit,"64 KB I + 32 KB D on chip per core","264 MB I+D on chip per chip, 4 MB shared / 4 cores","528 MB I+D on chip per chip",None,"1152 GB (12 x 96 GB 2Rx4 PC5-8000B-R)",,"Red Hat Enterprise Linux 9.7, Kernel 5.14.0-611.5.1.el9_7.x86_64",xfs,"C/C++: Version 2026.0 of Intel oneAPI DPC++/C++, Compiler for Linux;, Fortran: Version 2026.0 of Intel Fortran, Compiler for Linux",Vendor,Jun-2026,Apr-2026,1176,Supermicro,Supermicro,May-2026,Jun-2026,Aug-2026,"<A HREF=""/cpu2026/results/res2026q2/cpu2026-20260519-00260.html"">HTML</A> <A HREF=""/cpu2026/results/res2026q2/cpu2026-20260519-00260.csv"">CSV</A> <A HREF=""/cpu2026/results/res2026q2/cpu2026-20260519-00260.pdf"">PDF</A> <A HREF=""/cpu2026/results/res2026q2/cpu2026-20260519-00260.ps"">PS</A> <A HREF=""/cpu2026/results/res2026q2/cpu2026-20260519-00260.txt"">Text</A> <A HREF=""/cpu2026/results/res2026q2/cpu2026-20260519-00260.cfg"">Config</A>"
CINT2026,Supermicro,"Blade SBI-612BA-1NE34-LCC (B14SBE-CPU-AP , Intel Xeon 6990E+)",6.19,6.05,0,0,288,1,1,"Intel Xeon 6990E+",2200,"1 chip",64-bit,64-bit,"64 KB I + 32 KB D on chip per core","288 MB I+D on chip per chip, 4 MB shared / 4 cores","576 MB I+D on chip per chip",None,"1152 GB (12 x 96 GB 2Rx4 PC5-8000B-R)",,"Red Hat Enterprise Linux 9.7, Kernel 5.14.0-611.5.1.el9_7.x86_64",xfs,"C/C++: Version 2026.0 of Intel oneAPI DPC++/C++, Compiler for Linux;, Fortran: Version 2026.0 of Intel Fortran, Compiler for Linux",Vendor,Jun-2026,Apr-2026,1176,Supermicro,Supermicro,May-2026,Jun-2026,Aug-2026,"<A HREF=""/cpu2026/results/res2026q2/cpu2026-20260519-00267.html"">HTML</A> <A HREF=""/cpu2026/results/res2026q2/cpu2026-20260519-00267.csv"">CSV</A> <A HREF=""/cpu2026/results/res2026q2/cpu2026-20260519-00267.pdf"">PDF</A> <A HREF=""/cpu2026/results/res2026q2/cpu2026-20260519-00267.ps"">PS</A> <A HREF=""/cpu2026/results/res2026q2/cpu2026-20260519-00267.txt"">Text</A> <A HREF=""/cpu2026/results/res2026q2/cpu2026-20260519-00267.cfg"">Config</A>"
CINT2026,Supermicro,"CloudDC A+ Server AS -1116CS-TN (H14SHM , AMD EPYC 9575F)",6.38,6.38,0,0,64,1,2,"AMD EPYC 9575F",3300,"1 chip",64-bit,64-bit,"32 KB I + 48 KB D on chip per core","1 MB I+D on chip per core","256 MB I+D on chip per chip, 32 MB shared / 8 cores",None,"768 GB (12 x 64 GB 2Rx4 PC5-6400B-R)",,"Ubuntu 24.04.3 LTS, 6.8.0-94-generic",ext4,"C/C++: Version 5.1.0 of AOCC, Fortran: Flang v22",Vendor,Oct-2024,Jan-2026,1176,Supermicro,Supermicro,Feb-2026,May-2026,Aug-2026,"<A HREF=""/cpu2026/results/res2026q2/cpu2026-20260210-00215.html"">HTML</A> <A HREF=""/cpu2026/results/res2026q2/cpu2026-20260210-00215.csv"">CSV</A> <A HREF=""/cpu2026/results/res2026q2/cpu2026-20260210-00215.pdf"">PDF</A> <A HREF=""/cpu2026/results/res2026q2/cpu2026-20260210-00215.ps"">PS</A> <A HREF=""/cpu2026/results/res2026q2/cpu2026-20260210-00215.txt"">Text</A> <A HREF=""/cpu2026/results/res2026q2/cpu2026-20260210-00215.cfg"">Config</A>"
CINT2026,Supermicro,"CloudDC A+ Server AS -1116CS-TN (H14SHM , AMD EPYC 9655)",6.69,6.69,0,0,96,1,2,"AMD EPYC 9655",2600,"1 chip",64-bit,64-bit,"32 KB I + 48 KB D on chip per core","1 MB I+D on chip per core","384 MB I+D on chip per chip, 32 MB shared / 8 cores",None,"768 GB (12 x 64 GB 2Rx4 PC5-6400B-R)",,"Ubuntu 24.04.3 LTS, 6.8.0-94-generic",ext4,"C/C++: Version 5.1.0 of AOCC, Fortran: Flang v22",Vendor,Oct-2024,Jan-2026,1176,Supermicro,Supermicro,Feb-2026,May-2026,Aug-2026,"<A HREF=""/cpu2026/results/res2026q2/cpu2026-20260210-00221.html"">HTML</A> <A HREF=""/cpu2026/results/res2026q2/cpu2026-20260210-00221.csv"">CSV</A> <A HREF=""/cpu2026/results/res2026q2/cpu2026-20260210-00221.pdf"">PDF</A> <A HREF=""/cpu2026/results/res2026q2/cpu2026-20260210-00221.ps"">PS</A> <A HREF=""/cpu2026/results/res2026q2/cpu2026-20260210-00221.txt"">Text</A> <A HREF=""/cpu2026/results/res2026q2/cpu2026-20260210-00221.cfg"">Config</A>"
CINT2026,Supermicro,"CloudDC A+ Server AS -1116CS-TN (H14SHM , AMD EPYC 9755)",7.03,7.03,0,0,128,1,2,"AMD EPYC 9755",2700,"1 chip",64-bit,64-bit,"32 KB I + 48 KB D on chip per core","1 MB I+D on chip per core","512 MB I+D on chip per chip, 32 MB shared / 8 cores",None,"768 GB (12 x 64 GB 2Rx4 PC5-6400B-R)",,"Ubuntu 24.04.3 LTS, 6.8.0-90-generic",ext4,"C/C++: Version 5.1.0 of AOCC, Fortran: Flang v22",Vendor,Oct-2024,Jan-2026,1176,Supermicro,Supermicro,Feb-2026,May-2026,Aug-2026,"<A HREF=""/cpu2026/results/res2026q2/cpu2026-20260210-00227.html"">HTML</A> <A HREF=""/cpu2026/results/res2026q2/cpu2026-20260210-00227.csv"">CSV</A> <A HREF=""/cpu2026/results/res2026q2/cpu2026-20260210-00227.pdf"">PDF</A> <A HREF=""/cpu2026/results/res2026q2/cpu2026-20260210-00227.ps"">PS</A> <A HREF=""/cpu2026/results/res2026q2/cpu2026-20260210-00227.txt"">Text</A> <A HREF=""/cpu2026/results/res2026q2/cpu2026-20260210-00227.cfg"">Config</A>"
CINT2026,Supermicro,"CloudDC A+ Server AS -1116CS-TN (H14SHM , AMD EPYC 9965)",7.01,7.01,0,0,192,1,2,"AMD EPYC 9965",2250,"1 chip",64-bit,64-bit,"32 KB I + 48 KB D on chip per core","1 MB I+D on chip per core","384 MB I+D on chip per chip, 32 MB shared / 16 cores",None,"768 GB (12 x 64 GB 2Rx4 PC5-6400B-R)",,"Ubuntu 24.04.3 LTS, 6.8.0-94-generic",ext4,"C/C++: Version 5.1.0 of AOCC, Fortran: Flang v22",Vendor,Oct-2024,Jan-2026,1176,Supermicro,Supermicro,Feb-2026,May-2026,Aug-2026,"<A HREF=""/cpu2026/results/res2026q2/cpu2026-20260210-00233.html"">HTML</A> <A HREF=""/cpu2026/results/res2026q2/cpu2026-20260210-00233.csv"">CSV</A> <A HREF=""/cpu2026/results/res2026q2/cpu2026-20260210-00233.pdf"">PDF</A> <A HREF=""/cpu2026/results/res2026q2/cpu2026-20260210-00233.ps"">PS</A> <A HREF=""/cpu2026/results/res2026q2/cpu2026-20260210-00233.txt"">Text</A> <A HREF=""/cpu2026/results/res2026q2/cpu2026-20260210-00233.cfg"">Config</A>"
CINT2026,Supermicro,"Hyper A+ Server AS -1116CS-TN (H14DSH , AMD EPYC 9375F)",5.14,5.14,0,0,32,1,2,"AMD EPYC 9375F",3800,"1 chip",64-bit,64-bit,"32 KB I + 48 KB D on chip per core","1 MB I+D on chip per core","256 MB I+D on chip per chip, 32 MB shared / 4 cores",None,"768 GB (12 x 64 GB 2Rx4 PC5-6400B-R)",,"Ubuntu 24.04.3 LTS, Kernel 6.8.0-94-generic",ext4,"C/C++: Version 5.1.0 of AOCC",Vendor,Oct-2024,Jan-2026,6570,"Advanced Micro Devices (AMD)","Advanced Micro Devices (AMD)",Feb-2026,May-2026,Aug-2026,"<A HREF=""/cpu2026/results/res2026q2/cpu2026-20260210-00007.html"">HTML</A> <A HREF=""/cpu2026/results/res2026q2/cpu2026-20260210-00007.csv"">CSV</A> <A HREF=""/cpu2026/results/res2026q2/cpu2026-20260210-00007.pdf"">PDF</A> <A HREF=""/cpu2026/results/res2026q2/cpu2026-20260210-00007.ps"">PS</A> <A HREF=""/cpu2026/results/res2026q2/cpu2026-20260210-00007.txt"">Text</A> <A HREF=""/cpu2026/results/res2026q2/cpu2026-20260210-00007.cfg"">Config</A>"
CINT2026,Supermicro,"Hyper A+ Server AS -2126HS-TN (H14DSH , AMD EPYC 9575F)",7.83,7.83,0,0,128,2,2,"AMD EPYC 9575F",3300,"2 chips",64-bit,64-bit,"32 KB I + 48 KB D on chip per core","1 MB I+D on chip per core","256 MB I+D on chip per chip, 32 MB shared / 8 cores",None,"1536 GB (24 x 64 GB 2Rx4 PC5-6400B-R)",,"Ubuntu 24.04.3 LTS, 6.8.0-94-generic",ext4,"C/C++: Version 5.1.0 of AOCC, Fortran: Flang v22",Vendor,Oct-2024,Jan-2026,1176,Supermicro,Supermicro,Feb-2026,May-2026,Aug-2026,"<A HREF=""/cpu2026/results/res2026q2/cpu2026-20260210-00218.html"">HTML</A> <A HREF=""/cpu2026/results/res2026q2/cpu2026-20260210-00218.csv"">CSV</A> <A HREF=""/cpu2026/results/res2026q2/cpu2026-20260210-00218.pdf"">PDF</A> <A HREF=""/cpu2026/results/res2026q2/cpu2026-20260210-00218.ps"">PS</A> <A HREF=""/cpu2026/results/res2026q2/cpu2026-20260210-00218.txt"">Text</A> <A HREF=""/cpu2026/results/res2026q2/cpu2026-20260210-00218.cfg"">Config</A>"
CINT2026,Supermicro,"Hyper A+ Server AS -2126HS-TN (H14DSH , AMD EPYC 9655)",8.14,8.14,0,0,192,2,2,"AMD EPYC 9655",2600,"2 chips",64-bit,64-bit,"32 KB I + 48 KB D on chip per core","1 MB I+D on chip per core","384 MB I+D on chip per chip, 32 MB shared / 8 cores",None,"1536 GB (24 x 64 GB 2Rx4 PC5-6400B-R)",,"Ubuntu 24.04.3 LTS, 6.8.0-94-generic",ext4,"C/C++: Version 5.1.0 of AOCC, Fortran: Flang v22",Vendor,Oct-2024,Jan-2026,1176,Supermicro,Supermicro,Feb-2026,May-2026,Aug-2026,"<A HREF=""/cpu2026/results/res2026q2/cpu2026-20260210-00223.html"">HTML</A> <A HREF=""/cpu2026/results/res2026q2/cpu2026-20260210-00223.csv"">CSV</A> <A HREF=""/cpu2026/results/res2026q2/cpu2026-20260210-00223.pdf"">PDF</A> <A HREF=""/cpu2026/results/res2026q2/cpu2026-20260210-00223.ps"">PS</A> <A HREF=""/cpu2026/results/res2026q2/cpu2026-20260210-00223.txt"">Text</A> <A HREF=""/cpu2026/results/res2026q2/cpu2026-20260210-00223.cfg"">Config</A>"
CINT2026,Supermicro,"Hyper A+ Server AS -2126HS-TN (H14DSH , AMD EPYC 9755)",8.26,8.26,0,0,256,2,2,"AMD EPYC 9755",2700,"2 chips",64-bit,64-bit,"32 KB I + 48 KB D on chip per core","1 MB I+D on chip per core","512 MB I+D on chip per chip, 32 MB shared / 8 cores",None,"2304 GB (24 x 96 GB 2Rx4 PC5-6400B-R)",,"Ubuntu 24.04.3 LTS, 6.8.0-90-generic",ext4,"C/C++: Version 5.1.0 of AOCC, Fortran: Flang v22",Vendor,Oct-2024,Jan-2026,1176,Supermicro,Supermicro,Feb-2026,May-2026,Aug-2026,"<A HREF=""/cpu2026/results/res2026q2/cpu2026-20260210-00231.html"">HTML</A> <A HREF=""/cpu2026/results/res2026q2/cpu2026-20260210-00231.csv"">CSV</A> <A HREF=""/cpu2026/results/res2026q2/cpu2026-20260210-00231.pdf"">PDF</A> <A HREF=""/cpu2026/results/res2026q2/cpu2026-20260210-00231.ps"">PS</A> <A HREF=""/cpu2026/results/res2026q2/cpu2026-20260210-00231.txt"">Text</A> <A HREF=""/cpu2026/results/res2026q2/cpu2026-20260210-00231.cfg"">Config</A>"
CINT2026,Supermicro,"Hyper A+ Server AS -2126HS-TN (H14DSH , AMD EPYC 9965)",8.18,8.18,0,0,384,2,2,"AMD EPYC 9965",2250,"2 chips",64-bit,64-bit,"32 KB I + 48 KB D on chip per core","1 MB I+D on chip per core","384 MB I+D on chip per chip, 32 MB shared / 16 cores",None,"1536 GB (24 x 64 GB 2Rx4 PC5-6400B-R)",,"Ubuntu 24.04.3 LTS, 6.8.0-90-generic",ext4,"C/C++: Version 5.1.0 of AOCC, Fortran: Flang v22",Vendor,Oct-2024,Jan-2026,1176,Supermicro,Supermicro,Feb-2026,May-2026,Aug-2026,"<A HREF=""/cpu2026/results/res2026q2/cpu2026-20260210-00237.html"">HTML</A> <A HREF=""/cpu2026/results/res2026q2/cpu2026-20260210-00237.csv"">CSV</A> <A HREF=""/cpu2026/results/res2026q2/cpu2026-20260210-00237.pdf"">PDF</A> <A HREF=""/cpu2026/results/res2026q2/cpu2026-20260210-00237.ps"">PS</A> <A HREF=""/cpu2026/results/res2026q2/cpu2026-20260210-00237.txt"">Text</A> <A HREF=""/cpu2026/results/res2026q2/cpu2026-20260210-00237.cfg"">Config</A>"
CINT2026,Supermicro,"SuperServer SYS-112HA-TN (X14SBH-AP , Intel Xeon 6970E+)",5.79,5.67,0,0,192,1,1,"Intel Xeon 6970E+",2300,"1 chip",64-bit,64-bit,"64 KB I + 32 KB D on chip per core","192 MB I+D on chip per chip, 4 MB shared / 4 cores","480 MB I+D on chip per chip",None,"1152 GB (12 x 96 GB 2Rx4 PC5-8000B-R)",,"Red Hat Enterprise Linux 9.7, Kernel 5.14.0-611.5.1.el9_7.x86_64",xfs,"C/C++: Version 2026.0 of Intel oneAPI DPC++/C++, Compiler for Linux;, Fortran: Version 2026.0 of Intel Fortran, Compiler for Linux",Vendor,Jun-2026,Apr-2026,1176,Supermicro,Supermicro,May-2026,Jun-2026,Aug-2026,"<A HREF=""/cpu2026/results/res2026q2/cpu2026-20260602-00295.html"">HTML</A> <A HREF=""/cpu2026/results/res2026q2/cpu2026-20260602-00295.csv"">CSV</A> <A HREF=""/cpu2026/results/res2026q2/cpu2026-20260602-00295.pdf"">PDF</A> <A HREF=""/cpu2026/results/res2026q2/cpu2026-20260602-00295.ps"">PS</A> <A HREF=""/cpu2026/results/res2026q2/cpu2026-20260602-00295.txt"">Text</A> <A HREF=""/cpu2026/results/res2026q2/cpu2026-20260602-00295.cfg"">Config</A>"
CINT2026,Supermicro,"SuperServer SYS-112HA-TN (X14SBH-AP , Intel Xeon 6980E+)",5.98,5.85,0,0,264,1,1,"Intel Xeon 6980E+",2100,"1 chip",64-bit,64-bit,"64 KB I + 32 KB D on chip per core","264 MB I+D on chip per chip, 4 MB shared / 4 cores","528 MB I+D on chip per chip",None,"1152 GB (12 x 96 GB 2Rx4 PC5-8000B-R)",,"Red Hat Enterprise Linux 9.7, Kernel 5.14.0-611.5.1.el9_7.x86_64",xfs,"C/C++: Version 2026.0 of Intel oneAPI DPC++/C++, Compiler for Linux;, Fortran: Version 2026.0 of Intel Fortran, Compiler for Linux",Vendor,Jun-2026,Apr-2026,1176,Supermicro,Supermicro,May-2026,Jun-2026,Aug-2026,"<A HREF=""/cpu2026/results/res2026q2/cpu2026-20260602-00300.html"">HTML</A> <A HREF=""/cpu2026/results/res2026q2/cpu2026-20260602-00300.csv"">CSV</A> <A HREF=""/cpu2026/results/res2026q2/cpu2026-20260602-00300.pdf"">PDF</A> <A HREF=""/cpu2026/results/res2026q2/cpu2026-20260602-00300.ps"">PS</A> <A HREF=""/cpu2026/results/res2026q2/cpu2026-20260602-00300.txt"">Text</A> <A HREF=""/cpu2026/results/res2026q2/cpu2026-20260602-00300.cfg"">Config</A>"
CINT2026,Supermicro,"SuperServer SYS-112HA-TN (X14SBH-AP , Intel Xeon 6990E+)",6.14,6,0,0,288,1,1,"Intel Xeon 6990E+",2200,"1 chip",64-bit,64-bit,"64 KB I + 32 KB D on chip per core","288 MB I+D on chip per chip, 4 MB shared / 4 cores","576 MB I+D on chip per chip",None,"1152 GB (12 x 96 GB 2Rx4 PC5-8000B-R)",,"Red Hat Enterprise Linux 9.7, Kernel 5.14.0-611.5.1.el9_7.x86_64",xfs,"C/C++: Version 2026.0 of Intel oneAPI DPC++/C++, Compiler for Linux;, Fortran: Version 2026.0 of Intel Fortran, Compiler for Linux",Vendor,Jun-2026,Apr-2026,1176,Supermicro,Supermicro,May-2026,Jun-2026,Aug-2026,"<A HREF=""/cpu2026/results/res2026q2/cpu2026-20260519-00263.html"">HTML</A> <A HREF=""/cpu2026/results/res2026q2/cpu2026-20260519-00263.csv"">CSV</A> <A HREF=""/cpu2026/results/res2026q2/cpu2026-20260519-00263.pdf"">PDF</A> <A HREF=""/cpu2026/results/res2026q2/cpu2026-20260519-00263.ps"">PS</A> <A HREF=""/cpu2026/results/res2026q2/cpu2026-20260519-00263.txt"">Text</A> <A HREF=""/cpu2026/results/res2026q2/cpu2026-20260519-00263.cfg"">Config</A>"
CINT2026,Supermicro,"WIO A+ Server AS -1015SV-WTNRT (H13SVW-NT , AMD EPYC 8534P)",3.92,3.92,0,0,64,1,2,"AMD EPYC 8534P",2300,"1 chip",64-bit,64-bit,"32 KB I + 32 KB D on chip per core","1 MB I+D on chip per core","128 MB I+D on chip per chip, 16 MB shared / 8 cores",None,"384 GB (6 x 64 GB 2Rx4 PC5-4800B-R)",,"Ubuntu 24.04 LTS, 6.8.0-90-generic",ext4,"C/C++: Version 5.1.0 of AOCC, Fortran: Flang v22",Vendor,Oct-2024,Jan-2026,1176,Supermicro,Supermicro,Feb-2026,May-2026,Aug-2026,"<A HREF=""/cpu2026/results/res2026q2/cpu2026-20260210-00239.html"">HTML</A> <A HREF=""/cpu2026/results/res2026q2/cpu2026-20260210-00239.csv"">CSV</A> <A HREF=""/cpu2026/results/res2026q2/cpu2026-20260210-00239.pdf"">PDF</A> <A HREF=""/cpu2026/results/res2026q2/cpu2026-20260210-00239.ps"">PS</A> <A HREF=""/cpu2026/results/res2026q2/cpu2026-20260210-00239.txt"">Text</A> <A HREF=""/cpu2026/results/res2026q2/cpu2026-20260210-00239.cfg"">Config</A>"
CINT2026,xFusion,"FusionServer 1288 V8 (Intel Xeon 6787P)",0,6.74,0,0,172,2,1,"Intel Xeon 6787P",2000,"1,2 chips",64-bit,"Not Applicable","64 KB I + 48 KB D on chip per core","2 MB I+D on chip per core","336 MB I+D on chip per chip",None,"1 TB (16 x 64 GB 2Rx4 PC5-88/64B-H, running at 8000)",,"Red Hat Enterprise Linux 9.4 (Plow), 5.14.0-427.13.1.el9_4.x86_64",xfs,"C/C++: Version 2026.0 of Intel oneAPI DPC++/C++, Compiler for Linux;, Fortran: Version 2026.0 of Intel Fortran, Compiler for Linux",Vendor,May-2025,Apr-2026,6488,xFusion,xFusion,Jul-2026,Aug-2026,Aug-2026,"<A HREF=""/cpu2026/results/res2026q3/cpu2026-20260726-00386.html"">HTML</A> <A HREF=""/cpu2026/results/res2026q3/cpu2026-20260726-00386.csv"">CSV</A> <A HREF=""/cpu2026/results/res2026q3/cpu2026-20260726-00386.pdf"">PDF</A> <A HREF=""/cpu2026/results/res2026q3/cpu2026-20260726-00386.ps"">PS</A> <A HREF=""/cpu2026/results/res2026q3/cpu2026-20260726-00386.txt"">Text</A> <A HREF=""/cpu2026/results/res2026q3/cpu2026-20260726-00386.cfg"">Config</A>"
CINT2026,xFusion,"FusionServer 2288 V8 (Intel Xeon 6787P)",0,6.72,0,0,172,2,1,"Intel Xeon 6787P",2000,"1,2 chips",64-bit,"Not Applicable","64 KB I + 48 KB D on chip per core","2 MB I+D on chip per core","336 MB I+D on chip per chip",None,"1 TB (16 x 64 GB 2Rx4 PC5-88/64B-H, running at 8000)",,"Red Hat Enterprise Linux 9.4 (Plow), 5.14.0-427.13.1.el9_4.x86_64",xfs,"C/C++: Version 2026.0 of Intel oneAPI DPC++/C++, Compiler for Linux;, Fortran: Version 2026.0 of Intel Fortran, Compiler for Linux",Vendor,May-2025,Apr-2026,6488,xFusion,xFusion,Jul-2026,Aug-2026,Aug-2026,"<A HREF=""/cpu2026/results/res2026q3/cpu2026-20260726-00390.html"">HTML</A> <A HREF=""/cpu2026/results/res2026q3/cpu2026-20260726-00390.csv"">CSV</A> <A HREF=""/cpu2026/results/res2026q3/cpu2026-20260726-00390.pdf"">PDF</A> <A HREF=""/cpu2026/results/res2026q3/cpu2026-20260726-00390.ps"">PS</A> <A HREF=""/cpu2026/results/res2026q3/cpu2026-20260726-00390.txt"">Text</A> <A HREF=""/cpu2026/results/res2026q3/cpu2026-20260726-00390.cfg"">Config</A>"
CFP2026,"ASUSTeK Computer Inc.","ASUS RS520QA-E13-RS8U (2.25 GHz, AMD EPYC 9965)",15.2,14.8,0,0,192,1,1,"AMD EPYC 9965",2250,"1 chip",64-bit,64-bit,"32 KB I + 48 KB D on chip per core","1 MB I+D on chip per core","384 MB I+D on chip per chip, 32 MB shared / 16 cores",None,"384 GB (12 x 32 GB 2Rx4 PC5-6400B-R)",,"SUSE Linux Enterprise Server 15 SP6 (x86_64), Kernel 6.4.0-150600.21-default",xfs,"C/C++: Version 5.2.0 of AOCC, Fortran: Flang v22",Vendor,Jun-2025,May-2026,9016,"ASUSTeK Computer Inc.","ASUSTeK Computer Inc.",Jul-2026,Aug-2026,Aug-2026,"<A HREF=""/cpu2026/results/res2026q3/cpu2026-20260810-00422.html"">HTML</A> <A HREF=""/cpu2026/results/res2026q3/cpu2026-20260810-00422.csv"">CSV</A> <A HREF=""/cpu2026/results/res2026q3/cpu2026-20260810-00422.pdf"">PDF</A> <A HREF=""/cpu2026/results/res2026q3/cpu2026-20260810-00422.ps"">PS</A> <A HREF=""/cpu2026/results/res2026q3/cpu2026-20260810-00422.txt"">Text</A> <A HREF=""/cpu2026/results/res2026q3/cpu2026-20260810-00422.cfg"">Config</A>"
CFP2026,"ASUSTeK Computer Inc.","ASUS RS720-E12-RS8G (2.00 GHz, Intel Xeon 6787P)",13.9,13.9,0,0,172,2,1,"Intel Xeon 6787P",2000,"1, 2 chip(s)",64-bit,64-bit,"64 KB I + 48 KB D on chip per core","2 MB I+D on chip per core","336 MB I+D on chip per chip",None,"1 TB (16 x 64 GB 2Rx4 PC5-88/44B-M, running at 8000)",,"SUSE Linux Enterprise Server 15 SP6, Kernel 6.4.0-150600.21-default",xfs,"C/C++: Version 2026.0 of Intel oneAPI DPC++/C++, Compiler for Linux;, Fortran: Version 2026.0 of Intel Fortran, Compiler for Linux",Vendor,Jul-2025,Apr-2026,9016,"ASUSTeK Computer Inc.","ASUSTeK Computer Inc.",Aug-2026,Aug-2026,Aug-2026,"<A HREF=""/cpu2026/results/res2026q3/cpu2026-20260810-00434.html"">HTML</A> <A HREF=""/cpu2026/results/res2026q3/cpu2026-20260810-00434.csv"">CSV</A> <A HREF=""/cpu2026/results/res2026q3/cpu2026-20260810-00434.pdf"">PDF</A> <A HREF=""/cpu2026/results/res2026q3/cpu2026-20260810-00434.ps"">PS</A> <A HREF=""/cpu2026/results/res2026q3/cpu2026-20260810-00434.txt"">Text</A> <A HREF=""/cpu2026/results/res2026q3/cpu2026-20260810-00434.cfg"">Config</A>"
CFP2026,"ASUSTeK Computer Inc.","ASUS RS720A-E13-RS8U (2.25 GHz, AMD EPYC 9965)",20.5,19.6,0,0,384,2,1,"AMD EPYC 9965",2250,"1,2 chips",64-bit,64-bit,"32 KB I + 48 KB D on chip per core","1 MB I+D on chip per core","384 MB I+D on chip per chip, 32 MB shared / 16 cores",None,"768 GB (24 x 32 GB 2Rx4 PC5-6400B-R)",,"SUSE Linux Enterprise Server 15 SP6 (x86_64), Kernel 6.4.0-150600.21-default",xfs,"C/C++: Version 5.2.0 of AOCC, Fortran: Flang v22",Vendor,Mar-2025,May-2026,9016,"ASUSTeK Computer Inc.","ASUSTeK Computer Inc.",Jul-2026,Aug-2026,Sep-2026,"<A HREF=""/cpu2026/results/res2026q3/cpu2026-20260727-00414.html"">HTML</A> <A HREF=""/cpu2026/results/res2026q3/cpu2026-20260727-00414.csv"">CSV</A> <A HREF=""/cpu2026/results/res2026q3/cpu2026-20260727-00414.pdf"">PDF</A> <A HREF=""/cpu2026/results/res2026q3/cpu2026-20260727-00414.ps"">PS</A> <A HREF=""/cpu2026/results/res2026q3/cpu2026-20260727-00414.txt"">Text</A> <A HREF=""/cpu2026/results/res2026q3/cpu2026-20260727-00414.cfg"">Config</A>"
CFP2026,"Cisco Systems","Cisco UCS C240 M8 (Intel Xeon 6787P 2.00 GHz processor)",11.2,11.2,0,0,172,2,2,"Intel Xeon 6787P",2000,"1,2 Chips",64-bit,64-bit,"64 KB I + 48 KB D on chip per core","2 MB I+D on chip per core","336 MB I+D on chip per chip",None,"1 TB (16 x 64 GB 2Rx4 PC5-6400B-R)",,"SUSE Linux Enterprise Server 15 SP6, 6.4.0-150600.21-default",xfs,"C/C++: Version 2026.0 of Intel oneAPI DPC++/C++, Compiler for Linux;, Fortran: Version 2026.0 of Intel Fortran, Compiler for Linux",Vendor,May-2025,Apr-2026,9019,"Cisco Systems","Cisco Systems",Jun-2026,Jul-2026,Aug-2026,"<A HREF=""/cpu2026/results/res2026q3/cpu2026-20260629-00338.html"">HTML</A> <A HREF=""/cpu2026/results/res2026q3/cpu2026-20260629-00338.csv"">CSV</A> <A HREF=""/cpu2026/results/res2026q3/cpu2026-20260629-00338.pdf"">PDF</A> <A HREF=""/cpu2026/results/res2026q3/cpu2026-20260629-00338.ps"">PS</A> <A HREF=""/cpu2026/results/res2026q3/cpu2026-20260629-00338.txt"">Text</A> <A HREF=""/cpu2026/results/res2026q3/cpu2026-20260629-00338.cfg"">Config</A>"
CFP2026,"Dell Inc.","PowerEdge M7725 (AMD EPYC 9755 128-Core Processor)",18.6,18.6,0,0,256,2,1,"AMD EPYC 9755",2700,"1,2 chips",64-bit,64-bit,"32 KB I + 48 KB D on chip per core","1 MB I+D on chip per core","512 MB I+D on chip per chip, 32 MB shared / 8 cores",None,"1536 GB (24 x 64 GB 2Rx4 PC5-6400B-R)",,"Ubuntu 24.04.1 LTS, 6.8.0-57-generic",tmpfs,"C/C++: Version 5.1.0 of AOCC, Fortran: Flang v22",Vendor,Jan-2025,Jan-2026,6573,"Dell Inc.","Dell Inc.",Feb-2026,May-2026,Aug-2026,"<A HREF=""/cpu2026/results/res2026q2/cpu2026-20260210-00032.html"">HTML</A> <A HREF=""/cpu2026/results/res2026q2/cpu2026-20260210-00032.csv"">CSV</A> <A HREF=""/cpu2026/results/res2026q2/cpu2026-20260210-00032.pdf"">PDF</A> <A HREF=""/cpu2026/results/res2026q2/cpu2026-20260210-00032.ps"">PS</A> <A HREF=""/cpu2026/results/res2026q2/cpu2026-20260210-00032.txt"">Text</A> <A HREF=""/cpu2026/results/res2026q2/cpu2026-20260210-00032.cfg"">Config</A>"
CFP2026,"Dell Inc.","PowerEdge M7725 (AMD EPYC 9965 192-Core Processor)",17.9,17.9,0,0,384,2,2,"AMD EPYC 9965",2250,"1,2 chips",64-bit,64-bit,"32 KB I + 48 KB D on chip per core","1 MB I+D on chip per core","384 MB I+D on chip per chip, 32 MB shared / 16 cores",None,"1536 GB (24 x 64 GB 2Rx4 PC5-6400B-R)",,"Ubuntu 24.04.1 LTS, 6.8.0-57-generic",tmpfs,"C/C++: Version 5.1.0 of AOCC, Fortran: Flang v22",Vendor,Jan-2025,Jan-2026,6573,"Dell Inc.","Dell Inc.",Feb-2026,May-2026,Aug-2026,"<A HREF=""/cpu2026/results/res2026q2/cpu2026-20260210-00036.html"">HTML</A> <A HREF=""/cpu2026/results/res2026q2/cpu2026-20260210-00036.csv"">CSV</A> <A HREF=""/cpu2026/results/res2026q2/cpu2026-20260210-00036.pdf"">PDF</A> <A HREF=""/cpu2026/results/res2026q2/cpu2026-20260210-00036.ps"">PS</A> <A HREF=""/cpu2026/results/res2026q2/cpu2026-20260210-00036.txt"">Text</A> <A HREF=""/cpu2026/results/res2026q2/cpu2026-20260210-00036.cfg"">Config</A>"
CFP2026,"Dell Inc.","PowerEdge R570 (Intel Xeon 6787P)",8.99,8.7,0,0,86,1,1,"Intel Xeon 6787P",2000,"1 chip",64-bit,64-bit,"64 KB I + 48 KB D on chip per core","2 MB I+D on chip per core","336 MB I+D on chip per chip",None,"512 GB (8 x 64 GB 2Rx4 PC5-6400B-R)",,"SUSE Linux Enterprise Server 15 SP6, 6.4.0-150600.21-default",tmpfs,"C/C++: Version 2025.3 of Intel oneAPI DPC++/C++, Compiler for Linux;, Fortran: Version 2025.3 of Intel Fortran, Compiler for Linux",Vendor,Mar-2025,Nov-2025,6573,"Dell Inc.","Dell Inc.",Feb-2026,May-2026,Aug-2026,"<A HREF=""/cpu2026/results/res2026q2/cpu2026-20260210-00040.html"">HTML</A> <A HREF=""/cpu2026/results/res2026q2/cpu2026-20260210-00040.csv"">CSV</A> <A HREF=""/cpu2026/results/res2026q2/cpu2026-20260210-00040.pdf"">PDF</A> <A HREF=""/cpu2026/results/res2026q2/cpu2026-20260210-00040.ps"">PS</A> <A HREF=""/cpu2026/results/res2026q2/cpu2026-20260210-00040.txt"">Text</A> <A HREF=""/cpu2026/results/res2026q2/cpu2026-20260210-00040.cfg"">Config</A>"
CFP2026,"Dell Inc.","PowerEdge R7625 (AMD EPYC 9654 96-Core Processor)",13.2,13.2,0,0,192,2,1,"AMD EPYC 9654",2400,"1,2 chips",64-bit,64-bit,"32 KB I + 32 KB D on chip per core","1 MB I+D on chip per core","384 MB I+D on chip per chip, 32 MB shared / 8 cores",None,"2304 GB (24 x 96 GB 2Rx4 PC5-5600B-R, running at 4800)",,"Ubuntu 24.04 LTS, 6.8.0-44-generic",tmpfs,"C/C++: Version 5.1.0 of AOCC, Fortran: Flang v22",Vendor,Nov-2022,Jan-2026,6573,"Dell Inc.","Dell Inc.",Feb-2026,May-2026,Aug-2026,"<A HREF=""/cpu2026/results/res2026q2/cpu2026-20260210-00044.html"">HTML</A> <A HREF=""/cpu2026/results/res2026q2/cpu2026-20260210-00044.csv"">CSV</A> <A HREF=""/cpu2026/results/res2026q2/cpu2026-20260210-00044.pdf"">PDF</A> <A HREF=""/cpu2026/results/res2026q2/cpu2026-20260210-00044.ps"">PS</A> <A HREF=""/cpu2026/results/res2026q2/cpu2026-20260210-00044.txt"">Text</A> <A HREF=""/cpu2026/results/res2026q2/cpu2026-20260210-00044.cfg"">Config</A>"
CFP2026,"Dell Inc.","PowerEdge R7625 (AMD EPYC 9754 128-Core Processor)",12.8,12.8,0,0,256,2,1,"AMD EPYC 9754",2250,"1,2 chips",64-bit,64-bit,"32 KB I + 32 KB D on chip per core","1 MB I+D on chip per core","256 MB I+D on chip per chip, 16 MB shared / 8 cores",None,"2304 GB (24 x 96 GB 2Rx4 PC5-5600B-R, running at 4800)",,"Ubuntu 24.04 LTS, 6.8.0-44-generic",tmpfs,"C/C++: Version 5.1.0 of AOCC, Fortran: Flang v22",Vendor,Jun-2023,Jan-2026,6573,"Dell Inc.","Dell Inc.",Feb-2026,May-2026,Aug-2026,"<A HREF=""/cpu2026/results/res2026q2/cpu2026-20260210-00048.html"">HTML</A> <A HREF=""/cpu2026/results/res2026q2/cpu2026-20260210-00048.csv"">CSV</A> <A HREF=""/cpu2026/results/res2026q2/cpu2026-20260210-00048.pdf"">PDF</A> <A HREF=""/cpu2026/results/res2026q2/cpu2026-20260210-00048.ps"">PS</A> <A HREF=""/cpu2026/results/res2026q2/cpu2026-20260210-00048.txt"">Text</A> <A HREF=""/cpu2026/results/res2026q2/cpu2026-20260210-00048.cfg"">Config</A>"
CFP2026,"Dell Inc.","PowerEdge R770 (Intel Xeon 6732P)",9.22,8.73,0,0,64,2,1,"Intel Xeon 6732P",3800,"1,2 chips",64-bit,64-bit,"64 KB I + 48 KB D on chip per core","2 MB I+D on chip per core","144 MB I+D on chip per chip",None,"1 TB (16 x 64 GB 2Rx4 PC5-6400B-R)",,"SUSE Linux Enterprise Server 15 SP6, 6.4.0-150600.21-default",tmpfs,"C/C++: Version 2025.3 of Intel oneAPI DPC++/C++, Compiler for Linux;, Fortran: Version 2025.3 of Intel Fortran, Compiler for Linux",Vendor,Mar-2025,Nov-2025,6573,"Dell Inc.","Dell Inc.",Feb-2026,May-2026,Aug-2026,"<A HREF=""/cpu2026/results/res2026q2/cpu2026-20260210-00052.html"">HTML</A> <A HREF=""/cpu2026/results/res2026q2/cpu2026-20260210-00052.csv"">CSV</A> <A HREF=""/cpu2026/results/res2026q2/cpu2026-20260210-00052.pdf"">PDF</A> <A HREF=""/cpu2026/results/res2026q2/cpu2026-20260210-00052.ps"">PS</A> <A HREF=""/cpu2026/results/res2026q2/cpu2026-20260210-00052.txt"">Text</A> <A HREF=""/cpu2026/results/res2026q2/cpu2026-20260210-00052.cfg"">Config</A>"
CFP2026,"Dell Inc.","PowerEdge R770 (Intel Xeon 6780E)",7.7,7.53,0,0,288,2,1,"Intel Xeon 6780E",2200,"1,2 chips",64-bit,64-bit,"64 KB I + 32 KB D on chip per core","4 MB I+D on chip per core","108 MB I+D on chip per chip",None,"1 TB (16 x 64 GB 2Rx4 PC5-6400B-R)",,"SUSE Linux Enterprise Server 15 SP6, 6.4.0-150600.21-default",tmpfs,"C/C++: Version 2025.3 of Intel oneAPI DPC++/C++, Compiler for Linux;, Fortran: Version 2025.3 of Intel Fortran, Compiler for Linux",Vendor,Mar-2025,Nov-2025,6573,"Dell Inc.","Dell Inc.",Feb-2026,May-2026,Aug-2026,"<A HREF=""/cpu2026/results/res2026q2/cpu2026-20260210-00056.html"">HTML</A> <A HREF=""/cpu2026/results/res2026q2/cpu2026-20260210-00056.csv"">CSV</A> <A HREF=""/cpu2026/results/res2026q2/cpu2026-20260210-00056.pdf"">PDF</A> <A HREF=""/cpu2026/results/res2026q2/cpu2026-20260210-00056.ps"">PS</A> <A HREF=""/cpu2026/results/res2026q2/cpu2026-20260210-00056.txt"">Text</A> <A HREF=""/cpu2026/results/res2026q2/cpu2026-20260210-00056.cfg"">Config</A>"
CFP2026,"Dell Inc.","PowerEdge R770 (Intel Xeon 6787P)",7.92,7.47,2.43,2.28,172,2,1,"Intel Xeon 6787P",2000,"1,2 chips",64-bit,64-bit,"64 KB I + 48 KB D on chip per core","2 MB I+D on chip per core","336 MB I+D on chip per chip",None,"1 TB (16 x 64 GB 2Rx4 PC5-6400B-R, running at 4800)",,"SUSE Linux Enterprise Server 15 SP6, 6.4.0-150600.21-default",tmpfs,"C/C++: Version 2025.3 of Intel oneAPI DPC++/C++, Compiler for Linux;, Fortran: Version 2025.3 of Intel Fortran, Compiler for Linux",Vendor,Mar-2025,Nov-2025,6573,"Dell Inc.","Dell Inc.",Feb-2026,May-2026,Aug-2026,"<A HREF=""/cpu2026/results/res2026q2/cpu2026-20260210-00061.html"">HTML</A> <A HREF=""/cpu2026/results/res2026q2/cpu2026-20260210-00061.csv"">CSV</A> <A HREF=""/cpu2026/results/res2026q2/cpu2026-20260210-00061.pdf"">PDF</A> <A HREF=""/cpu2026/results/res2026q2/cpu2026-20260210-00061.ps"">PS</A> <A HREF=""/cpu2026/results/res2026q2/cpu2026-20260210-00061.txt"">Text</A> <A HREF=""/cpu2026/results/res2026q2/cpu2026-20260210-00061.cfg"">Config</A>"
CFP2026,"Dell Inc.","PowerEdge R770 (Intel Xeon 6787P)",12.8,12.3,0,0,172,2,1,"Intel Xeon 6787P",2000,"1,2 chips",64-bit,64-bit,"64 KB I + 48 KB D on chip per core","2 MB I+D on chip per core","336 MB I+D on chip per chip",None,"1 TB (16 x 64 GB 2Rx4 PC5-6400B-R)",,"SUSE Linux Enterprise Server 15 SP6, 6.4.0-150600.21-default",tmpfs,"C/C++: Version 2025.3 of Intel oneAPI DPC++/C++, Compiler for Linux;, Fortran: Version 2025.3 of Intel Fortran, Compiler for Linux",Vendor,Mar-2025,Nov-2025,6573,"Dell Inc.","Dell Inc.",Feb-2026,May-2026,Aug-2026,"<A HREF=""/cpu2026/results/res2026q2/cpu2026-20260210-00062.html"">HTML</A> <A HREF=""/cpu2026/results/res2026q2/cpu2026-20260210-00062.csv"">CSV</A> <A HREF=""/cpu2026/results/res2026q2/cpu2026-20260210-00062.pdf"">PDF</A> <A HREF=""/cpu2026/results/res2026q2/cpu2026-20260210-00062.ps"">PS</A> <A HREF=""/cpu2026/results/res2026q2/cpu2026-20260210-00062.txt"">Text</A> <A HREF=""/cpu2026/results/res2026q2/cpu2026-20260210-00062.cfg"">Config</A>"
CFP2026,"Dell Inc.","PowerEdge R770AP (Intel Xeon 6952P)",13.7,13.4,0,0,192,2,1,"Intel Xeon 6952P",2100,"1,2 chips",64-bit,64-bit,"64 KB I + 48 KB D on chip per core","2 MB I+D on chip per core","480 MB I+D on chip per chip",None,"768 GB (24 x 32 GB 2Rx8 PC5-6400B-R)",,"SUSE Linux Enterprise Server 16.0, 6.12.0-160000.5-default",tmpfs,"C/C++: Version 2025.3 of Intel oneAPI DPC++/C++, Compiler for Linux;, Fortran: Version 2025.3 of Intel Fortran, Compiler for Linux",Vendor,Dec-2025,Nov-2025,6573,"Dell Inc.","Dell Inc.",Feb-2026,May-2026,Aug-2026,"<A HREF=""/cpu2026/results/res2026q2/cpu2026-20260210-00068.html"">HTML</A> <A HREF=""/cpu2026/results/res2026q2/cpu2026-20260210-00068.csv"">CSV</A> <A HREF=""/cpu2026/results/res2026q2/cpu2026-20260210-00068.pdf"">PDF</A> <A HREF=""/cpu2026/results/res2026q2/cpu2026-20260210-00068.ps"">PS</A> <A HREF=""/cpu2026/results/res2026q2/cpu2026-20260210-00068.txt"">Text</A> <A HREF=""/cpu2026/results/res2026q2/cpu2026-20260210-00068.cfg"">Config</A>"
CFP2026,"Dell Inc.","PowerEdge R770AP (Intel Xeon 6978P)",14.6,14,0,0,240,2,1,"Intel Xeon 6978P",2100,"1,2 chips",64-bit,64-bit,"64 KB I + 48 KB D on chip per core","2 MB I+D on chip per core","504 MB I+D on chip per chip",None,"1536 GB (24 x 64 GB 2Rx4 PC5-6400B-R)",,"SUSE Linux Enterprise Server 16.0, 6.12.0-160000.5-default",tmpfs,"C/C++: Version 2025.3 of Intel oneAPI DPC++/C++, Compiler for Linux;, Fortran: Version 2025.3 of Intel Fortran, Compiler for Linux",Vendor,Dec-2025,Nov-2025,6573,"Dell Inc.","Dell Inc.",Feb-2026,May-2026,Aug-2026,"<A HREF=""/cpu2026/results/res2026q2/cpu2026-20260210-00072.html"">HTML</A> <A HREF=""/cpu2026/results/res2026q2/cpu2026-20260210-00072.csv"">CSV</A> <A HREF=""/cpu2026/results/res2026q2/cpu2026-20260210-00072.pdf"">PDF</A> <A HREF=""/cpu2026/results/res2026q2/cpu2026-20260210-00072.ps"">PS</A> <A HREF=""/cpu2026/results/res2026q2/cpu2026-20260210-00072.txt"">Text</A> <A HREF=""/cpu2026/results/res2026q2/cpu2026-20260210-00072.cfg"">Config</A>"
CFP2026,"Dell Inc.","PowerEdge R770AP (Intel Xeon 6980P)",14.7,14.4,0,0,256,2,1,"Intel Xeon 6980P",2000,"1,2 chips",64-bit,64-bit,"64 KB I + 48 KB D on chip per core","2 MB I+D on chip per core","504 MB I+D on chip per chip",None,"1536 GB (24 x 64 GB 2Rx4 PC5-6400B-R)",,"SUSE Linux Enterprise Server 16.0, 6.12.0-160000.5-default",tmpfs,"C/C++: Version 2025.3 of Intel oneAPI DPC++/C++, Compiler for Linux;, Fortran: Version 2025.3 of Intel Fortran, Compiler for Linux",Vendor,Dec-2025,Nov-2025,6573,"Dell Inc.","Dell Inc.",Feb-2026,May-2026,Aug-2026,"<A HREF=""/cpu2026/results/res2026q2/cpu2026-20260210-00076.html"">HTML</A> <A HREF=""/cpu2026/results/res2026q2/cpu2026-20260210-00076.csv"">CSV</A> <A HREF=""/cpu2026/results/res2026q2/cpu2026-20260210-00076.pdf"">PDF</A> <A HREF=""/cpu2026/results/res2026q2/cpu2026-20260210-00076.ps"">PS</A> <A HREF=""/cpu2026/results/res2026q2/cpu2026-20260210-00076.txt"">Text</A> <A HREF=""/cpu2026/results/res2026q2/cpu2026-20260210-00076.cfg"">Config</A>"
CFP2026,"Dell Inc.","PowerEdge R7715 (AMD EPYC 9845 160-Core Processor)",11.9,11.9,0,0,160,1,1,"AMD EPYC 9845",2100,"1 chip",64-bit,64-bit,"32 KB I + 48 KB D on chip per core","1 MB I+D on chip per core","320 MB I+D on chip per chip, 32 MB shared / 16 cores",None,"768 GB (12 x 64 GB 2Rx4 PC5-6400B-R, running at 5200)",,"Ubuntu 24.04.2 LTS, 6.8.0-85-generic",tmpfs,"C/C++: Version 5.1.0 of AOCC, Fortran: Flang v22",Vendor,Mar-2025,Jan-2026,6573,"Dell Inc.","Dell Inc.",Feb-2026,May-2026,Aug-2026,"<A HREF=""/cpu2026/results/res2026q2/cpu2026-20260210-00080.html"">HTML</A> <A HREF=""/cpu2026/results/res2026q2/cpu2026-20260210-00080.csv"">CSV</A> <A HREF=""/cpu2026/results/res2026q2/cpu2026-20260210-00080.pdf"">PDF</A> <A HREF=""/cpu2026/results/res2026q2/cpu2026-20260210-00080.ps"">PS</A> <A HREF=""/cpu2026/results/res2026q2/cpu2026-20260210-00080.txt"">Text</A> <A HREF=""/cpu2026/results/res2026q2/cpu2026-20260210-00080.cfg"">Config</A>"
CFP2026,"Dell Inc.","PowerEdge R7725 (AMD EPYC 9755 128-Core Processor)",18.3,18.3,0,0,256,2,2,"AMD EPYC 9755",2700,"1,2 chips",64-bit,64-bit,"32 KB I + 48 KB D on chip per core","1 MB I+D on chip per core","512 MB I+D on chip per chip, 32 MB shared / 8 cores",None,"3 TB (24 x 128 GB 2Rx4 PC5-6400B-R)",,"Ubuntu 24.04 LTS, 6.8.0-87-generic",tmpfs,"C/C++: Version 5.1.0 of AOCC, Fortran: Flang v22",Vendor,Nov-2025,Jan-2026,6573,"Dell Inc.","Dell Inc.",Feb-2026,May-2026,Aug-2026,"<A HREF=""/cpu2026/results/res2026q2/cpu2026-20260210-00085.html"">HTML</A> <A HREF=""/cpu2026/results/res2026q2/cpu2026-20260210-00085.csv"">CSV</A> <A HREF=""/cpu2026/results/res2026q2/cpu2026-20260210-00085.pdf"">PDF</A> <A HREF=""/cpu2026/results/res2026q2/cpu2026-20260210-00085.ps"">PS</A> <A HREF=""/cpu2026/results/res2026q2/cpu2026-20260210-00085.txt"">Text</A> <A HREF=""/cpu2026/results/res2026q2/cpu2026-20260210-00085.cfg"">Config</A>"
CFP2026,"Dell Inc.","PowerEdge R7725 (AMD EPYC 9965 192-Core Processor)",17.8,17.8,0,0,384,2,2,"AMD EPYC 9965",2250,"1,2 chips",64-bit,64-bit,"32 KB I + 48 KB D on chip per core","1 MB I+D on chip per core","384 MB I+D on chip per chip, 32 MB shared / 16 cores",None,"1536 GB (24 x 64 GB 2Rx4 PC5-6400B-R)",,"Ubuntu 24.04.2 LTS, 6.8.0-55-generic",tmpfs,"C/C++: Version 5.1.0 of AOCC, Fortran: Flang v22",Vendor,Mar-2025,Jan-2026,6573,"Dell Inc.","Dell Inc.",Feb-2026,May-2026,Aug-2026,"<A HREF=""/cpu2026/results/res2026q2/cpu2026-20260210-00090.html"">HTML</A> <A HREF=""/cpu2026/results/res2026q2/cpu2026-20260210-00090.csv"">CSV</A> <A HREF=""/cpu2026/results/res2026q2/cpu2026-20260210-00090.pdf"">PDF</A> <A HREF=""/cpu2026/results/res2026q2/cpu2026-20260210-00090.ps"">PS</A> <A HREF=""/cpu2026/results/res2026q2/cpu2026-20260210-00090.txt"">Text</A> <A HREF=""/cpu2026/results/res2026q2/cpu2026-20260210-00090.cfg"">Config</A>"
CFP2026,"Dell Inc.","PowerEdge XR8720t (Intel Xeon 6776P-B)",0,7.74,0,0,72,1,2,"Intel Xeon 6776P-B",2300,"1 chip",64-bit,"Not Applicable","64 KB I + 48 KB D on chip per core","2 MB I+D on chip per core","288 MB I+D on chip per chip",None,"512 GB (8 x 64 GB 2Rx4 PC5-6400B-R)",,"Red Hat Enterprise Linux 10.0 (Coughlan), 6.12.0-55.9.1.el10_0.x86_64",tmpfs,"C/C++: Version 2025.3 of Intel oneAPI DPC++/C++, Compiler for Linux;, Fortran: Version 2025.3 of Intel Fortran, Compiler for Linux",Vendor,Mar-2026,Nov-2025,6573,"Dell Inc.","Dell Inc.",Feb-2026,May-2026,Aug-2026,"<A HREF=""/cpu2026/results/res2026q2/cpu2026-20260210-00094.html"">HTML</A> <A HREF=""/cpu2026/results/res2026q2/cpu2026-20260210-00094.csv"">CSV</A> <A HREF=""/cpu2026/results/res2026q2/cpu2026-20260210-00094.pdf"">PDF</A> <A HREF=""/cpu2026/results/res2026q2/cpu2026-20260210-00094.ps"">PS</A> <A HREF=""/cpu2026/results/res2026q2/cpu2026-20260210-00094.txt"">Text</A> <A HREF=""/cpu2026/results/res2026q2/cpu2026-20260210-00094.cfg"">Config</A>"
CFP2026,"Fsas Technologies Inc.","PRIMERGY RX1330 M6, Intel Xeon 6369P, 3.3 GHz",0,1.68,0,0,8,1,2,"Xeon 6369P",3300,"1 chip",64-bit,"Not Applicable","32 KB I + 48 KB D on chip per core","2 MB I+D on chip per core","24 MB I+D on chip per chip",None,"64 GB (2 x 32 GB 2Rx8 PC5-4800B-E, running at 4400)",,"SUSE Linux Enterprise Server 15 SP6, 6.4.0-150600.21-default",xfs,"C/C++: Version 2026.0 of Intel oneAPI DPC++/C++, Compiler for Linux;, Fortran: Version 2026.0 of Intel Fortran, Compiler for Linux",Vendor,Apr-2025,Apr-2026,19,"Fsas Technologies Inc.",Fujitsu,Jun-2026,Jun-2026,Aug-2026,"<A HREF=""/cpu2026/results/res2026q2/cpu2026-20260612-00306.html"">HTML</A> <A HREF=""/cpu2026/results/res2026q2/cpu2026-20260612-00306.csv"">CSV</A> <A HREF=""/cpu2026/results/res2026q2/cpu2026-20260612-00306.pdf"">PDF</A> <A HREF=""/cpu2026/results/res2026q2/cpu2026-20260612-00306.ps"">PS</A> <A HREF=""/cpu2026/results/res2026q2/cpu2026-20260612-00306.txt"">Text</A> <A HREF=""/cpu2026/results/res2026q2/cpu2026-20260612-00306.cfg"">Config</A>"
CFP2026,"Fsas Technologies Inc.","PRIMERGY RX2540 M8, Intel Xeon 6787P, 2.00GHz",0,13.4,0,0,172,2,1,"Intel Xeon 6787P",2000,"1,2 chips",64-bit,"Not Applicable","64 KB I + 48 KB D on chip per core","2 MB I+D on chip per core","336 MB I+D on chip per chip",None,"512 GB (16 x 32 GB 2Rx8 PC5-88/56B-M, running at 8000)",,"SUSE Linux Enterprise Server 15 SP7, 6.4.0-150700.51-default",btrfs,"C/C++: Version 2026.0 of Intel oneAPI DPC++/C++, Compiler for Linux;, Fortran: Version 2026.0 of Intel Fortran, Compiler for Linux",Vendor,Oct-2025,Apr-2026,19,"Fsas Technologies Inc.",Fujitsu,Jun-2026,Jun-2026,Aug-2026,"<A HREF=""/cpu2026/results/res2026q2/cpu2026-20260602-00301.html"">HTML</A> <A HREF=""/cpu2026/results/res2026q2/cpu2026-20260602-00301.csv"">CSV</A> <A HREF=""/cpu2026/results/res2026q2/cpu2026-20260602-00301.pdf"">PDF</A> <A HREF=""/cpu2026/results/res2026q2/cpu2026-20260602-00301.ps"">PS</A> <A HREF=""/cpu2026/results/res2026q2/cpu2026-20260602-00301.txt"">Text</A> <A HREF=""/cpu2026/results/res2026q2/cpu2026-20260602-00301.cfg"">Config</A>"
CFP2026,"GIGA-BYTE TECHNOLOGY CO., LTD.","R2A3-T40-AAV1 (3.20 GHz AmpereOneM A192-32M)",5.69,5.59,2.62,2.58,192,1,1,"AmpereOneM A192-32M",3200,"1 chip",64-bit,64-bit,"16 KB I + 64 KB D on chip per core","2 MB I+D on chip per core","64 MB I+D on chip per chip",None,"768 GB (12 x 64 GB 2Rx4 PC5-5600B-R)",,"Fedora Linux 43 (Server Edition), 6.17.5-200.64K_PS.fc42.aarch64",xfs,"C/C++/Fortran: Version 15.2.0 of GCC",Community,Nov-2025,Oct-2025,6412,"Ampere Computing, Inc.","Ampere Computing, Inc.",Feb-2026,May-2026,Aug-2026,"<A HREF=""/cpu2026/results/res2026q2/cpu2026-20260210-00012.html"">HTML</A> <A HREF=""/cpu2026/results/res2026q2/cpu2026-20260210-00012.csv"">CSV</A> <A HREF=""/cpu2026/results/res2026q2/cpu2026-20260210-00012.pdf"">PDF</A> <A HREF=""/cpu2026/results/res2026q2/cpu2026-20260210-00012.ps"">PS</A> <A HREF=""/cpu2026/results/res2026q2/cpu2026-20260210-00012.txt"">Text</A> <A HREF=""/cpu2026/results/res2026q2/cpu2026-20260210-00012.cfg"">Config</A>"
CFP2026,"Hewlett Packard Enterprise","ProLiant Compute DL320 Gen12 (2.00 GHz, Intel Xeon 6787P)",7.97,7.97,0,0,86,1,2,"Intel Xeon 6787P",2000,"1 Chip",64-bit,64-bit,"64 KB I + 48 KB D on chip per core","2 MB I+D on chip per core","336 MB I+D on chip per chip",None,"256 GB (8 x 32 GB 2Rx8 PC5-6400B-R)",,"Ubuntu 24.04.3 LTS, Kernel 6.8.0-90-generic",ext4,"C/C++: Version 2025.3 of Intel oneAPI DPC++/C++, Compiler for Linux;, Fortran: Version 2025.3 of Intel Fortran, Compiler for Linux",Vendor,Mar-2025,Jan-2026,3,HPE,HPE,Feb-2026,May-2026,Aug-2026,"<A HREF=""/cpu2026/results/res2026q2/cpu2026-20260210-00098.html"">HTML</A> <A HREF=""/cpu2026/results/res2026q2/cpu2026-20260210-00098.csv"">CSV</A> <A HREF=""/cpu2026/results/res2026q2/cpu2026-20260210-00098.pdf"">PDF</A> <A HREF=""/cpu2026/results/res2026q2/cpu2026-20260210-00098.ps"">PS</A> <A HREF=""/cpu2026/results/res2026q2/cpu2026-20260210-00098.txt"">Text</A> <A HREF=""/cpu2026/results/res2026q2/cpu2026-20260210-00098.cfg"">Config</A>"
CFP2026,"Hewlett Packard Enterprise","ProLiant Compute DL325 Gen12 (2.25 GHz, AMD EPYC 9965)",12.9,12.9,0,0,192,1,2,"AMD EPYC 9965",2250,"1 Chip",64-bit,64-bit,"32 KB I + 48 KB D on chip per core","1 MB I+D on chip per core","384 MB I+D on chip per chip, 32 MB shared / 16 cores",None,"1536 GB (12 x 128 GB 2Rx4 PC5-6400B-R, running at 5200)",,"Ubuntu 24.04.3 LTS, Kernel 6.8.0-94-generic",ext4,"C/C++: Version 5.1.0 of AOCC, Fortran: Flang v22",Vendor,Jul-2025,Jan-2026,3,HPE,HPE,Feb-2026,May-2026,Aug-2026,"<A HREF=""/cpu2026/results/res2026q2/cpu2026-20260210-00102.html"">HTML</A> <A HREF=""/cpu2026/results/res2026q2/cpu2026-20260210-00102.csv"">CSV</A> <A HREF=""/cpu2026/results/res2026q2/cpu2026-20260210-00102.pdf"">PDF</A> <A HREF=""/cpu2026/results/res2026q2/cpu2026-20260210-00102.ps"">PS</A> <A HREF=""/cpu2026/results/res2026q2/cpu2026-20260210-00102.txt"">Text</A> <A HREF=""/cpu2026/results/res2026q2/cpu2026-20260210-00102.cfg"">Config</A>"
CFP2026,"Hewlett Packard Enterprise","ProLiant Compute DL325 Gen12 (2.70 GHz, AMD EPYC 9755)",10.8,10.8,0,0,128,1,2,"AMD EPYC 9755",2700,"1 Chip",64-bit,64-bit,"32 KB I + 48 KB D on chip per core","1 MB I+D on chip per core","512 MB I+D on chip per chip, 32 MB shared / 8 cores",None,"1536 GB (12 x 128 GB 2Rx4 PC5-6400B-R, running at 5200)",,"Ubuntu 24.04.3 LTS, Kernel 6.8.0-94-generic",ext4,"C/C++: Version 5.1.0 of AOCC, Fortran: Flang v22",Vendor,Jul-2025,Jan-2026,3,HPE,HPE,Feb-2026,May-2026,Aug-2026,"<A HREF=""/cpu2026/results/res2026q2/cpu2026-20260210-00107.html"">HTML</A> <A HREF=""/cpu2026/results/res2026q2/cpu2026-20260210-00107.csv"">CSV</A> <A HREF=""/cpu2026/results/res2026q2/cpu2026-20260210-00107.pdf"">PDF</A> <A HREF=""/cpu2026/results/res2026q2/cpu2026-20260210-00107.ps"">PS</A> <A HREF=""/cpu2026/results/res2026q2/cpu2026-20260210-00107.txt"">Text</A> <A HREF=""/cpu2026/results/res2026q2/cpu2026-20260210-00107.cfg"">Config</A>"
CFP2026,"Hewlett Packard Enterprise","ProLiant Compute DL380 Gen12 (2.00 GHz, Intel Xeon 6787P)",11,11,0,0,172,2,1,"Intel Xeon 6787P",2000,"1,2 chips",64-bit,64-bit,"64 KB I + 48 KB D on chip per core","2 MB I+D on chip per core","336 MB I+D on chip per chip",None,"512 GB (16 x 32 GB 2Rx8 PC5-6400B-R)",,"Ubuntu 24.04.3 LTS, Kernel 6.8.0-90-generic",ext4,"C/C++: Version 2025.3 of Intel oneAPI DPC++/C++, Compiler for Linux;, Fortran: Version 2025.3 of Intel Fortran, Compiler for Linux",Vendor,Mar-2025,Jan-2026,3,HPE,HPE,Feb-2026,May-2026,Aug-2026,"<A HREF=""/cpu2026/results/res2026q2/cpu2026-20260210-00109.html"">HTML</A> <A HREF=""/cpu2026/results/res2026q2/cpu2026-20260210-00109.csv"">CSV</A> <A HREF=""/cpu2026/results/res2026q2/cpu2026-20260210-00109.pdf"">PDF</A> <A HREF=""/cpu2026/results/res2026q2/cpu2026-20260210-00109.ps"">PS</A> <A HREF=""/cpu2026/results/res2026q2/cpu2026-20260210-00109.txt"">Text</A> <A HREF=""/cpu2026/results/res2026q2/cpu2026-20260210-00109.cfg"">Config</A>"
CFP2026,"Hewlett Packard Enterprise","ProLiant Compute DL580 Gen12 (2.00 Ghz, Intel Xeon 6788P)",5.87,5.87,0,0,344,4,1,"Intel Xeon 6788P",2000,"1,2,4 Chips",64-bit,64-bit,"64 KB I + 48 KB D on chip per core","2 MB I+D on chip per core","336 MB I+D on chip per chip",None,"2 TB (32 x 64 GB 2Rx4 PC5-6400B-R)",,"Ubuntu 24.04.3 LTS, Kernel 6.8.0-94-generic",ext4,"C/C++: Version 2025.3 of Intel oneAPI DPC++/C++, Compiler for Linux;, Fortran: Version 2025.3 of Intel Fortran, Compiler for Linux",Vendor,Jul-2025,Jan-2026,3,HPE,HPE,Feb-2026,May-2026,Aug-2026,"<A HREF=""/cpu2026/results/res2026q2/cpu2026-20260210-00117.html"">HTML</A> <A HREF=""/cpu2026/results/res2026q2/cpu2026-20260210-00117.csv"">CSV</A> <A HREF=""/cpu2026/results/res2026q2/cpu2026-20260210-00117.pdf"">PDF</A> <A HREF=""/cpu2026/results/res2026q2/cpu2026-20260210-00117.ps"">PS</A> <A HREF=""/cpu2026/results/res2026q2/cpu2026-20260210-00117.txt"">Text</A> <A HREF=""/cpu2026/results/res2026q2/cpu2026-20260210-00117.cfg"">Config</A>"
CFP2026,"Hewlett Packard Enterprise","ProLiant DL20 Gen11 (3.10 GHz, Intel Xeon 6377P)",1.89,1.89,0,0,12,1,1,"Intel Xeon 6377P",3100,"1 Chip",64-bit,64-bit,"32 KB I + 48 KB D on chip per core","2 MB I+D on chip per core","36 MB I+D on chip per chip",None,"64 GB (2 x 32 GB 2Rx8 PC5-5600B-E, running at 4400)",,"SUSE Linux Enterprise Server 15 SP7, Kernel 6.4.0-150700.53.6-default",btrfs,"C/C++: Version 2026.0 of Intel oneAPI DPC++/C++, Compiler for Linux;, Fortran: Version 2026.0 of Intel Fortran, Compiler for Linux",Vendor,Sep-2026,Apr-2026,3,HPE,HPE,Jul-2026,Sep-2026,Sep-2026,"<A HREF=""/cpu2026/results/res2026q3/cpu2026-20260820-00465.html"">HTML</A> <A HREF=""/cpu2026/results/res2026q3/cpu2026-20260820-00465.csv"">CSV</A> <A HREF=""/cpu2026/results/res2026q3/cpu2026-20260820-00465.pdf"">PDF</A> <A HREF=""/cpu2026/results/res2026q3/cpu2026-20260820-00465.ps"">PS</A> <A HREF=""/cpu2026/results/res2026q3/cpu2026-20260820-00465.txt"">Text</A> <A HREF=""/cpu2026/results/res2026q3/cpu2026-20260820-00465.cfg"">Config</A>"
CFP2026,"Hewlett Packard Enterprise","ProLiant DL325 Gen11 (2.10 GHz, AMD EPYC 9845)",12.5,12.5,0,0,160,1,1,"AMD EPYC 9845",2100,"1 Chip",64-bit,64-bit,"32 KB I + 48 KB D on chip per core","1 MB I+D on chip per core","320 MB I+D on chip per chip, 32 MB shared / 16 cores",None,"768 GB (12 x 64 GB 2Rx4 PC5-6400B-R)",,"Ubuntu 24.04.3 LTS, Kernel 6.8.0-94-generic",ext4,"C/C++: Version 5.1.0 of AOCC, Fortran: Flang v22",Vendor,Mar-2025,Jan-2026,3,HPE,HPE,Feb-2026,May-2026,Aug-2026,"<A HREF=""/cpu2026/results/res2026q2/cpu2026-20260210-00122.html"">HTML</A> <A HREF=""/cpu2026/results/res2026q2/cpu2026-20260210-00122.csv"">CSV</A> <A HREF=""/cpu2026/results/res2026q2/cpu2026-20260210-00122.pdf"">PDF</A> <A HREF=""/cpu2026/results/res2026q2/cpu2026-20260210-00122.ps"">PS</A> <A HREF=""/cpu2026/results/res2026q2/cpu2026-20260210-00122.txt"">Text</A> <A HREF=""/cpu2026/results/res2026q2/cpu2026-20260210-00122.cfg"">Config</A>"
CFP2026,"Hewlett Packard Enterprise","ProLiant DL325 Gen11 (2.25 GHz, AMD EPYC 9754)",8.87,8.87,0,0,128,1,1,"AMD EPYC 9754",2250,"1 Chip",64-bit,64-bit,"32 KB I + 32 KB D on chip per core","1 MB I+D on chip per core","256 MB I+D on chip per chip, 16 MB shared / 8 cores",None,"768 GB (12 x 64 GB 2Rx4 PC5-4800B-R)",,"Ubuntu 24.04.3 LTS, Kernel 6.8.0-90-generic",ext4,"C/C++: Version 5.1.0 of AOCC, Fortran: Flang v22",Vendor,Aug-2023,Jan-2026,3,HPE,HPE,Feb-2026,May-2026,Aug-2026,"<A HREF=""/cpu2026/results/res2026q2/cpu2026-20260210-00126.html"">HTML</A> <A HREF=""/cpu2026/results/res2026q2/cpu2026-20260210-00126.csv"">CSV</A> <A HREF=""/cpu2026/results/res2026q2/cpu2026-20260210-00126.pdf"">PDF</A> <A HREF=""/cpu2026/results/res2026q2/cpu2026-20260210-00126.ps"">PS</A> <A HREF=""/cpu2026/results/res2026q2/cpu2026-20260210-00126.txt"">Text</A> <A HREF=""/cpu2026/results/res2026q2/cpu2026-20260210-00126.cfg"">Config</A>"
CFP2026,"Hewlett Packard Enterprise","ProLiant DL385 Gen11 (2.10 GHz, AMD EPYC 9845)",16.6,16.6,0,0,320,2,1,"AMD EPYC 9845",2100,"1,2 chips",64-bit,64-bit,"32 KB I + 48 KB D on chip per core","1 MB I+D on chip per core","320 MB I+D on chip per chip, 32 MB shared / 16 cores",None,"1536 GB (24 x 64 GB 2Rx4 PC5-6400B-R)",,"Ubuntu 24.04.3 LTS, Kernel 6.8.0-90-generic",ext4,"C/C++: Version 5.1.0 of AOCC, Fortran: Flang v22",Vendor,Mar-2025,Jan-2026,3,HPE,HPE,Feb-2026,May-2026,Aug-2026,"<A HREF=""/cpu2026/results/res2026q2/cpu2026-20260210-00132.html"">HTML</A> <A HREF=""/cpu2026/results/res2026q2/cpu2026-20260210-00132.csv"">CSV</A> <A HREF=""/cpu2026/results/res2026q2/cpu2026-20260210-00132.pdf"">PDF</A> <A HREF=""/cpu2026/results/res2026q2/cpu2026-20260210-00132.ps"">PS</A> <A HREF=""/cpu2026/results/res2026q2/cpu2026-20260210-00132.txt"">Text</A> <A HREF=""/cpu2026/results/res2026q2/cpu2026-20260210-00132.cfg"">Config</A>"
CFP2026,"Hewlett Packard Enterprise","ProLiant DL385 Gen11 (2.25 GHz, AMD EPYC 9754)",13,13,0,0,256,2,1,"AMD EPYC 9754",2250,"1,2 chips",64-bit,64-bit,"32 KB I + 32 KB D on chip per core","1 MB I+D on chip per core","256 MB I+D on chip per chip, 16 MB shared / 8 cores",None,"3 TB (24 x 128 GB 2Rx4 PC5-4800B-R)",,"Ubuntu 24.04.3 LTS, Kernel 6.8.0-94-generic",ext4,"C/C++: Version 5.1.0 of AOCC, Fortran: Flang v22",Vendor,Jun-2023,Jan-2026,3,HPE,HPE,Feb-2026,May-2026,Aug-2026,"<A HREF=""/cpu2026/results/res2026q2/cpu2026-20260210-00136.html"">HTML</A> <A HREF=""/cpu2026/results/res2026q2/cpu2026-20260210-00136.csv"">CSV</A> <A HREF=""/cpu2026/results/res2026q2/cpu2026-20260210-00136.pdf"">PDF</A> <A HREF=""/cpu2026/results/res2026q2/cpu2026-20260210-00136.ps"">PS</A> <A HREF=""/cpu2026/results/res2026q2/cpu2026-20260210-00136.txt"">Text</A> <A HREF=""/cpu2026/results/res2026q2/cpu2026-20260210-00136.cfg"">Config</A>"
CFP2026,"Hewlett Packard Enterprise","ProLiant ML30 Gen11 (3.10 GHz, Intel Xeon 6377P)",1.9,1.9,0,0,12,1,1,"Intel Xeon 6377P",3100,"1 Chip",64-bit,64-bit,"32 KB I + 48 KB D on chip per core","2 MB I+D on chip per core","36 MB I+D on chip per chip",None,"64 GB (2 x 32 GB 2Rx8 PC5-5600B-E, running at 4400)",,"SUSE Linux Enterprise Server 15 SP7, Kernel 6.4.0-150700.53.6-default",btrfs,"C/C++: Version 2026.0 of Intel oneAPI DPC++/C++, Compiler for Linux;, Fortran: Version 2026.0 of Intel Fortran, Compiler for Linux",Vendor,Sep-2026,Apr-2026,3,HPE,HPE,Jul-2026,Sep-2026,Sep-2026,"<A HREF=""/cpu2026/results/res2026q3/cpu2026-20260820-00472.html"">HTML</A> <A HREF=""/cpu2026/results/res2026q3/cpu2026-20260820-00472.csv"">CSV</A> <A HREF=""/cpu2026/results/res2026q3/cpu2026-20260820-00472.pdf"">PDF</A> <A HREF=""/cpu2026/results/res2026q3/cpu2026-20260820-00472.ps"">PS</A> <A HREF=""/cpu2026/results/res2026q3/cpu2026-20260820-00472.txt"">Text</A> <A HREF=""/cpu2026/results/res2026q3/cpu2026-20260820-00472.cfg"">Config</A>"
CFP2026,"Hewlett Packard Enterprise","ProLiant MicroServer Gen11 (3.10 GHz, Intel Xeon 6377P)",1.88,1.87,0,0,12,1,1,"Intel Xeon 6377P",3100,"1 Chip",64-bit,64-bit,"32 KB I + 48 KB D on chip per core","2 MB I+D on chip per core","36 MB I+D on chip per chip",None,"64 GB (2 x 32 GB 2Rx8 PC5-5600B-E, running at 4400)",,"SUSE Linux Enterprise Server 15 SP7, Kernel 6.4.0-150700.53.6-default",btrfs,"C/C++: Version 2026.0 of Intel oneAPI DPC++/C++, Compiler for Linux;, Fortran: Version 2026.0 of Intel Fortran, Compiler for Linux",Vendor,Sep-2026,Apr-2026,3,HPE,HPE,Jul-2026,Sep-2026,Sep-2026,"<A HREF=""/cpu2026/results/res2026q3/cpu2026-20260820-00469.html"">HTML</A> <A HREF=""/cpu2026/results/res2026q3/cpu2026-20260820-00469.csv"">CSV</A> <A HREF=""/cpu2026/results/res2026q3/cpu2026-20260820-00469.pdf"">PDF</A> <A HREF=""/cpu2026/results/res2026q3/cpu2026-20260820-00469.ps"">PS</A> <A HREF=""/cpu2026/results/res2026q3/cpu2026-20260820-00469.txt"">Text</A> <A HREF=""/cpu2026/results/res2026q3/cpu2026-20260820-00469.cfg"">Config</A>"
CFP2026,"Lenovo Global Technology","ThinkSystem HR330A (3.00 GHz Ampere eMAG 8180)",1.04,1,1.02,1,32,1,1,"Ampere eMAG 8180",3000,"1 chips",64-bit,64-bit,"32 KB I + 32 KB D on chip per core","4 MB I+D on chip per chip (256 KB shared / 2 cores)","32 MB I+D on chip per chip",None,"128 GB (8 x 16 GB 2Rx4 PC4-2666V-R)",,"Ubuntu 24.04.1 LTS kernel 6.8.0 (64KB pages)",ext4,"C/C++/Fortran: Version 15.2.0 of GCC",Community,Apr-2019,Aug-2025,6412,"Ampere Computing, Inc.","Ampere Computing, Inc.",Feb-2026,May-2026,Aug-2026,"<A HREF=""/cpu2026/results/res2026q2/cpu2026-20260210-00002.html"">HTML</A> <A HREF=""/cpu2026/results/res2026q2/cpu2026-20260210-00002.csv"">CSV</A> <A HREF=""/cpu2026/results/res2026q2/cpu2026-20260210-00002.pdf"">PDF</A> <A HREF=""/cpu2026/results/res2026q2/cpu2026-20260210-00002.ps"">PS</A> <A HREF=""/cpu2026/results/res2026q2/cpu2026-20260210-00002.txt"">Text</A> <A HREF=""/cpu2026/results/res2026q2/cpu2026-20260210-00002.cfg"">Config</A>"
CFP2026,"Lenovo Global Technology","ThinkSystem SD535 V3 (2.70 GHz, AMD EPYC 9755)",13.9,13.9,0,0,128,1,2,"AMD EPYC 9755",2700,"1 chip",64-bit,64-bit,"32 KB I + 48 KB D on chip per core","1 MB I+D on chip per core","512 MB I+D on chip per chip, 32 MB shared / 8 cores",None,"384 GB (12 x 32 GB 2Rx8 PC5-6400B-R)",,"SUSE Linux Enterprise Server 15 SP7, Kernel 6.4.0-150700.51-default",xfs,"C/C++: Version 5.1.0 of AOCC, Fortran: Flang v22",Vendor,Jul-2025,Jan-2026,9017,"Lenovo Global Technology","Lenovo Global Technology",Feb-2026,May-2026,Aug-2026,"<A HREF=""/cpu2026/results/res2026q2/cpu2026-20260210-00156.html"">HTML</A> <A HREF=""/cpu2026/results/res2026q2/cpu2026-20260210-00156.csv"">CSV</A> <A HREF=""/cpu2026/results/res2026q2/cpu2026-20260210-00156.pdf"">PDF</A> <A HREF=""/cpu2026/results/res2026q2/cpu2026-20260210-00156.ps"">PS</A> <A HREF=""/cpu2026/results/res2026q2/cpu2026-20260210-00156.txt"">Text</A> <A HREF=""/cpu2026/results/res2026q2/cpu2026-20260210-00156.cfg"">Config</A>"
CFP2026,"Lenovo Global Technology","ThinkSystem SR630 V4 (2.80 GHz, Intel Xeon 6503P)",0,3.68,0,0,16,2,2,"Intel Xeon 6503P",2800,"1,2 chips",64-bit,"Not Applicable","64 KB I + 48 KB D on chip per core","2 MB I+D on chip per core","48 MB I+D on chip per chip",None,"512 GB (16 x 32 GB 2Rx8 PC5-6400B-R)",,"SUSE Linux Enterprise Server 15 SP7, Kernel 6.4.0-150700.51-default",xfs,"C/C++: Version 2026.0 of Intel oneAPI DPC++/C++, Compiler for Linux;, Fortran: Version 2026.0 of Intel Fortran, Compiler for Linux",Vendor,Aug-2026,Apr-2026,9017,"Lenovo Global Technology","Lenovo Global Technology",Aug-2026,Aug-2026,Aug-2026,"<A HREF=""/cpu2026/results/res2026q3/cpu2026-20260810-00430.html"">HTML</A> <A HREF=""/cpu2026/results/res2026q3/cpu2026-20260810-00430.csv"">CSV</A> <A HREF=""/cpu2026/results/res2026q3/cpu2026-20260810-00430.pdf"">PDF</A> <A HREF=""/cpu2026/results/res2026q3/cpu2026-20260810-00430.ps"">PS</A> <A HREF=""/cpu2026/results/res2026q3/cpu2026-20260810-00430.txt"">Text</A> <A HREF=""/cpu2026/results/res2026q3/cpu2026-20260810-00430.cfg"">Config</A>"
CFP2026,"Lenovo Global Technology","ThinkSystem SR650 V3 (1.90 GHz,Intel Xeon Platinum 8592+)",0,10.4,0,0,128,2,1,"Intel Xeon Platinum 8592+",1900,"1,2 chips",64-bit,"Not Applicable","32 KB I + 48 KB D on chip per core","2 MB I+D on chip per core","320 MB I+D on chip per chip",None,"512 GB (16 x 32 GB 2Rx8 PC5-5600B-R)",,"SUSE Linux Enterprise Server 16.0, Kernel 6.12.0-160000.5-default",btrfs,"C/C++: Version 2026.0 of Intel oneAPI DPC++/C++, Compiler for Linux;, Fortran: Version 2026.0 of Intel Fortran, Compiler for Linux",Vendor,Feb-2024,Apr-2026,9017,"Lenovo Global Technology","Lenovo Global Technology",May-2026,Jun-2026,Aug-2026,"<A HREF=""/cpu2026/results/res2026q2/cpu2026-20260601-00279.html"">HTML</A> <A HREF=""/cpu2026/results/res2026q2/cpu2026-20260601-00279.csv"">CSV</A> <A HREF=""/cpu2026/results/res2026q2/cpu2026-20260601-00279.pdf"">PDF</A> <A HREF=""/cpu2026/results/res2026q2/cpu2026-20260601-00279.ps"">PS</A> <A HREF=""/cpu2026/results/res2026q2/cpu2026-20260601-00279.txt"">Text</A> <A HREF=""/cpu2026/results/res2026q2/cpu2026-20260601-00279.cfg"">Config</A>"
CFP2026,"Lenovo Global Technology","ThinkSystem SR650 V3 (2.20 GHz, Intel Xeon Platinum 8593Q)",0,11.1,0,0,128,2,1,"Intel Xeon Platinum 8593Q",2200,"1,2 chips",64-bit,"Not Applicable","32 KB I + 48 KB D on chip per core","2 MB I+D on chip per core","320 MB I+D on chip per chip",None,"512 GB (16 x 32 GB 2Rx8 PC5-5600B-R)",,"SUSE Linux Enterprise Server 16.0, Kernel 6.12.0-160000.5-default",btrfs,"C/C++: Version 2026.0 of Intel oneAPI DPC++/C++, Compiler for Linux;, Fortran: Version 2026.0 of Intel Fortran, Compiler for Linux",Vendor,Aug-2024,Apr-2026,9017,"Lenovo Global Technology","Lenovo Global Technology",Jul-2026,Jul-2026,Aug-2026,"<A HREF=""/cpu2026/results/res2026q3/cpu2026-20260713-00374.html"">HTML</A> <A HREF=""/cpu2026/results/res2026q3/cpu2026-20260713-00374.csv"">CSV</A> <A HREF=""/cpu2026/results/res2026q3/cpu2026-20260713-00374.pdf"">PDF</A> <A HREF=""/cpu2026/results/res2026q3/cpu2026-20260713-00374.ps"">PS</A> <A HREF=""/cpu2026/results/res2026q3/cpu2026-20260713-00374.txt"">Text</A> <A HREF=""/cpu2026/results/res2026q3/cpu2026-20260713-00374.cfg"">Config</A>"
CFP2026,"Lenovo Global Technology","ThinkSystem SR650 V4 (2.80 GHz, Intel Xeon 6503P)",0,3.7,0,0,16,2,2,"Intel Xeon 6503P",2800,"1,2 chips",64-bit,"Not Applicable","64 KB I + 48 KB D on chip per core","2 MB I+D on chip per core","48 MB I+D on chip per chip",None,"512 GB (16 x 32 GB 2Rx8 PC5-6400B-R)",,"SUSE Linux Enterprise Server 15 SP7, Kernel 6.4.0-150700.51-default",xfs,"C/C++: Version 2026.0 of Intel oneAPI DPC++/C++, Compiler for Linux;, Fortran: Version 2026.0 of Intel Fortran, Compiler for Linux",Vendor,Aug-2026,Apr-2026,9017,"Lenovo Global Technology","Lenovo Global Technology",Aug-2026,Aug-2026,Aug-2026,"<A HREF=""/cpu2026/results/res2026q3/cpu2026-20260810-00426.html"">HTML</A> <A HREF=""/cpu2026/results/res2026q3/cpu2026-20260810-00426.csv"">CSV</A> <A HREF=""/cpu2026/results/res2026q3/cpu2026-20260810-00426.pdf"">PDF</A> <A HREF=""/cpu2026/results/res2026q3/cpu2026-20260810-00426.ps"">PS</A> <A HREF=""/cpu2026/results/res2026q3/cpu2026-20260810-00426.txt"">Text</A> <A HREF=""/cpu2026/results/res2026q3/cpu2026-20260810-00426.cfg"">Config</A>"
CFP2026,"Lenovo Global Technology","ThinkSystem SR655 V3 (2.60 GHz, AMD EPYC 9655)",9.44,9.44,5.55,5.55,96,1,1,"AMD EPYC 9655",2600,"1 chip",64-bit,64-bit,"32 KB I + 48 KB D on chip per core","1 MB I+D on chip per core","384 MB I+D on chip per chip, 32 MB shared / 8 cores",None,"384 GB (12 x 32 GB 2Rx8 PC5-6400B-R)",,"SUSE Linux Enterprise Server 15 SP6, Kernel 6.4.0-150600.21-default",xfs,"C/C++: Version 5.1.0 of AOCC, Fortran: Flang v22",Vendor,Jul-2025,Jan-2026,9017,"Lenovo Global Technology","Lenovo Global Technology",Feb-2026,May-2026,Aug-2026,"<A HREF=""/cpu2026/results/res2026q2/cpu2026-20260210-00163.html"">HTML</A> <A HREF=""/cpu2026/results/res2026q2/cpu2026-20260210-00163.csv"">CSV</A> <A HREF=""/cpu2026/results/res2026q2/cpu2026-20260210-00163.pdf"">PDF</A> <A HREF=""/cpu2026/results/res2026q2/cpu2026-20260210-00163.ps"">PS</A> <A HREF=""/cpu2026/results/res2026q2/cpu2026-20260210-00163.txt"">Text</A> <A HREF=""/cpu2026/results/res2026q2/cpu2026-20260210-00163.cfg"">Config</A>"
CFP2026,"Lenovo Global Technology","ThinkSystem SR655 V3 (3.30 GHz, AMD EPYC 9575F)",11.5,11.5,0,0,64,1,2,"AMD EPYC 9575F",3300,"1 chip",64-bit,64-bit,"32 KB I + 48 KB D on chip per core","1 MB I+D on chip per core","256 MB I+D on chip per chip, 32 MB shared / 8 cores",None,"384 GB (12 x 32 GB 2Rx8 PC5-6400B-R)",,"SUSE Linux Enterprise Server 15 SP7, Kernel 6.4.0-150700.51-default",xfs,"C/C++: Version 5.1.0 of AOCC, Fortran: Flang v22",Vendor,Aug-2023,Jan-2026,9017,"Lenovo Global Technology","Lenovo Global Technology",Feb-2026,May-2026,Aug-2026,"<A HREF=""/cpu2026/results/res2026q2/cpu2026-20260210-00165.html"">HTML</A> <A HREF=""/cpu2026/results/res2026q2/cpu2026-20260210-00165.csv"">CSV</A> <A HREF=""/cpu2026/results/res2026q2/cpu2026-20260210-00165.pdf"">PDF</A> <A HREF=""/cpu2026/results/res2026q2/cpu2026-20260210-00165.ps"">PS</A> <A HREF=""/cpu2026/results/res2026q2/cpu2026-20260210-00165.txt"">Text</A> <A HREF=""/cpu2026/results/res2026q2/cpu2026-20260210-00165.cfg"">Config</A>"
CFP2026,"Lenovo Global Technology","ThinkSystem SR665 V3 (3.30 GHz, AMD EPYC 9575F)",14,14,4.34,4.34,128,2,1,"AMD EPYC 9575F",3300,"1,2 chips",64-bit,64-bit,"32 KB I + 48 KB D on chip per core","1 MB I+D on chip per core","256 MB I+D on chip per chip, 32 MB shared / 8 cores",None,"768 GB (24 x 32 GB 2Rx8 PC5-6400B-R, running at 6000)",,"SUSE Linux Enterprise Server 15 SP7, Kernel 6.4.0-150700.51-default",xfs,"C/C++: Version 5.1.0 of AOCC, Fortran: Flang v22",Vendor,Jul-2025,Jan-2026,9017,"Lenovo Global Technology","Lenovo Global Technology",Feb-2026,May-2026,Aug-2026,"<A HREF=""/cpu2026/results/res2026q2/cpu2026-20260210-00175.html"">HTML</A> <A HREF=""/cpu2026/results/res2026q2/cpu2026-20260210-00175.csv"">CSV</A> <A HREF=""/cpu2026/results/res2026q2/cpu2026-20260210-00175.pdf"">PDF</A> <A HREF=""/cpu2026/results/res2026q2/cpu2026-20260210-00175.ps"">PS</A> <A HREF=""/cpu2026/results/res2026q2/cpu2026-20260210-00175.txt"">Text</A> <A HREF=""/cpu2026/results/res2026q2/cpu2026-20260210-00175.cfg"">Config</A>"
CFP2026,"Lenovo Global Technology","ThinkSystem SR665 V3 (3.30 GHz,AMD EPYC 9575F)",16.9,16.9,0,0,128,2,1,"AMD EPYC 9575F",3300,"1,2 chips",64-bit,64-bit,"32 KB I + 48 KB D on chip per core","1 MB I+D on chip per core","256 MB I+D on chip per chip, 32 MB shared / 8 cores",None,"768 GB (24 x 32 GB 2Rx8 PC5-6400B-R)",,"SUSE Linux Enterprise Server 15 SP7, Kernel 6.4.0-150700.51-default",xfs,"C/C++: Version 5.1.0 of AOCC, Fortran: Flang v22",Vendor,Jul-2025,Jan-2026,9017,"Lenovo Global Technology","Lenovo Global Technology",Feb-2026,May-2026,Aug-2026,"<A HREF=""/cpu2026/results/res2026q2/cpu2026-20260210-00176.html"">HTML</A> <A HREF=""/cpu2026/results/res2026q2/cpu2026-20260210-00176.csv"">CSV</A> <A HREF=""/cpu2026/results/res2026q2/cpu2026-20260210-00176.pdf"">PDF</A> <A HREF=""/cpu2026/results/res2026q2/cpu2026-20260210-00176.ps"">PS</A> <A HREF=""/cpu2026/results/res2026q2/cpu2026-20260210-00176.txt"">Text</A> <A HREF=""/cpu2026/results/res2026q2/cpu2026-20260210-00176.cfg"">Config</A>"
CFP2026,"Lenovo Global Technology","ThinkSystem SR850 V3 (1.90 GHz,Intel Xeon Platinum 8490H)",0,5.58,0,0,240,4,1,"Intel Xeon Platinum 8490H",1900,"2,4 chips",64-bit,"Not Applicable","32 KB I + 48 KB D on chip per core","2 MB I+D on chip per core","112.5 MB I+D on chip per chip",None,"1 TB (32 x 32 GB 2Rx8 PC5-4800B-R)",,"Red Hat Enterprise Linux 9.6 (Plow), Kernel 5.14.0-570.12.1.el9_6.x86_64",xfs,"C/C++: Version 2026.0 of Intel oneAPI DPC++/C++, Compiler for Linux;, Fortran: Version 2026.0 of Intel Fortran, Compiler for Linux",Vendor,Jun-2023,Apr-2026,9017,"Lenovo Global Technology","Lenovo Global Technology",May-2026,Jun-2026,Aug-2026,"<A HREF=""/cpu2026/results/res2026q2/cpu2026-20260601-00283.html"">HTML</A> <A HREF=""/cpu2026/results/res2026q2/cpu2026-20260601-00283.csv"">CSV</A> <A HREF=""/cpu2026/results/res2026q2/cpu2026-20260601-00283.pdf"">PDF</A> <A HREF=""/cpu2026/results/res2026q2/cpu2026-20260601-00283.ps"">PS</A> <A HREF=""/cpu2026/results/res2026q2/cpu2026-20260601-00283.txt"">Text</A> <A HREF=""/cpu2026/results/res2026q2/cpu2026-20260601-00283.cfg"">Config</A>"
CFP2026,"Lenovo Global Technology","ThinkSystem SR850 V4 (2.50 GHZ, Intel Xeon 6748P)",0,6.26,0,1.18,192,4,2,"Intel Xeon 6748P",2500,"2,4 chips",64-bit,"Not Applicable","64 KB I + 48 KB D on chip per core","2 MB I+D on chip per core","192 MB I+D on chip per chip",None,"2 TB (32 x 64 GB 2Rx4 PC5-6400B-R)",,"SUSE Linux Enterprise Server 15 SP7, Kernel 6.4.0-150700.51-default",xfs,"C/C++: Version 2025.3 of Intel oneAPI DPC++/C++, Compiler for Linux;, Fortran: Version 2025.3 of Intel Fortran, Compiler for Linux",Vendor,Nov-2025,Jan-2026,9017,"Lenovo Global Technology","Lenovo Global Technology",Feb-2026,May-2026,Aug-2026,"<A HREF=""/cpu2026/results/res2026q2/cpu2026-20260210-00181.html"">HTML</A> <A HREF=""/cpu2026/results/res2026q2/cpu2026-20260210-00181.csv"">CSV</A> <A HREF=""/cpu2026/results/res2026q2/cpu2026-20260210-00181.pdf"">PDF</A> <A HREF=""/cpu2026/results/res2026q2/cpu2026-20260210-00181.ps"">PS</A> <A HREF=""/cpu2026/results/res2026q2/cpu2026-20260210-00181.txt"">Text</A> <A HREF=""/cpu2026/results/res2026q2/cpu2026-20260210-00181.cfg"">Config</A>"
CFP2026,"Lenovo Global Technology","ThinkSystem SR860 V3 (1.90 GHz,Intel Xeon Platinum 8490H)",0,5.81,0,0,240,4,1,"Intel Xeon Platinum 8490H",1900,"2,4 chips",64-bit,"Not Applicable","32 KB I + 48 KB D on chip per core","2 MB I+D on chip per core","112.5 MB I+D on chip per chip",None,"1 TB (32 x 32 GB 2Rx8 PC5-4800B-R)",,"SUSE Linux Enterprise Server 15 SP7, Kernel 6.4.0-150700.51-default",xfs,"C/C++: Version 2026.0 of Intel oneAPI DPC++/C++, Compiler for Linux;, Fortran: Version 2026.0 of Intel Fortran, Compiler for Linux",Vendor,Jun-2023,Apr-2026,9017,"Lenovo Global Technology","Lenovo Global Technology",May-2026,Jun-2026,Aug-2026,"<A HREF=""/cpu2026/results/res2026q2/cpu2026-20260601-00275.html"">HTML</A> <A HREF=""/cpu2026/results/res2026q2/cpu2026-20260601-00275.csv"">CSV</A> <A HREF=""/cpu2026/results/res2026q2/cpu2026-20260601-00275.pdf"">PDF</A> <A HREF=""/cpu2026/results/res2026q2/cpu2026-20260601-00275.ps"">PS</A> <A HREF=""/cpu2026/results/res2026q2/cpu2026-20260601-00275.txt"">Text</A> <A HREF=""/cpu2026/results/res2026q2/cpu2026-20260601-00275.cfg"">Config</A>"
CFP2026,"Lenovo Global Technology","ThinkSystem SR860 V4 (2.00 GHz, Intel Xeon 6788P)",0,7.44,0,0,344,4,1,"Intel Xeon 6788P",2000,"2,4 chips",64-bit,"Not Applicable","64 KB I + 48 KB D on chip per core","2 MB I+D on chip per core","336 MB I+D on chip per chip",None,"2 TB (32 x 64 GB 2Rx4 PC5-6400B-R)",,"SUSE Linux Enterprise Server 15 SP7, Kernel 6.4.0-150700.51-default",xfs,"C/C++: Version 2026.0 of Intel oneAPI DPC++/C++, Compiler for Linux;, Fortran: Version 2026.0 of Intel Fortran, Compiler for Linux",Vendor,Nov-2025,Apr-2026,9017,"Lenovo Global Technology","Lenovo Global Technology",May-2026,Jun-2026,Aug-2026,"<A HREF=""/cpu2026/results/res2026q2/cpu2026-20260518-00249.html"">HTML</A> <A HREF=""/cpu2026/results/res2026q2/cpu2026-20260518-00249.csv"">CSV</A> <A HREF=""/cpu2026/results/res2026q2/cpu2026-20260518-00249.pdf"">PDF</A> <A HREF=""/cpu2026/results/res2026q2/cpu2026-20260518-00249.ps"">PS</A> <A HREF=""/cpu2026/results/res2026q2/cpu2026-20260518-00249.txt"">Text</A> <A HREF=""/cpu2026/results/res2026q2/cpu2026-20260518-00249.cfg"">Config</A>"
CFP2026,"Lenovo Global Technology","ThinkSystem SR860 V4 (2.50 GHz, Intel Xeon 6748P)",0,5.19,0,0,192,4,2,"Intel Xeon 6748P",2500,"2,4 chips",64-bit,"Not Applicable","64 KB I + 48 KB D on chip per core","2 MB I+D on chip per core","192 MB I+D on chip per chip",None,"2 TB (32 x 64 GB 2Rx4 PC5-6400B-R)",,"SUSE Linux Enterprise Server 15 SP7, Kernel 6.4.0-150700.51-default",xfs,"C/C++: Version 2025.3 of Intel oneAPI DPC++/C++, Compiler for Linux;, Fortran: Version 2025.3 of Intel Fortran, Compiler for Linux",Vendor,Nov-2025,Jan-2026,9017,"Lenovo Global Technology","Lenovo Global Technology",Feb-2026,May-2026,Aug-2026,"<A HREF=""/cpu2026/results/res2026q2/cpu2026-20260210-00183.html"">HTML</A> <A HREF=""/cpu2026/results/res2026q2/cpu2026-20260210-00183.csv"">CSV</A> <A HREF=""/cpu2026/results/res2026q2/cpu2026-20260210-00183.pdf"">PDF</A> <A HREF=""/cpu2026/results/res2026q2/cpu2026-20260210-00183.ps"">PS</A> <A HREF=""/cpu2026/results/res2026q2/cpu2026-20260210-00183.txt"">Text</A> <A HREF=""/cpu2026/results/res2026q2/cpu2026-20260210-00183.cfg"">Config</A>"
CFP2026,"Lenovo Global Technology","ThinkSystem SR950 V3 (1.90 GHz,Intel Xeon Platinum 8490H)",0,3.79,0,0,480,8,1,"Intel Xeon Platinum 8490H",1900,"8 chips",64-bit,"Not Applicable","32 KB I + 48 KB D on chip per core","2 MB I+D on chip per core","112.5 MB I+D on chip per chip",None,"4 TB (64 x 64 GB 2Rx4 PC5-4800B-R)",,"SUSE Linux Enterprise Server 15 SP7, Kernel 6.4.0-150700.51-default",xfs,"C/C++: Version 2026.0 of Intel oneAPI DPC++/C++, Compiler for Linux;, Fortran: Version 2026.0 of Intel Fortran, Compiler for Linux",Vendor,Oct-2023,Apr-2026,9017,"Lenovo Global Technology","Lenovo Global Technology",Jun-2026,Jul-2026,Aug-2026,"<A HREF=""/cpu2026/results/res2026q3/cpu2026-20260629-00320.html"">HTML</A> <A HREF=""/cpu2026/results/res2026q3/cpu2026-20260629-00320.csv"">CSV</A> <A HREF=""/cpu2026/results/res2026q3/cpu2026-20260629-00320.pdf"">PDF</A> <A HREF=""/cpu2026/results/res2026q3/cpu2026-20260629-00320.ps"">PS</A> <A HREF=""/cpu2026/results/res2026q3/cpu2026-20260629-00320.txt"">Text</A> <A HREF=""/cpu2026/results/res2026q3/cpu2026-20260629-00320.cfg"">Config</A>"
CFP2026,"Quanta Cloud Technology","D55Q-2U (Intel Xeon 6787P)",0,12.8,0,0,172,2,1,"Intel Xeon 6787P",2000,"1,2 Chips",64-bit,"Not Applicable","64 KB I + 48 KB D on chip per core","2 MB I+D on chip per core","336 MB I+D on chip per chip",None,"1 TB (16 x 64 GB 2Rx4 PC5-6400B-R)",,"SUSE Linux Enterprise Server 15 SP6, 6.4.0-150600.21-default",xfs,"C/C++: Version 2026.0 of Intel oneAPI DPC++/C++, Compiler for Linux;, Fortran: Version 2026.0 of Intel Fortran, Compiler for Linux",Vendor,Feb-2025,Apr-2026,9050,"Quanta Computer Inc.","Quanta Computer Inc.",May-2026,Sep-2026,Sep-2026,"<A HREF=""/cpu2026/results/res2026q3/cpu2026-20260813-00460.html"">HTML</A> <A HREF=""/cpu2026/results/res2026q3/cpu2026-20260813-00460.csv"">CSV</A> <A HREF=""/cpu2026/results/res2026q3/cpu2026-20260813-00460.pdf"">PDF</A> <A HREF=""/cpu2026/results/res2026q3/cpu2026-20260813-00460.ps"">PS</A> <A HREF=""/cpu2026/results/res2026q3/cpu2026-20260813-00460.txt"">Text</A> <A HREF=""/cpu2026/results/res2026q3/cpu2026-20260813-00460.cfg"">Config</A>"
CFP2026,Supermicro,"Blade SBI-612BA-1NE34-LCC (B14SBE-CPU-AP , Intel Xeon 6970E+)",8.99,8.91,0,0,192,1,1,"Intel Xeon 6970E+",2300,"1 chip",64-bit,64-bit,"64 KB I + 32 KB D on chip per core","192 MB I+D on chip per chip, 4 MB shared / 4 cores","480 MB I+D on chip per chip",None,"1152 GB (12 x 96 GB 2Rx4 PC5-8000B-R)",,"Red Hat Enterprise Linux 9.7, Kernel 5.14.0-611.5.1.el9_7.x86_64",xfs,"C/C++: Version 2026.0 of Intel oneAPI DPC++/C++, Compiler for Linux;, Fortran: Version 2026.0 of Intel Fortran, Compiler for Linux",Vendor,Jun-2026,Apr-2026,1176,Supermicro,Supermicro,May-2026,Jun-2026,Aug-2026,"<A HREF=""/cpu2026/results/res2026q2/cpu2026-20260602-00296.html"">HTML</A> <A HREF=""/cpu2026/results/res2026q2/cpu2026-20260602-00296.csv"">CSV</A> <A HREF=""/cpu2026/results/res2026q2/cpu2026-20260602-00296.pdf"">PDF</A> <A HREF=""/cpu2026/results/res2026q2/cpu2026-20260602-00296.ps"">PS</A> <A HREF=""/cpu2026/results/res2026q2/cpu2026-20260602-00296.txt"">Text</A> <A HREF=""/cpu2026/results/res2026q2/cpu2026-20260602-00296.cfg"">Config</A>"
CFP2026,Supermicro,"Blade SBI-612BA-1NE34-LCC (B14SBE-CPU-AP , Intel Xeon 6980E+)",9.64,9.6,0,0,264,1,1,"Intel Xeon 6980E+",2100,"1 chip",64-bit,64-bit,"64 KB I + 32 KB D on chip per core","264 MB I+D on chip per chip, 4 MB shared / 4 cores","528 MB I+D on chip per chip",None,"1152 GB (12 x 96 GB 2Rx4 PC5-8000B-R)",,"Red Hat Enterprise Linux 9.7, Kernel 5.14.0-611.5.1.el9_7.x86_64",xfs,"C/C++: Version 2026.0 of Intel oneAPI DPC++/C++, Compiler for Linux;, Fortran: Version 2026.0 of Intel Fortran, Compiler for Linux",Vendor,Jun-2026,Apr-2026,1176,Supermicro,Supermicro,May-2026,Jun-2026,Aug-2026,"<A HREF=""/cpu2026/results/res2026q2/cpu2026-20260519-00256.html"">HTML</A> <A HREF=""/cpu2026/results/res2026q2/cpu2026-20260519-00256.csv"">CSV</A> <A HREF=""/cpu2026/results/res2026q2/cpu2026-20260519-00256.pdf"">PDF</A> <A HREF=""/cpu2026/results/res2026q2/cpu2026-20260519-00256.ps"">PS</A> <A HREF=""/cpu2026/results/res2026q2/cpu2026-20260519-00256.txt"">Text</A> <A HREF=""/cpu2026/results/res2026q2/cpu2026-20260519-00256.cfg"">Config</A>"
CFP2026,Supermicro,"Blade SBI-612BA-1NE34-LCC (B14SBE-CPU-AP , Intel Xeon 6990E+)",10.1,9.92,0,0,288,1,1,"Intel Xeon 6990E+",2200,"1 chip",64-bit,64-bit,"64 KB I + 32 KB D on chip per core","288 MB I+D on chip per chip, 4 MB shared / 4 cores","576 MB I+D on chip per chip",None,"1152 GB (12 x 96 GB 2Rx4 PC5-8000B-R)",,"Red Hat Enterprise Linux 9.7, Kernel 5.14.0-611.5.1.el9_7.x86_64",xfs,"C/C++: Version 2026.0 of Intel oneAPI DPC++/C++, Compiler for Linux;, Fortran: Version 2026.0 of Intel Fortran, Compiler for Linux",Vendor,Jun-2026,Apr-2026,1176,Supermicro,Supermicro,May-2026,Jun-2026,Aug-2026,"<A HREF=""/cpu2026/results/res2026q2/cpu2026-20260519-00264.html"">HTML</A> <A HREF=""/cpu2026/results/res2026q2/cpu2026-20260519-00264.csv"">CSV</A> <A HREF=""/cpu2026/results/res2026q2/cpu2026-20260519-00264.pdf"">PDF</A> <A HREF=""/cpu2026/results/res2026q2/cpu2026-20260519-00264.ps"">PS</A> <A HREF=""/cpu2026/results/res2026q2/cpu2026-20260519-00264.txt"">Text</A> <A HREF=""/cpu2026/results/res2026q2/cpu2026-20260519-00264.cfg"">Config</A>"
CFP2026,Supermicro,"CloudDC A+ Server AS -1116CS-TN (H14SHM , AMD EPYC 9575F)",11.4,11.4,0,0,64,1,2,"AMD EPYC 9575F",3300,"1 chip",64-bit,64-bit,"32 KB I + 48 KB D on chip per core","1 MB I+D on chip per core","256 MB I+D on chip per chip, 32 MB shared / 8 cores",None,"768 GB (12 x 64 GB 2Rx4 PC5-6400B-R)",,"Ubuntu 24.04.3 LTS, 6.8.0-94-generic",ext4,"C/C++: Version 5.1.0 of AOCC, Fortran: Flang v22",Vendor,Oct-2024,Jan-2026,1176,Supermicro,Supermicro,Feb-2026,May-2026,Aug-2026,"<A HREF=""/cpu2026/results/res2026q2/cpu2026-20260210-00216.html"">HTML</A> <A HREF=""/cpu2026/results/res2026q2/cpu2026-20260210-00216.csv"">CSV</A> <A HREF=""/cpu2026/results/res2026q2/cpu2026-20260210-00216.pdf"">PDF</A> <A HREF=""/cpu2026/results/res2026q2/cpu2026-20260210-00216.ps"">PS</A> <A HREF=""/cpu2026/results/res2026q2/cpu2026-20260210-00216.txt"">Text</A> <A HREF=""/cpu2026/results/res2026q2/cpu2026-20260210-00216.cfg"">Config</A>"
CFP2026,Supermicro,"CloudDC A+ Server AS -1116CS-TN (H14SHM , AMD EPYC 9655)",12.3,12.3,0,0,96,1,2,"AMD EPYC 9655",2600,"1 chip",64-bit,64-bit,"32 KB I + 48 KB D on chip per core","1 MB I+D on chip per core","384 MB I+D on chip per chip, 32 MB shared / 8 cores",None,"768 GB (12 x 64 GB 2Rx4 PC5-6400B-R)",,"Ubuntu 24.04.3 LTS, 6.8.0-94-generic",ext4,"C/C++: Version 5.1.0 of AOCC, Fortran: Flang v22",Vendor,Oct-2024,Jan-2026,1176,Supermicro,Supermicro,Feb-2026,May-2026,Aug-2026,"<A HREF=""/cpu2026/results/res2026q2/cpu2026-20260210-00222.html"">HTML</A> <A HREF=""/cpu2026/results/res2026q2/cpu2026-20260210-00222.csv"">CSV</A> <A HREF=""/cpu2026/results/res2026q2/cpu2026-20260210-00222.pdf"">PDF</A> <A HREF=""/cpu2026/results/res2026q2/cpu2026-20260210-00222.ps"">PS</A> <A HREF=""/cpu2026/results/res2026q2/cpu2026-20260210-00222.txt"">Text</A> <A HREF=""/cpu2026/results/res2026q2/cpu2026-20260210-00222.cfg"">Config</A>"
CFP2026,Supermicro,"CloudDC A+ Server AS -1116CS-TN (H14SHM , AMD EPYC 9755)",13,13,0,0,128,1,2,"AMD EPYC 9755",2700,"1 chip",64-bit,64-bit,"32 KB I + 48 KB D on chip per core","1 MB I+D on chip per core","512 MB I+D on chip per chip, 32 MB shared / 8 cores",None,"768 GB (12 x 64 GB 2Rx4 PC5-6400B-R)",,"Ubuntu 24.04.3 LTS, 6.8.0-90-generic",ext4,"C/C++: Version 5.1.0 of AOCC, Fortran: Flang v22",Vendor,Oct-2024,Jan-2026,1176,Supermicro,Supermicro,Feb-2026,May-2026,Aug-2026,"<A HREF=""/cpu2026/results/res2026q2/cpu2026-20260210-00228.html"">HTML</A> <A HREF=""/cpu2026/results/res2026q2/cpu2026-20260210-00228.csv"">CSV</A> <A HREF=""/cpu2026/results/res2026q2/cpu2026-20260210-00228.pdf"">PDF</A> <A HREF=""/cpu2026/results/res2026q2/cpu2026-20260210-00228.ps"">PS</A> <A HREF=""/cpu2026/results/res2026q2/cpu2026-20260210-00228.txt"">Text</A> <A HREF=""/cpu2026/results/res2026q2/cpu2026-20260210-00228.cfg"">Config</A>"
CFP2026,Supermicro,"CloudDC A+ Server AS -1116CS-TN (H14SHM , AMD EPYC 9965)",13.3,13.3,0,0,192,1,2,"AMD EPYC 9965",2250,"1 chip",64-bit,64-bit,"32 KB I + 48 KB D on chip per core","1 MB I+D on chip per core","384 MB I+D on chip per chip, 32 MB shared / 16 cores",None,"768 GB (12 x 64 GB 2Rx4 PC5-6400B-R)",,"Ubuntu 24.04.3 LTS, 6.8.0-94-generic",ext4,"C/C++: Version 5.1.0 of AOCC, Fortran: Flang v22",Vendor,Oct-2024,Jan-2026,1176,Supermicro,Supermicro,Feb-2026,May-2026,Aug-2026,"<A HREF=""/cpu2026/results/res2026q2/cpu2026-20260210-00234.html"">HTML</A> <A HREF=""/cpu2026/results/res2026q2/cpu2026-20260210-00234.csv"">CSV</A> <A HREF=""/cpu2026/results/res2026q2/cpu2026-20260210-00234.pdf"">PDF</A> <A HREF=""/cpu2026/results/res2026q2/cpu2026-20260210-00234.ps"">PS</A> <A HREF=""/cpu2026/results/res2026q2/cpu2026-20260210-00234.txt"">Text</A> <A HREF=""/cpu2026/results/res2026q2/cpu2026-20260210-00234.cfg"">Config</A>"
CFP2026,Supermicro,"Hyper A+ Server AS -1116CS-TN (H14DSH , AMD EPYC 9375F)",9.19,9.19,0,0,32,1,2,"AMD EPYC 9375F",3800,"1 chip",64-bit,64-bit,"32 KB I + 48 KB D on chip per core","1 MB I+D on chip per core","256 MB I+D on chip per chip, 32 MB shared / 4 cores",None,"768 GB (12 x 64 GB 2Rx4 PC5-6400B-R)",,"Ubuntu 24.04.3 LTS, Kernel 6.8.0-94-generic",ext4,"C/C++: Version 5.1.0 of AOCC;, Fortran: Version 22.1.0 of Flang",Vendor,Oct-2024,Feb-2026,6570,"Advanced Micro Devices (AMD)","Advanced Micro Devices (AMD)",Feb-2026,May-2026,Aug-2026,"<A HREF=""/cpu2026/results/res2026q2/cpu2026-20260210-00008.html"">HTML</A> <A HREF=""/cpu2026/results/res2026q2/cpu2026-20260210-00008.csv"">CSV</A> <A HREF=""/cpu2026/results/res2026q2/cpu2026-20260210-00008.pdf"">PDF</A> <A HREF=""/cpu2026/results/res2026q2/cpu2026-20260210-00008.ps"">PS</A> <A HREF=""/cpu2026/results/res2026q2/cpu2026-20260210-00008.txt"">Text</A> <A HREF=""/cpu2026/results/res2026q2/cpu2026-20260210-00008.cfg"">Config</A>"
CFP2026,Supermicro,"Hyper A+ Server AS -2126HS-TN (H14DSH , AMD EPYC 9575F)",17,17,0,0,128,2,2,"AMD EPYC 9575F",3300,"2 chips",64-bit,64-bit,"32 KB I + 48 KB D on chip per core","1 MB I+D on chip per core","256 MB I+D on chip per chip, 32 MB shared / 8 cores",None,"1536 GB (24 x 64 GB 2Rx4 PC5-6400B-R)",,"Ubuntu 24.04.3 LTS, 6.8.0-94-generic",ext4,"C/C++: Version 5.1.0 of AOCC, Fortran: Flang v22",Vendor,Oct-2024,Jan-2026,1176,Supermicro,Supermicro,Feb-2026,May-2026,Aug-2026,"<A HREF=""/cpu2026/results/res2026q2/cpu2026-20260210-00220.html"">HTML</A> <A HREF=""/cpu2026/results/res2026q2/cpu2026-20260210-00220.csv"">CSV</A> <A HREF=""/cpu2026/results/res2026q2/cpu2026-20260210-00220.pdf"">PDF</A> <A HREF=""/cpu2026/results/res2026q2/cpu2026-20260210-00220.ps"">PS</A> <A HREF=""/cpu2026/results/res2026q2/cpu2026-20260210-00220.txt"">Text</A> <A HREF=""/cpu2026/results/res2026q2/cpu2026-20260210-00220.cfg"">Config</A>"
CFP2026,Supermicro,"Hyper A+ Server AS -2126HS-TN (H14DSH , AMD EPYC 9655)",17.5,17.5,0,0,192,2,2,"AMD EPYC 9655",2600,"2 chips",64-bit,64-bit,"32 KB I + 48 KB D on chip per core","1 MB I+D on chip per core","384 MB I+D on chip per chip, 32 MB shared / 8 cores",None,"1536 GB (24 x 64 GB 2Rx4 PC5-6400B-R)",,"Ubuntu 24.04.3 LTS, 6.8.0-94-generic",ext4,"C/C++: Version 5.1.0 of AOCC, Fortran: Flang v22",Vendor,Oct-2024,Jan-2026,1176,Supermicro,Supermicro,Feb-2026,May-2026,Aug-2026,"<A HREF=""/cpu2026/results/res2026q2/cpu2026-20260210-00225.html"">HTML</A> <A HREF=""/cpu2026/results/res2026q2/cpu2026-20260210-00225.csv"">CSV</A> <A HREF=""/cpu2026/results/res2026q2/cpu2026-20260210-00225.pdf"">PDF</A> <A HREF=""/cpu2026/results/res2026q2/cpu2026-20260210-00225.ps"">PS</A> <A HREF=""/cpu2026/results/res2026q2/cpu2026-20260210-00225.txt"">Text</A> <A HREF=""/cpu2026/results/res2026q2/cpu2026-20260210-00225.cfg"">Config</A>"
CFP2026,Supermicro,"Hyper A+ Server AS -2126HS-TN (H14DSH , AMD EPYC 9755)",17.8,17.8,0,0,256,2,2,"AMD EPYC 9755",2700,"2 chips",64-bit,64-bit,"32 KB I + 48 KB D on chip per core","1 MB I+D on chip per core","512 MB I+D on chip per chip, 32 MB shared / 8 cores",None,"2304 GB (24 x 96 GB 2Rx4 PC5-6400B-R)",,"Ubuntu 24.04.3 LTS, 6.8.0-90-generic",ext4,"C/C++: Version 5.1.0 of AOCC, Fortran: Flang v22",Vendor,Oct-2024,Jan-2026,1176,Supermicro,Supermicro,Feb-2026,May-2026,Aug-2026,"<A HREF=""/cpu2026/results/res2026q2/cpu2026-20260210-00232.html"">HTML</A> <A HREF=""/cpu2026/results/res2026q2/cpu2026-20260210-00232.csv"">CSV</A> <A HREF=""/cpu2026/results/res2026q2/cpu2026-20260210-00232.pdf"">PDF</A> <A HREF=""/cpu2026/results/res2026q2/cpu2026-20260210-00232.ps"">PS</A> <A HREF=""/cpu2026/results/res2026q2/cpu2026-20260210-00232.txt"">Text</A> <A HREF=""/cpu2026/results/res2026q2/cpu2026-20260210-00232.cfg"">Config</A>"
CFP2026,Supermicro,"Hyper A+ Server AS -2126HS-TN (H14DSH , AMD EPYC 9965)",17.7,17.7,0,0,384,2,2,"AMD EPYC 9965",2250,"2 chips",64-bit,64-bit,"32 KB I + 48 KB D on chip per core","1 MB I+D on chip per core","384 MB I+D on chip per chip, 32 MB shared / 16 cores",None,"1536 GB (24 x 64 GB 2Rx4 PC5-6400B-R)",,"Ubuntu 24.04.3 LTS, 6.8.0-90-generic",ext4,"C/C++: Version 5.1.0 of AOCC, Fortran: Flang v22",Vendor,Oct-2024,Jan-2026,1176,Supermicro,Supermicro,Feb-2026,May-2026,Aug-2026,"<A HREF=""/cpu2026/results/res2026q2/cpu2026-20260210-00242.html"">HTML</A> <A HREF=""/cpu2026/results/res2026q2/cpu2026-20260210-00242.csv"">CSV</A> <A HREF=""/cpu2026/results/res2026q2/cpu2026-20260210-00242.pdf"">PDF</A> <A HREF=""/cpu2026/results/res2026q2/cpu2026-20260210-00242.ps"">PS</A> <A HREF=""/cpu2026/results/res2026q2/cpu2026-20260210-00242.txt"">Text</A> <A HREF=""/cpu2026/results/res2026q2/cpu2026-20260210-00242.cfg"">Config</A>"
CFP2026,Supermicro,"SuperServer SYS-112HA-TN (X14SBH-AP , Intel Xeon 6970E+)",8.77,8.78,0,0,192,1,1,"Intel Xeon 6970E+",2300,"1 chip",64-bit,64-bit,"64 KB I + 32 KB D on chip per core","192 MB I+D on chip per chip, 4 MB shared / 4 cores","480 MB I+D on chip per chip",None,"1152 GB (12 x 96 GB 2Rx4 PC5-8000B-R)",,"Red Hat Enterprise Linux 9.7, Kernel 5.14.0-611.5.1.el9_7.x86_64",xfs,"C/C++: Version 2026.0 of Intel oneAPI DPC++/C++, Compiler for Linux;, Fortran: Version 2026.0 of Intel Fortran, Compiler for Linux",Vendor,Jun-2026,Apr-2026,1176,Supermicro,Supermicro,May-2026,Jun-2026,Aug-2026,"<A HREF=""/cpu2026/results/res2026q2/cpu2026-20260602-00290.html"">HTML</A> <A HREF=""/cpu2026/results/res2026q2/cpu2026-20260602-00290.csv"">CSV</A> <A HREF=""/cpu2026/results/res2026q2/cpu2026-20260602-00290.pdf"">PDF</A> <A HREF=""/cpu2026/results/res2026q2/cpu2026-20260602-00290.ps"">PS</A> <A HREF=""/cpu2026/results/res2026q2/cpu2026-20260602-00290.txt"">Text</A> <A HREF=""/cpu2026/results/res2026q2/cpu2026-20260602-00290.cfg"">Config</A>"
CFP2026,Supermicro,"SuperServer SYS-112HA-TN (X14SBH-AP , Intel Xeon 6980E+)",9.91,9.74,0,0,264,1,1,"Intel Xeon 6980E+",2100,"1 chip",64-bit,64-bit,"64 KB I + 32 KB D on chip per core","264 MB I+D on chip per chip, 4 MB shared / 4 cores","528 MB I+D on chip per chip",None,"1152 GB (12 x 96 GB 2Rx4 PC5-8000B-R)",,"Red Hat Enterprise Linux 9.7, Kernel 5.14.0-611.5.1.el9_7.x86_64",xfs,"C/C++: Version 2026.0 of Intel oneAPI DPC++/C++, Compiler for Linux;, Fortran: Version 2026.0 of Intel Fortran, Compiler for Linux",Vendor,Jun-2026,Apr-2026,1176,Supermicro,Supermicro,May-2026,Jun-2026,Aug-2026,"<A HREF=""/cpu2026/results/res2026q2/cpu2026-20260602-00297.html"">HTML</A> <A HREF=""/cpu2026/results/res2026q2/cpu2026-20260602-00297.csv"">CSV</A> <A HREF=""/cpu2026/results/res2026q2/cpu2026-20260602-00297.pdf"">PDF</A> <A HREF=""/cpu2026/results/res2026q2/cpu2026-20260602-00297.ps"">PS</A> <A HREF=""/cpu2026/results/res2026q2/cpu2026-20260602-00297.txt"">Text</A> <A HREF=""/cpu2026/results/res2026q2/cpu2026-20260602-00297.cfg"">Config</A>"
CFP2026,Supermicro,"SuperServer SYS-112HA-TN (X14SBH-AP , Intel Xeon 6990E+)",9.97,9.81,0,0,288,1,1,"Intel Xeon 6990E+",2200,"1 chip",64-bit,64-bit,"64 KB I + 32 KB D on chip per core","288 MB I+D on chip per chip, 4 MB shared / 4 cores","576 MB I+D on chip per chip",None,"1152 GB (12 x 96 GB 2Rx4 PC5-8000B-R)",,"Red Hat Enterprise Linux 9.7, Kernel 5.14.0-611.5.1.el9_7.x86_64",xfs,"C/C++: Version 2026.0 of Intel oneAPI DPC++/C++, Compiler for Linux;, Fortran: Version 2026.0 of Intel Fortran, Compiler for Linux",Vendor,Jun-2026,Apr-2026,1176,Supermicro,Supermicro,May-2026,Jun-2026,Aug-2026,"<A HREF=""/cpu2026/results/res2026q2/cpu2026-20260519-00259.html"">HTML</A> <A HREF=""/cpu2026/results/res2026q2/cpu2026-20260519-00259.csv"">CSV</A> <A HREF=""/cpu2026/results/res2026q2/cpu2026-20260519-00259.pdf"">PDF</A> <A HREF=""/cpu2026/results/res2026q2/cpu2026-20260519-00259.ps"">PS</A> <A HREF=""/cpu2026/results/res2026q2/cpu2026-20260519-00259.txt"">Text</A> <A HREF=""/cpu2026/results/res2026q2/cpu2026-20260519-00259.cfg"">Config</A>"
CFP2026,Supermicro,"WIO A+ Server AS -1015SV-WTNRT (H13SVW-NT , AMD EPYC 8534P)",5.12,5.12,0,0,64,1,2,"AMD EPYC 8534P",2300,"1 chip",64-bit,64-bit,"32 KB I + 32 KB D on chip per core","1 MB I+D on chip per core","128 MB I+D on chip per chip, 16 MB shared / 8 cores",None,"384 GB (6 x 64 GB 2Rx4 PC5-4800B-R)",,"Ubuntu 24.04 LTS, 6.8.0-90-generic",ext4,"C/C++: Version 5.1.0 of AOCC, Fortran: Flang v22",Vendor,Oct-2024,Jan-2026,1176,Supermicro,Supermicro,Feb-2026,May-2026,Aug-2026,"<A HREF=""/cpu2026/results/res2026q2/cpu2026-20260210-00241.html"">HTML</A> <A HREF=""/cpu2026/results/res2026q2/cpu2026-20260210-00241.csv"">CSV</A> <A HREF=""/cpu2026/results/res2026q2/cpu2026-20260210-00241.pdf"">PDF</A> <A HREF=""/cpu2026/results/res2026q2/cpu2026-20260210-00241.ps"">PS</A> <A HREF=""/cpu2026/results/res2026q2/cpu2026-20260210-00241.txt"">Text</A> <A HREF=""/cpu2026/results/res2026q2/cpu2026-20260210-00241.cfg"">Config</A>"
CFP2026,xFusion,"FusionServer 1288 V8 (Intel Xeon 6787P)",0,13.5,0,0,172,2,1,"Intel Xeon 6787P",2000,"1,2 chips",64-bit,"Not Applicable","64 KB I + 48 KB D on chip per core","2 MB I+D on chip per core","336 MB I+D on chip per chip",None,"1 TB (16 x 64 GB 2Rx4 PC5-88/64B-H, running at 8000)",,"Red Hat Enterprise Linux 9.4 (Plow), 5.14.0-427.13.1.el9_4.x86_64",xfs,"C/C++: Version 2026.0 of Intel oneAPI DPC++/C++, Compiler for Linux;, Fortran: Version 2026.0 of Intel Fortran, Compiler for Linux",Vendor,May-2025,Apr-2026,6488,xFusion,xFusion,Jul-2026,Aug-2026,Aug-2026,"<A HREF=""/cpu2026/results/res2026q3/cpu2026-20260726-00384.html"">HTML</A> <A HREF=""/cpu2026/results/res2026q3/cpu2026-20260726-00384.csv"">CSV</A> <A HREF=""/cpu2026/results/res2026q3/cpu2026-20260726-00384.pdf"">PDF</A> <A HREF=""/cpu2026/results/res2026q3/cpu2026-20260726-00384.ps"">PS</A> <A HREF=""/cpu2026/results/res2026q3/cpu2026-20260726-00384.txt"">Text</A> <A HREF=""/cpu2026/results/res2026q3/cpu2026-20260726-00384.cfg"">Config</A>"
CFP2026,xFusion,"FusionServer 2288 V8 (Intel Xeon 6787P)",0,13.6,0,0,172,2,1,"Intel Xeon 6787P",2000,"1,2 chips",64-bit,"Not Applicable","64 KB I + 48 KB D on chip per core","2 MB I+D on chip per core","336 MB I+D on chip per chip",None,"1 TB (16 x 64 GB 2Rx4 PC5-88/64B-H, running at 8000)",,"Red Hat Enterprise Linux 9.4 (Plow), 5.14.0-427.13.1.el9_4.x86_64",xfs,"C/C++: Version 2026.0 of Intel oneAPI DPC++/C++, Compiler for Linux;, Fortran: Version 2026.0 of Intel Fortran, Compiler for Linux",Vendor,May-2025,Apr-2026,6488,xFusion,xFusion,Jul-2026,Aug-2026,Aug-2026,"<A HREF=""/cpu2026/results/res2026q3/cpu2026-20260726-00388.html"">HTML</A> <A HREF=""/cpu2026/results/res2026q3/cpu2026-20260726-00388.csv"">CSV</A> <A HREF=""/cpu2026/results/res2026q3/cpu2026-20260726-00388.pdf"">PDF</A> <A HREF=""/cpu2026/results/res2026q3/cpu2026-20260726-00388.ps"">PS</A> <A HREF=""/cpu2026/results/res2026q3/cpu2026-20260726-00388.txt"">Text</A> <A HREF=""/cpu2026/results/res2026q3/cpu2026-20260726-00388.cfg"">Config</A>"
CINT2026rate,"ASUSTeK Computer Inc.","ASUS RS520QA-E13-RS8U (2.25 GHz, AMD EPYC 9965)",742,719,0,0,192,1,2,"AMD EPYC 9965",2250,"1 chip",64-bit,64-bit,"32 KB I + 48 KB D on chip per core","1 MB I+D on chip per core","384 MB I+D on chip per chip, 32 MB shared / 16 cores",None,"768 GB (12 x 64 GB 2Rx4 PC5-6400B-R)",,"SUSE Linux Enterprise Server 15 SP6 (x86_64), Kernel 6.4.0-150600.21-default",xfs,"C/C++/Fortran: Version 5.2.0 of AOCC",Vendor,Jun-2025,May-2026,9016,"ASUSTeK Computer Inc.","ASUSTeK Computer Inc.",Jul-2026,Aug-2026,Aug-2026,"<A HREF=""/cpu2026/results/res2026q3/cpu2026-20260810-00423.html"">HTML</A> <A HREF=""/cpu2026/results/res2026q3/cpu2026-20260810-00423.csv"">CSV</A> <A HREF=""/cpu2026/results/res2026q3/cpu2026-20260810-00423.pdf"">PDF</A> <A HREF=""/cpu2026/results/res2026q3/cpu2026-20260810-00423.ps"">PS</A> <A HREF=""/cpu2026/results/res2026q3/cpu2026-20260810-00423.txt"">Text</A> <A HREF=""/cpu2026/results/res2026q3/cpu2026-20260810-00423.cfg"">Config</A>"
CINT2026rate,"ASUSTeK Computer Inc.","ASUS RS720-E12-RS8G (2.00 GHz, Intel Xeon 6787P)",784,751,0,0,172,2,2,"Intel Xeon 6787P",2000,"1, 2 chip(s)",64-bit,64-bit,"64 KB I + 48 KB D on chip per core","2 MB I+D on chip per core","336 MB I+D on chip per chip",None,"1 TB (16 x 64 GB 2Rx4 PC5-88/44B-M, running at 8000)",,"SUSE Linux Enterprise Server 15 SP6, Kernel 6.4.0-150600.21-default",xfs,"C/C++: Version 2026.0 of Intel oneAPI DPC++/C++, Compiler for Linux;, Fortran: Version 2026.0 of Intel Fortran, Compiler for Linux",Vendor,Jul-2025,Apr-2026,9016,"ASUSTeK Computer Inc.","ASUSTeK Computer Inc.",Aug-2026,Aug-2026,Aug-2026,"<A HREF=""/cpu2026/results/res2026q3/cpu2026-20260810-00435.html"">HTML</A> <A HREF=""/cpu2026/results/res2026q3/cpu2026-20260810-00435.csv"">CSV</A> <A HREF=""/cpu2026/results/res2026q3/cpu2026-20260810-00435.pdf"">PDF</A> <A HREF=""/cpu2026/results/res2026q3/cpu2026-20260810-00435.ps"">PS</A> <A HREF=""/cpu2026/results/res2026q3/cpu2026-20260810-00435.txt"">Text</A> <A HREF=""/cpu2026/results/res2026q3/cpu2026-20260810-00435.cfg"">Config</A>"
CINT2026rate,"ASUSTeK Computer Inc.","ASUS RS720A-E13-RS8U (2.25 GHz, AMD EPYC 9965)",1470,1430,0,0,384,2,2,"AMD EPYC 9965",2250,"1,2 chips",64-bit,64-bit,"32 KB I + 48 KB D on chip per core","1 MB I+D on chip per core","384 MB I+D on chip per chip, 32 MB shared / 16 cores",None,"1536 GB (24 x 64 GB 2Rx4 PC5-6400B-R)",,"SUSE Linux Enterprise Server 15 SP6 (x86_64), Kernel 6.4.0-150600.21-default",xfs,"C/C++/Fortran: Version 5.2.0 of AOCC",Vendor,Mar-2025,May-2026,9016,"ASUSTeK Computer Inc.","ASUSTeK Computer Inc.",May-2026,Jun-2026,Aug-2026,"<A HREF=""/cpu2026/results/res2026q2/cpu2026-20260601-00269.html"">HTML</A> <A HREF=""/cpu2026/results/res2026q2/cpu2026-20260601-00269.csv"">CSV</A> <A HREF=""/cpu2026/results/res2026q2/cpu2026-20260601-00269.pdf"">PDF</A> <A HREF=""/cpu2026/results/res2026q2/cpu2026-20260601-00269.ps"">PS</A> <A HREF=""/cpu2026/results/res2026q2/cpu2026-20260601-00269.txt"">Text</A> <A HREF=""/cpu2026/results/res2026q2/cpu2026-20260601-00269.cfg"">Config</A>"
CINT2026rate,Apple,"MacBook Pro (16-inch, M5 Pro) 1-copy SPECrate",0,7.64,0,0,18,1,1,"Apple M5 Pro",4600,"1 chip",64-bit,"Not Applicable","192 KB I + 128 KB D on chip per core (Super); 128 KB I + 64 KB D on chip per core (Performance)","32 MB I+D on chip per chip, (16 MB per 6 Super cores, 8 MB per 6 Performance cores)","None disclosed","None disclosed","64.0 GB",,"macOS 26.4.1 (25E253)",apfs,"C/C++: Version 22.1.4 of LLVM",Community,Mar-2026,Apr-2026,7,"SPEC CPU Supporting Contributor jhenning","SPEC CPU Supporting Contributor jhenning",Apr-2026,May-2026,Aug-2026,"<A HREF=""/cpu2026/results/res2026q2/cpu2026-20260422-00243.html"">HTML</A> <A HREF=""/cpu2026/results/res2026q2/cpu2026-20260422-00243.csv"">CSV</A> <A HREF=""/cpu2026/results/res2026q2/cpu2026-20260422-00243.pdf"">PDF</A> <A HREF=""/cpu2026/results/res2026q2/cpu2026-20260422-00243.ps"">PS</A> <A HREF=""/cpu2026/results/res2026q2/cpu2026-20260422-00243.txt"">Text</A> <A HREF=""/cpu2026/results/res2026q2/cpu2026-20260422-00243.cfg"">Config</A>"
CINT2026rate,Apple,"MacBook Pro (16-inch, M5 Pro) 18-copy SPECrate",0,82.7,0,0,18,1,1,"Apple M5 Pro",4600,"1 chip",64-bit,"Not Applicable","192 KB I + 128 KB D on chip per core (Super); 128 KB I + 64 KB D on chip per core (Performance)","32 MB I+D on chip per chip, (16 MB per 6 Super cores, 8 MB per 6 Performance cores)","None disclosed","None disclosed","64.0 GB",,"macOS 26.4.1 (25E253)",apfs,"C/C++: Version 22.1.4 of LLVM",Community,Mar-2026,Apr-2026,7,"SPEC CPU Supporting Contributor jhenning","SPEC CPU Supporting Contributor jhenning",Apr-2026,May-2026,Aug-2026,"<A HREF=""/cpu2026/results/res2026q2/cpu2026-20260422-00246.html"">HTML</A> <A HREF=""/cpu2026/results/res2026q2/cpu2026-20260422-00246.csv"">CSV</A> <A HREF=""/cpu2026/results/res2026q2/cpu2026-20260422-00246.pdf"">PDF</A> <A HREF=""/cpu2026/results/res2026q2/cpu2026-20260422-00246.ps"">PS</A> <A HREF=""/cpu2026/results/res2026q2/cpu2026-20260422-00246.txt"">Text</A> <A HREF=""/cpu2026/results/res2026q2/cpu2026-20260422-00246.cfg"">Config</A>"
CINT2026rate,"Cisco Systems","Cisco UCS C240 M8 (Intel Xeon 6787P 2.0 GHz processor)",676,647,0,0,172,2,2,"Intel Xeon 6787P",2000,"1,2 Chips",64-bit,64-bit,"64 KB I + 48 KB D on chip per core","2 MB I+D on chip per core","336 MB I+D on chip per chip",None,"1 TB (16 x 64 GB 2Rx4 PC5-6400B-R)",,"SUSE Linux Enterprise Server 15 SP6, 6.4.0-150600.21-default",xfs,"C/C++: Version 2026.0 of Intel oneAPI DPC++/C++, Compiler for Linux;, Fortran: Version 2026.0 of Intel Fortran, Compiler for Linux",Vendor,May-2025,Apr-2026,9019,"Cisco Systems","Cisco Systems",Jun-2026,Jul-2026,Aug-2026,"<A HREF=""/cpu2026/results/res2026q3/cpu2026-20260615-00312.html"">HTML</A> <A HREF=""/cpu2026/results/res2026q3/cpu2026-20260615-00312.csv"">CSV</A> <A HREF=""/cpu2026/results/res2026q3/cpu2026-20260615-00312.pdf"">PDF</A> <A HREF=""/cpu2026/results/res2026q3/cpu2026-20260615-00312.ps"">PS</A> <A HREF=""/cpu2026/results/res2026q3/cpu2026-20260615-00312.txt"">Text</A> <A HREF=""/cpu2026/results/res2026q3/cpu2026-20260615-00312.cfg"">Config</A>"
CINT2026rate,"Cisco Systems","Cisco UCS C245 M8 (AMD EPYC 9845 2.10 GHz Processor)",810,810,0,0,320,2,2,"AMD EPYC 9845",2100,"1,2 chips",64-bit,64-bit,"32 KB I + 48 KB D on chip per core","1 MB I+D on chip per core","320 MB I+D on chip per chip, 32 MB shared / 16 cores",None,"3 TB (24 x 128 GB 2Rx4 PC5-6400B-R, running at 6000)",,"SUSE Linux Enterprise Server 15 SP6, kernel version, 6.4.0-150600.21-default",btrfs,"C/C++/Fortran: Version 5.1.0 of AOCC",Vendor,Feb-2025,Jan-2026,9019,"Cisco Systems","Cisco Systems",Feb-2026,May-2026,Aug-2026,"<A HREF=""/cpu2026/results/res2026q2/cpu2026-20260210-00023.html"">HTML</A> <A HREF=""/cpu2026/results/res2026q2/cpu2026-20260210-00023.csv"">CSV</A> <A HREF=""/cpu2026/results/res2026q2/cpu2026-20260210-00023.pdf"">PDF</A> <A HREF=""/cpu2026/results/res2026q2/cpu2026-20260210-00023.ps"">PS</A> <A HREF=""/cpu2026/results/res2026q2/cpu2026-20260210-00023.txt"">Text</A> <A HREF=""/cpu2026/results/res2026q2/cpu2026-20260210-00023.cfg"">Config</A>"
CINT2026rate,"Cisco Systems","Cisco UCS C245 M8 (AMD EPYC 9845, 2.10 GHz Processor)",1000,1000,0,0,320,2,2,"AMD EPYC 9845",2100,"1,2 chips",64-bit,64-bit,"32 KB I + 48 KB D on chip per core","1 MB I+D on chip per core","320 MB I+D on chip per chip, 32 MB shared / 16 cores",None,"3 TB (24 x 128 GB 2Rx4 PC5-6400B-R, running at 6000)",,"SUSE Linux Enterprise Server 15 SP6, kernel version",btrfs,"C/C++/Fortran: Version 5.1.0 of AOCC",Vendor,Feb-2025,Apr-2026,9999,"Cisco Systems","Cisco Systems",Jun-2026,Jul-2026,Aug-2026,"<A HREF=""/cpu2026/results/res2026q3/cpu2026-20260616-00316.html"">HTML</A> <A HREF=""/cpu2026/results/res2026q3/cpu2026-20260616-00316.csv"">CSV</A> <A HREF=""/cpu2026/results/res2026q3/cpu2026-20260616-00316.pdf"">PDF</A> <A HREF=""/cpu2026/results/res2026q3/cpu2026-20260616-00316.ps"">PS</A> <A HREF=""/cpu2026/results/res2026q3/cpu2026-20260616-00316.txt"">Text</A> <A HREF=""/cpu2026/results/res2026q3/cpu2026-20260616-00316.cfg"">Config</A>"
CINT2026rate,"Cisco Systems","Cisco UCS X210c M8 (Intel Xeon 6787P 2.0 GHz)",601,570,0,0,172,2,2,"Intel Xeon 6787P",2000,"1,2 chips",64-bit,64-bit,"64 KB I + 48 KB D on chip per core","2 MB I+D on chip per core","336 MB I+D on chip per chip",None,"1 TB (16 x 64 GB 2Rx4 PC5-6400B-R)",,"Ubuntu 22.04.5 LTS, 5.15.0-48-generic",xfs,"C/C++: Version 2025.3 of Intel oneAPI DPC++/C++, Compiler for Linux;, Fortran: Version 2025.3 of Intel Fortran, Compiler for Linux;",Vendor,Feb-2025,Nov-2026,9019,"Cisco Systems","Cisco Systems",Feb-2026,May-2026,Aug-2026,"<A HREF=""/cpu2026/results/res2026q2/cpu2026-20260210-00025.html"">HTML</A> <A HREF=""/cpu2026/results/res2026q2/cpu2026-20260210-00025.csv"">CSV</A> <A HREF=""/cpu2026/results/res2026q2/cpu2026-20260210-00025.pdf"">PDF</A> <A HREF=""/cpu2026/results/res2026q2/cpu2026-20260210-00025.ps"">PS</A> <A HREF=""/cpu2026/results/res2026q2/cpu2026-20260210-00025.txt"">Text</A> <A HREF=""/cpu2026/results/res2026q2/cpu2026-20260210-00025.cfg"">Config</A>"
CINT2026rate,"Cisco Systems","Cisco UCS X215c M8 (AMD EPYC 9575F 3.30 GHz Processor)",630,630,0,0,128,2,2,"AMD EPYC 9575F",3300,"1,2 chips",64-bit,64-bit,"32 KB I + 48 KB D on chip per core","1 MB I+D on chip per core","256 MB I+D on chip per chip, 32 MB shared / 8 cores",None,"1536 GB (24 x 64 GB 2Rx4 PC5-6400B-R, running at 5600)",,"SUSE Linux Enterprise Server 15 SP6, kernel version, 6.4.0-150600.21-default",xfs,"C/C++/Fortran: Version 5.1.0 of AOCC",Vendor,Feb-2025,Jan-2026,9019,"Cisco Systems","Cisco Systems",Feb-2026,May-2026,Aug-2026,"<A HREF=""/cpu2026/results/res2026q2/cpu2026-20260210-00028.html"">HTML</A> <A HREF=""/cpu2026/results/res2026q2/cpu2026-20260210-00028.csv"">CSV</A> <A HREF=""/cpu2026/results/res2026q2/cpu2026-20260210-00028.pdf"">PDF</A> <A HREF=""/cpu2026/results/res2026q2/cpu2026-20260210-00028.ps"">PS</A> <A HREF=""/cpu2026/results/res2026q2/cpu2026-20260210-00028.txt"">Text</A> <A HREF=""/cpu2026/results/res2026q2/cpu2026-20260210-00028.cfg"">Config</A>"
CINT2026rate,"Cisco Systems","Cisco UCS X410c M8 (Intel Xeon 6788P 2.0 GHz processor)",1320,1270,0,0,344,4,2,"Intel Xeon 6788P",2000,"2,4 Chips",64-bit,64-bit,"64 KB I + 48 KB D on chip per core","2 MB I+D on chip per core","336 MB I+D on chip per chip",None,"2 TB (32 x 64 GB 2Rx4 PC5-6400B-R)",,"SUSE Linux Enterprise Server 15 SP6, 6.4.0-150600.21-default",btrfs,"C/C++: Version 2026.0 of Intel oneAPI DPC++/C++, Compiler for Linux;, Fortran: Version 2026.0 of Intel Fortran, Compiler for Linux",Vendor,May-2025,Apr-2026,9019,"Cisco Systems","Cisco Systems",May-2026,Jun-2026,Aug-2026,"<A HREF=""/cpu2026/results/res2026q2/cpu2026-20260602-00286.html"">HTML</A> <A HREF=""/cpu2026/results/res2026q2/cpu2026-20260602-00286.csv"">CSV</A> <A HREF=""/cpu2026/results/res2026q2/cpu2026-20260602-00286.pdf"">PDF</A> <A HREF=""/cpu2026/results/res2026q2/cpu2026-20260602-00286.ps"">PS</A> <A HREF=""/cpu2026/results/res2026q2/cpu2026-20260602-00286.txt"">Text</A> <A HREF=""/cpu2026/results/res2026q2/cpu2026-20260602-00286.cfg"">Config</A>"
CINT2026rate,"Cisco Systems","Cisco UCS X410c M8 (Intel Xeon 6788P 2.0 GHz processor)",1180,1130,0,0,172,4,2,"Intel Xeon 6788P",2000,"1,2,3,4 chips",64-bit,64-bit,"64 KB I + 48 KB D on chip per core","2 MB I+D on chip per core","336 MB I+D on chip per chip",None,"2 TB (32 x 64 GB 2Rx4 PC5-6400B-R)",,"Red Hat Enterprise Linux 10.0 (Coughlan), 6.12.0-55.9.1.el10_0.x86_64",xfs,"C/C++: Version 2025.3 of Intel oneAPI DPC++/C++, Compiler for Linux;, Fortran: Version 2025.3 of Intel Fortran, Compiler for Linux;",Vendor,Feb-2026,Jan-2026,9019,"Cisco Systems","Cisco Systems",Feb-2026,May-2026,Aug-2026,"<A HREF=""/cpu2026/results/res2026q2/cpu2026-20260210-00030.html"">HTML</A> <A HREF=""/cpu2026/results/res2026q2/cpu2026-20260210-00030.csv"">CSV</A> <A HREF=""/cpu2026/results/res2026q2/cpu2026-20260210-00030.pdf"">PDF</A> <A HREF=""/cpu2026/results/res2026q2/cpu2026-20260210-00030.ps"">PS</A> <A HREF=""/cpu2026/results/res2026q2/cpu2026-20260210-00030.txt"">Text</A> <A HREF=""/cpu2026/results/res2026q2/cpu2026-20260210-00030.cfg"">Config</A>"
CINT2026rate,"Cisco Systems","Cisco UCS XE130c M8 (Intel Xeon 6503P-B processor)",48,45.8,0,0,12,1,2,"Intel Xeon 6503P-B",2000,"1 Chips",64-bit,64-bit,"64 KB I + 48 KB D on chip per core","2 MB I+D on chip per core","48 MB I+D on chip per chip",None,"512 GB (8 x 64 GB 2Rx4 PC5-6400B-R, running at 4800)",,"SUSE Linux Enterprise Server 15 SP7, 6.4.0-150700.51-default",xfs,"C/C++: Version 2026.0 of Intel oneAPI DPC++/C++, Compiler for Linux;, Fortran: Version 2026.0 of Intel Fortran, Compiler for Linux",Vendor,Feb-2025,Apr-2026,9019,"Cisco Systems","Cisco Systems",Aug-2026,Aug-2026,Aug-2026,"<A HREF=""/cpu2026/results/res2026q3/cpu2026-20260811-00454.html"">HTML</A> <A HREF=""/cpu2026/results/res2026q3/cpu2026-20260811-00454.csv"">CSV</A> <A HREF=""/cpu2026/results/res2026q3/cpu2026-20260811-00454.pdf"">PDF</A> <A HREF=""/cpu2026/results/res2026q3/cpu2026-20260811-00454.ps"">PS</A> <A HREF=""/cpu2026/results/res2026q3/cpu2026-20260811-00454.txt"">Text</A> <A HREF=""/cpu2026/results/res2026q3/cpu2026-20260811-00454.cfg"">Config</A>"
CINT2026rate,"Cisco Systems","Cisco UCS XE130c M8 (Intel Xeon 6513P-B processor)",79,75.5,0,0,20,1,2,"Intel Xeon 6513P-B",2000,"1 Chips",64-bit,64-bit,"64 KB I + 48 KB D on chip per core","2 MB I+D on chip per core","80 MB I+D on chip per chip",None,"512 GB (8 x 64 GB 2Rx4 PC5-6400B-R, running at 5200)",,"SUSE Linux Enterprise Server 15 SP7, 6.4.0-150700.51-default",xfs,"C/C++: Version 2026.0 of Intel oneAPI DPC++/C++, Compiler for Linux;, Fortran: Version 2026.0 of Intel Fortran, Compiler for Linux",Vendor,Feb-2025,Apr-2026,9019,"Cisco Systems","Cisco Systems",Aug-2026,Aug-2026,Aug-2026,"<A HREF=""/cpu2026/results/res2026q3/cpu2026-20260811-00458.html"">HTML</A> <A HREF=""/cpu2026/results/res2026q3/cpu2026-20260811-00458.csv"">CSV</A> <A HREF=""/cpu2026/results/res2026q3/cpu2026-20260811-00458.pdf"">PDF</A> <A HREF=""/cpu2026/results/res2026q3/cpu2026-20260811-00458.ps"">PS</A> <A HREF=""/cpu2026/results/res2026q3/cpu2026-20260811-00458.txt"">Text</A> <A HREF=""/cpu2026/results/res2026q3/cpu2026-20260811-00458.cfg"">Config</A>"
CINT2026rate,"Cisco Systems","Cisco UCS XE130c M8 (Intel Xeon 6543P-B processor)",122,116,0,0,32,1,2,"Intel Xeon 6543P-B",2000,"1 Chips",64-bit,64-bit,"64 KB I + 48 KB D on chip per core","2 MB I+D on chip per core","128 MB I+D on chip per chip",None,"512 GB (8 x 64 GB 2Rx4 PC5-6400B-R, running at 5200)",,"SUSE Linux Enterprise Server 15 SP7, 6.4.0-150700.51-default",xfs,"C/C++: Version 2026.0 of Intel oneAPI DPC++/C++, Compiler for Linux;, Fortran: Version 2026.0 of Intel Fortran, Compiler for Linux",Vendor,Feb-2025,Apr-2026,9019,"Cisco Systems","Cisco Systems",Aug-2026,Aug-2026,Aug-2026,"<A HREF=""/cpu2026/results/res2026q3/cpu2026-20260811-00453.html"">HTML</A> <A HREF=""/cpu2026/results/res2026q3/cpu2026-20260811-00453.csv"">CSV</A> <A HREF=""/cpu2026/results/res2026q3/cpu2026-20260811-00453.pdf"">PDF</A> <A HREF=""/cpu2026/results/res2026q3/cpu2026-20260811-00453.ps"">PS</A> <A HREF=""/cpu2026/results/res2026q3/cpu2026-20260811-00453.txt"">Text</A> <A HREF=""/cpu2026/results/res2026q3/cpu2026-20260811-00453.cfg"">Config</A>"
CINT2026rate,"Compal Electronics, Inc.","SR224-2A AMD EPYC 9755",1080,1080,0,0,256,2,2,"AMD EPYC 9755",2700,"1,2 chips",64-bit,64-bit,"32 KB I + 48 KB D on chip per core","1 MB I+D on chip per core","512 MB I+D on chip per chip, 32 MB shared / 8 cores",None,"1536 GB (24 x 64 GB 2Rx8 PC5-6400B-R)  ",,"SUSE Linux Enterprise Server 15 SP7, kernel version, 6.4.0-150700.51-default",btrfs,"C/C++/Fortran: Version 5.2.0 of AOCC",Vendor,Jul-2025,May-2026,6857,"Compal Electronics, Inc.","Compal Electronics, Inc.",Aug-2026,Sep-2026,Sep-2026,"<A HREF=""/cpu2026/results/res2026q3/cpu2026-20260816-00463.html"">HTML</A> <A HREF=""/cpu2026/results/res2026q3/cpu2026-20260816-00463.csv"">CSV</A> <A HREF=""/cpu2026/results/res2026q3/cpu2026-20260816-00463.pdf"">PDF</A> <A HREF=""/cpu2026/results/res2026q3/cpu2026-20260816-00463.ps"">PS</A> <A HREF=""/cpu2026/results/res2026q3/cpu2026-20260816-00463.txt"">Text</A> <A HREF=""/cpu2026/results/res2026q3/cpu2026-20260816-00463.cfg"">Config</A>"
CINT2026rate,"Compal Electronics, Inc.","SR224-2A AMD EPYC 9845",1070,1070,0,0,320,2,2,"AMD EPYC 9845",2100,"1,2 chips",64-bit,64-bit,"32 KB I + 48 KB D on chip per core","1 MB I+D on chip per core","320 MB I+D on chip per chip, 32 MB shared / 16 cores",None,"3 TB (24 x 128 GB 2Rx4 PC5-6400B-R)  ",,"SUSE Linux Enterprise Server 15 SP6, kernel version, 6.4.0-150600.21-default",btrfs,"C/C++/Fortran: Version 5.2.0 of AOCC",Vendor,Jul-2025,May-2026,6857,"Compal Electronics, Inc.","Compal Electronics, Inc.",Jul-2026,Aug-2026,Aug-2026,"<A HREF=""/cpu2026/results/res2026q3/cpu2026-20260720-00382.html"">HTML</A> <A HREF=""/cpu2026/results/res2026q3/cpu2026-20260720-00382.csv"">CSV</A> <A HREF=""/cpu2026/results/res2026q3/cpu2026-20260720-00382.pdf"">PDF</A> <A HREF=""/cpu2026/results/res2026q3/cpu2026-20260720-00382.ps"">PS</A> <A HREF=""/cpu2026/results/res2026q3/cpu2026-20260720-00382.txt"">Text</A> <A HREF=""/cpu2026/results/res2026q3/cpu2026-20260720-00382.cfg"">Config</A>"
CINT2026rate,"Compal Electronics, Inc.","SR224-2A AMD EPYC 9965",1290,1290,0,0,384,2,2,"AMD EPYC 9965",2250,"1,2 chips",64-bit,64-bit,"32 KB I + 48 KB D on chip per core","1 MB I+D on chip per core","384 MB I+D on chip per chip, 32 MB shared / 16 cores",None,"1536 GB (24 x 64 GB 2Rx8 PC5-6400B-R)  ",,"SUSE Linux Enterprise Server 15 SP7, kernel version, 6.4.0-150700.51-default",btrfs,"C/C++/Fortran: Version 5.2.0 of AOCC",Vendor,Jul-2025,May-2026,6857,"Compal Electronics, Inc.","Compal Electronics, Inc.",Jul-2026,Aug-2026,Aug-2026,"<A HREF=""/cpu2026/results/res2026q3/cpu2026-20260805-00416.html"">HTML</A> <A HREF=""/cpu2026/results/res2026q3/cpu2026-20260805-00416.csv"">CSV</A> <A HREF=""/cpu2026/results/res2026q3/cpu2026-20260805-00416.pdf"">PDF</A> <A HREF=""/cpu2026/results/res2026q3/cpu2026-20260805-00416.ps"">PS</A> <A HREF=""/cpu2026/results/res2026q3/cpu2026-20260805-00416.txt"">Text</A> <A HREF=""/cpu2026/results/res2026q3/cpu2026-20260805-00416.cfg"">Config</A>"
CINT2026rate,"Dell Inc.","PowerEdge M7725 (AMD EPYC 9755 128-Core Processor)",1070,1070,0,0,256,2,2,"AMD EPYC 9755",2700,"1,2 chips",64-bit,64-bit,"32 KB I + 48 KB D on chip per core","1 MB I+D on chip per core","512 MB I+D on chip per chip, 32 MB shared / 8 cores",None,"1536 GB (24 x 64 GB 2Rx4 PC5-6400B-R)",,"Ubuntu 24.04.1 LTS, 6.8.0-57-generic",tmpfs,"C/C++/Fortran: Version 5.1.0 of AOCC",Vendor,Jan-2025,Jan-2026,6573,"Dell Inc.","Dell Inc.",Feb-2026,May-2026,Aug-2026,"<A HREF=""/cpu2026/results/res2026q2/cpu2026-20260210-00033.html"">HTML</A> <A HREF=""/cpu2026/results/res2026q2/cpu2026-20260210-00033.csv"">CSV</A> <A HREF=""/cpu2026/results/res2026q2/cpu2026-20260210-00033.pdf"">PDF</A> <A HREF=""/cpu2026/results/res2026q2/cpu2026-20260210-00033.ps"">PS</A> <A HREF=""/cpu2026/results/res2026q2/cpu2026-20260210-00033.txt"">Text</A> <A HREF=""/cpu2026/results/res2026q2/cpu2026-20260210-00033.cfg"">Config</A>"
CINT2026rate,"Dell Inc.","PowerEdge M7725 (AMD EPYC 9965 192-Core Processor)",1270,1270,0,0,384,2,2,"AMD EPYC 9965",2250,"1,2 chips",64-bit,64-bit,"32 KB I + 48 KB D on chip per core","1 MB I+D on chip per core","384 MB I+D on chip per chip, 32 MB shared / 16 cores",None,"1536 GB (24 x 64 GB 2Rx4 PC5-6400B-R)",,"Ubuntu 24.04.1 LTS, 6.8.0-57-generic",tmpfs,"C/C++/Fortran: Version 5.1.0 of AOCC",Vendor,Jan-2025,Jan-2026,6573,"Dell Inc.","Dell Inc.",Feb-2026,May-2026,Aug-2026,"<A HREF=""/cpu2026/results/res2026q2/cpu2026-20260210-00037.html"">HTML</A> <A HREF=""/cpu2026/results/res2026q2/cpu2026-20260210-00037.csv"">CSV</A> <A HREF=""/cpu2026/results/res2026q2/cpu2026-20260210-00037.pdf"">PDF</A> <A HREF=""/cpu2026/results/res2026q2/cpu2026-20260210-00037.ps"">PS</A> <A HREF=""/cpu2026/results/res2026q2/cpu2026-20260210-00037.txt"">Text</A> <A HREF=""/cpu2026/results/res2026q2/cpu2026-20260210-00037.cfg"">Config</A>"
CINT2026rate,"Dell Inc.","PowerEdge R570 (Intel Xeon 6787P)",346,329,0,0,86,1,2,"Intel Xeon 6787P",2000,"1 chip",64-bit,64-bit,"64 KB I + 48 KB D on chip per core","2 MB I+D on chip per core","336 MB I+D on chip per chip",None,"512 GB (8 x 64 GB 2Rx4 PC5-6400B-R)",,"SUSE Linux Enterprise Server 15 SP6, 6.4.0-150600.21-default",tmpfs,"C/C++: Version 2025.3 of Intel oneAPI DPC++/C++, Compiler for Linux;, Fortran: Version 2025.3 of Intel Fortran, Compiler for Linux",Vendor,Mar-2025,Nov-2025,6573,"Dell Inc.","Dell Inc.",Feb-2026,May-2026,Aug-2026,"<A HREF=""/cpu2026/results/res2026q2/cpu2026-20260210-00041.html"">HTML</A> <A HREF=""/cpu2026/results/res2026q2/cpu2026-20260210-00041.csv"">CSV</A> <A HREF=""/cpu2026/results/res2026q2/cpu2026-20260210-00041.pdf"">PDF</A> <A HREF=""/cpu2026/results/res2026q2/cpu2026-20260210-00041.ps"">PS</A> <A HREF=""/cpu2026/results/res2026q2/cpu2026-20260210-00041.txt"">Text</A> <A HREF=""/cpu2026/results/res2026q2/cpu2026-20260210-00041.cfg"">Config</A>"
CINT2026rate,"Dell Inc.","PowerEdge R7625 (AMD EPYC 9654 96-Core Processor)",655,655,0,0,192,2,2,"AMD EPYC 9654",2400,"1,2 chips",64-bit,64-bit,"32 KB I + 32 KB D on chip per core","1 MB I+D on chip per core","384 MB I+D on chip per chip, 32 MB shared / 8 cores",None,"2304 GB (24 x 96 GB 2Rx4 PC5-5600B-R, running at 4800)",,"Ubuntu 24.04 LTS, 6.8.0-44-generic",tmpfs,"C/C++/Fortran: Version 5.1.0 of AOCC",Vendor,Nov-2022,Jan-2026,6573,"Dell Inc.","Dell Inc.",Feb-2026,May-2026,Aug-2026,"<A HREF=""/cpu2026/results/res2026q2/cpu2026-20260210-00045.html"">HTML</A> <A HREF=""/cpu2026/results/res2026q2/cpu2026-20260210-00045.csv"">CSV</A> <A HREF=""/cpu2026/results/res2026q2/cpu2026-20260210-00045.pdf"">PDF</A> <A HREF=""/cpu2026/results/res2026q2/cpu2026-20260210-00045.ps"">PS</A> <A HREF=""/cpu2026/results/res2026q2/cpu2026-20260210-00045.txt"">Text</A> <A HREF=""/cpu2026/results/res2026q2/cpu2026-20260210-00045.cfg"">Config</A>"
CINT2026rate,"Dell Inc.","PowerEdge R7625 (AMD EPYC 9754 128-Core Processor)",749,749,0,0,256,2,2,"AMD EPYC 9754",2250,"1,2 chips",64-bit,64-bit,"32 KB I + 32 KB D on chip per core","1 MB I+D on chip per core","256 MB I+D on chip per chip, 16 MB shared / 8 cores",None,"1536 GB (24 x 64 GB 2Rx4 PC5-4800B-R)",,"Ubuntu 24.04 LTS, 6.8.0-44-generic",tmpfs,"C/C++/Fortran: Version 5.1.0 of AOCC",Vendor,Nov-2024,Jan-2026,6573,"Dell Inc.","Dell Inc.",Feb-2026,May-2026,Aug-2026,"<A HREF=""/cpu2026/results/res2026q2/cpu2026-20260210-00049.html"">HTML</A> <A HREF=""/cpu2026/results/res2026q2/cpu2026-20260210-00049.csv"">CSV</A> <A HREF=""/cpu2026/results/res2026q2/cpu2026-20260210-00049.pdf"">PDF</A> <A HREF=""/cpu2026/results/res2026q2/cpu2026-20260210-00049.ps"">PS</A> <A HREF=""/cpu2026/results/res2026q2/cpu2026-20260210-00049.txt"">Text</A> <A HREF=""/cpu2026/results/res2026q2/cpu2026-20260210-00049.cfg"">Config</A>"
CINT2026rate,"Dell Inc.","PowerEdge R770 (Intel Xeon 6732P)",342,325,0,0,64,2,2,"Intel Xeon 6732P",3800,"1,2 chips",64-bit,64-bit,"64 KB I + 48 KB D on chip per core","2 MB I+D on chip per core","144 MB I+D on chip per chip",None,"1 TB (16 x 64 GB 2Rx4 PC5-6400B-R)",,"SUSE Linux Enterprise Server 15 SP6, 6.4.0-150600.21-default",tmpfs,"C/C++: Version 2025.3 of Intel oneAPI DPC++/C++, Compiler for Linux;, Fortran: Version 2025.3 of Intel Fortran, Compiler for Linux",Vendor,Mar-2025,Nov-2025,6573,"Dell Inc.","Dell Inc.",Feb-2026,May-2026,Aug-2026,"<A HREF=""/cpu2026/results/res2026q2/cpu2026-20260210-00053.html"">HTML</A> <A HREF=""/cpu2026/results/res2026q2/cpu2026-20260210-00053.csv"">CSV</A> <A HREF=""/cpu2026/results/res2026q2/cpu2026-20260210-00053.pdf"">PDF</A> <A HREF=""/cpu2026/results/res2026q2/cpu2026-20260210-00053.ps"">PS</A> <A HREF=""/cpu2026/results/res2026q2/cpu2026-20260210-00053.txt"">Text</A> <A HREF=""/cpu2026/results/res2026q2/cpu2026-20260210-00053.cfg"">Config</A>"
CINT2026rate,"Dell Inc.","PowerEdge R770 (Intel Xeon 6780E)",583,542,0,0,288,2,1,"Intel Xeon 6780E",2200,"1,2 chips",64-bit,64-bit,"64 KB I + 32 KB D on chip per core","4 MB I+D on chip per core","108 MB I+D on chip per chip",None,"1 TB (16 x 64 GB 2Rx4 PC5-6400B-R)",,"SUSE Linux Enterprise Server 15 SP6, 6.4.0-150600.21-default",tmpfs,"C/C++: Version 2025.3 of Intel oneAPI DPC++/C++, Compiler for Linux;, Fortran: Version 2025.3 of Intel Fortran, Compiler for Linux",Vendor,Mar-2025,Nov-2025,6573,"Dell Inc.","Dell Inc.",Feb-2026,May-2026,Aug-2026,"<A HREF=""/cpu2026/results/res2026q2/cpu2026-20260210-00057.html"">HTML</A> <A HREF=""/cpu2026/results/res2026q2/cpu2026-20260210-00057.csv"">CSV</A> <A HREF=""/cpu2026/results/res2026q2/cpu2026-20260210-00057.pdf"">PDF</A> <A HREF=""/cpu2026/results/res2026q2/cpu2026-20260210-00057.ps"">PS</A> <A HREF=""/cpu2026/results/res2026q2/cpu2026-20260210-00057.txt"">Text</A> <A HREF=""/cpu2026/results/res2026q2/cpu2026-20260210-00057.cfg"">Config</A>"
CINT2026rate,"Dell Inc.","PowerEdge R770 (Intel Xeon 6787P)",468,445,46.6,44.4,172,2,2,"Intel Xeon 6787P",2000,"1,2 chips",64-bit,64-bit,"64 KB I + 48 KB D on chip per core","2 MB I+D on chip per core","336 MB I+D on chip per chip",None,"1 TB (16 x 64 GB 2Rx4 PC5-6400B-R, running at 4800)",,"SUSE Linux Enterprise Server 15 SP6, 6.4.0-150600.21-default",xfs,"C/C++: Version 2025.3 of Intel oneAPI DPC++/C++, Compiler for Linux;, Fortran: Version 2025.3 of Intel Fortran, Compiler for Linux",Vendor,Mar-2025,Nov-2025,6573,"Dell Inc.","Dell Inc.",Feb-2026,May-2026,Aug-2026,"<A HREF=""/cpu2026/results/res2026q2/cpu2026-20260210-00063.html"">HTML</A> <A HREF=""/cpu2026/results/res2026q2/cpu2026-20260210-00063.csv"">CSV</A> <A HREF=""/cpu2026/results/res2026q2/cpu2026-20260210-00063.pdf"">PDF</A> <A HREF=""/cpu2026/results/res2026q2/cpu2026-20260210-00063.ps"">PS</A> <A HREF=""/cpu2026/results/res2026q2/cpu2026-20260210-00063.txt"">Text</A> <A HREF=""/cpu2026/results/res2026q2/cpu2026-20260210-00063.cfg"">Config</A>"
CINT2026rate,"Dell Inc.","PowerEdge R770 (Intel Xeon 6787P)",674,640,0,0,172,2,2,"Intel Xeon 6787P",2000,"1,2 chips",64-bit,64-bit,"64 KB I + 48 KB D on chip per core","2 MB I+D on chip per core","336 MB I+D on chip per chip",None,"1 TB (16 x 64 GB 2Rx4 PC5-6400B-R)",,"SUSE Linux Enterprise Server 15 SP6, 6.4.0-150600.21-default",tmpfs,"C/C++: Version 2025.3 of Intel oneAPI DPC++/C++, Compiler for Linux;, Fortran: Version 2025.3 of Intel Fortran, Compiler for Linux",Vendor,Mar-2025,Nov-2025,6573,"Dell Inc.","Dell Inc.",Feb-2026,May-2026,Aug-2026,"<A HREF=""/cpu2026/results/res2026q2/cpu2026-20260210-00064.html"">HTML</A> <A HREF=""/cpu2026/results/res2026q2/cpu2026-20260210-00064.csv"">CSV</A> <A HREF=""/cpu2026/results/res2026q2/cpu2026-20260210-00064.pdf"">PDF</A> <A HREF=""/cpu2026/results/res2026q2/cpu2026-20260210-00064.ps"">PS</A> <A HREF=""/cpu2026/results/res2026q2/cpu2026-20260210-00064.txt"">Text</A> <A HREF=""/cpu2026/results/res2026q2/cpu2026-20260210-00064.cfg"">Config</A>"
CINT2026rate,"Dell Inc.","PowerEdge R770AP (Intel Xeon 6952P)",773,733,0,0,192,2,2,"Intel Xeon 6952P",2100,"1,2 chips",64-bit,64-bit,"64 KB I + 48 KB D on chip per core","2 MB I+D on chip per core","480 MB I+D on chip per chip",None,"768 GB (24 x 32 GB 2Rx8 PC5-6400B-R)",,"SUSE Linux Enterprise Server 16.0, 6.12.0-160000.5-default",tmpfs,"C/C++: Version 2025.3 of Intel oneAPI DPC++/C++, Compiler for Linux;, Fortran: Version 2025.3 of Intel Fortran, Compiler for Linux",Vendor,Dec-2025,Nov-2025,6573,"Dell Inc.","Dell Inc.",Feb-2026,May-2026,Aug-2026,"<A HREF=""/cpu2026/results/res2026q2/cpu2026-20260210-00069.html"">HTML</A> <A HREF=""/cpu2026/results/res2026q2/cpu2026-20260210-00069.csv"">CSV</A> <A HREF=""/cpu2026/results/res2026q2/cpu2026-20260210-00069.pdf"">PDF</A> <A HREF=""/cpu2026/results/res2026q2/cpu2026-20260210-00069.ps"">PS</A> <A HREF=""/cpu2026/results/res2026q2/cpu2026-20260210-00069.txt"">Text</A> <A HREF=""/cpu2026/results/res2026q2/cpu2026-20260210-00069.cfg"">Config</A>"
CINT2026rate,"Dell Inc.","PowerEdge R770AP (Intel Xeon 6978P)",956,909,0,0,240,2,2,"Intel Xeon 6978P",2100,"1,2 chips",64-bit,64-bit,"64 KB I + 48 KB D on chip per core","2 MB I+D on chip per core","504 MB I+D on chip per chip",None,"1536 GB (24 x 64 GB 2Rx4 PC5-6400B-R)",,"SUSE Linux Enterprise Server 16.0, 6.12.0-160000.5-default",tmpfs,"C/C++: Version 2025.3 of Intel oneAPI DPC++/C++, Compiler for Linux;, Fortran: Version 2025.3 of Intel Fortran, Compiler for Linux",Vendor,Dec-2025,Nov-2025,6573,"Dell Inc.","Dell Inc.",Feb-2026,May-2026,Aug-2026,"<A HREF=""/cpu2026/results/res2026q2/cpu2026-20260210-00073.html"">HTML</A> <A HREF=""/cpu2026/results/res2026q2/cpu2026-20260210-00073.csv"">CSV</A> <A HREF=""/cpu2026/results/res2026q2/cpu2026-20260210-00073.pdf"">PDF</A> <A HREF=""/cpu2026/results/res2026q2/cpu2026-20260210-00073.ps"">PS</A> <A HREF=""/cpu2026/results/res2026q2/cpu2026-20260210-00073.txt"">Text</A> <A HREF=""/cpu2026/results/res2026q2/cpu2026-20260210-00073.cfg"">Config</A>"
CINT2026rate,"Dell Inc.","PowerEdge R770AP (Intel Xeon 6980P)",984,935,0,0,256,2,2,"Intel Xeon 6980P",2000,"1,2 chips",64-bit,64-bit,"64 KB I + 48 KB D on chip per core","2 MB I+D on chip per core","504 MB I+D on chip per chip",None,"1536 GB (24 x 64 GB 2Rx4 PC5-6400B-R)",,"SUSE Linux Enterprise Server 16.0, 6.12.0-160000.5-default",tmpfs,"C/C++: Version 2025.3 of Intel oneAPI DPC++/C++, Compiler for Linux;, Fortran: Version 2025.3 of Intel Fortran, Compiler for Linux",Vendor,Dec-2025,Nov-2025,6573,"Dell Inc.","Dell Inc.",Feb-2026,May-2026,Aug-2026,"<A HREF=""/cpu2026/results/res2026q2/cpu2026-20260210-00077.html"">HTML</A> <A HREF=""/cpu2026/results/res2026q2/cpu2026-20260210-00077.csv"">CSV</A> <A HREF=""/cpu2026/results/res2026q2/cpu2026-20260210-00077.pdf"">PDF</A> <A HREF=""/cpu2026/results/res2026q2/cpu2026-20260210-00077.ps"">PS</A> <A HREF=""/cpu2026/results/res2026q2/cpu2026-20260210-00077.txt"">Text</A> <A HREF=""/cpu2026/results/res2026q2/cpu2026-20260210-00077.cfg"">Config</A>"
CINT2026rate,"Dell Inc.","PowerEdge R7715 (AMD EPYC 9845 160-Core Processor)",504,504,0,0,160,1,2,"AMD EPYC 9845",2100,"1 chip",64-bit,64-bit,"32 KB I + 48 KB D on chip per core","1 MB I+D on chip per core","320 MB I+D on chip per chip, 32 MB shared / 16 cores",None,"768 GB (12 x 64 GB 2Rx4 PC5-6400B-R, running at 5200)",,"Ubuntu 24.04.2 LTS, 6.8.0-85-generic",ext4,"C/C++/Fortran: Version 5.1.0 of AOCC",Vendor,Mar-2025,Jan-2026,6573,"Dell Inc.","Dell Inc.",Feb-2026,May-2026,Aug-2026,"<A HREF=""/cpu2026/results/res2026q2/cpu2026-20260210-00081.html"">HTML</A> <A HREF=""/cpu2026/results/res2026q2/cpu2026-20260210-00081.csv"">CSV</A> <A HREF=""/cpu2026/results/res2026q2/cpu2026-20260210-00081.pdf"">PDF</A> <A HREF=""/cpu2026/results/res2026q2/cpu2026-20260210-00081.ps"">PS</A> <A HREF=""/cpu2026/results/res2026q2/cpu2026-20260210-00081.txt"">Text</A> <A HREF=""/cpu2026/results/res2026q2/cpu2026-20260210-00081.cfg"">Config</A>"
CINT2026rate,"Dell Inc.","PowerEdge R7725 (AMD EPYC 9755 128-Core Processor)",896,896,57.6,57.6,256,2,2,"AMD EPYC 9755",2700,"1,2 chips",64-bit,64-bit,"32 KB I + 48 KB D on chip per core","1 MB I+D on chip per core","512 MB I+D on chip per chip, 32 MB shared / 8 cores",None,"1536 GB (24 x 64 GB 2Rx4 PC5-6400B-R)",,"Ubuntu 24.04 LTS, 6.8.0-87-generic",tmpfs,"C/C++/Fortran: Version 5.1.0 of AOCC",Vendor,Nov-2024,Jan-2026,6573,"Dell Inc.","Dell Inc.",Feb-2026,May-2026,Aug-2026,"<A HREF=""/cpu2026/results/res2026q2/cpu2026-20260210-00086.html"">HTML</A> <A HREF=""/cpu2026/results/res2026q2/cpu2026-20260210-00086.csv"">CSV</A> <A HREF=""/cpu2026/results/res2026q2/cpu2026-20260210-00086.pdf"">PDF</A> <A HREF=""/cpu2026/results/res2026q2/cpu2026-20260210-00086.ps"">PS</A> <A HREF=""/cpu2026/results/res2026q2/cpu2026-20260210-00086.txt"">Text</A> <A HREF=""/cpu2026/results/res2026q2/cpu2026-20260210-00086.cfg"">Config</A>"
CINT2026rate,"Dell Inc.","PowerEdge R7725 (AMD EPYC 9755 128-Core Processor)",1060,1060,0,0,256,2,2,"AMD EPYC 9755",2700,"1,2 chips",64-bit,64-bit,"32 KB I + 48 KB D on chip per core","1 MB I+D on chip per core","512 MB I+D on chip per chip, 32 MB shared / 8 cores",None,"1536 GB (24 x 64 GB 2Rx4 PC5-6400B-R)",,"Ubuntu 24.04.2 LTS, 6.8.0-55-generic",tmpfs,"C/C++/Fortran: Version 5.1.0 of AOCC",Vendor,Mar-2025,Jan-2026,6573,"Dell Inc.","Dell Inc.",Feb-2026,May-2026,Aug-2026,"<A HREF=""/cpu2026/results/res2026q2/cpu2026-20260210-00087.html"">HTML</A> <A HREF=""/cpu2026/results/res2026q2/cpu2026-20260210-00087.csv"">CSV</A> <A HREF=""/cpu2026/results/res2026q2/cpu2026-20260210-00087.pdf"">PDF</A> <A HREF=""/cpu2026/results/res2026q2/cpu2026-20260210-00087.ps"">PS</A> <A HREF=""/cpu2026/results/res2026q2/cpu2026-20260210-00087.txt"">Text</A> <A HREF=""/cpu2026/results/res2026q2/cpu2026-20260210-00087.cfg"">Config</A>"
CINT2026rate,"Dell Inc.","PowerEdge R7725 (AMD EPYC 9965 192-Core Processor)",1230,1230,0,0,384,2,2,"AMD EPYC 9965",2250,"1,2 chips",64-bit,64-bit,"32 KB I + 48 KB D on chip per core","1 MB I+D on chip per core","384 MB I+D on chip per chip, 32 MB shared / 16 cores",None,"1536 GB (24 x 64 GB 2Rx4 PC5-6400B-R)",,"Ubuntu 24.04.2 LTS, 6.8.0-55-generic",tmpfs,"C/C++/Fortran: Version 5.1.0 of AOCC",Vendor,Mar-2025,Jan-2026,6573,"Dell Inc.","Dell Inc.",Feb-2026,May-2026,Aug-2026,"<A HREF=""/cpu2026/results/res2026q2/cpu2026-20260210-00091.html"">HTML</A> <A HREF=""/cpu2026/results/res2026q2/cpu2026-20260210-00091.csv"">CSV</A> <A HREF=""/cpu2026/results/res2026q2/cpu2026-20260210-00091.pdf"">PDF</A> <A HREF=""/cpu2026/results/res2026q2/cpu2026-20260210-00091.ps"">PS</A> <A HREF=""/cpu2026/results/res2026q2/cpu2026-20260210-00091.txt"">Text</A> <A HREF=""/cpu2026/results/res2026q2/cpu2026-20260210-00091.cfg"">Config</A>"
CINT2026rate,"Dell Inc.","PowerEdge XR8720t (Intel Xeon 6776P-B)",278,264,0,0,72,1,2,"Intel Xeon 6776P-B",2300,"1 chip",64-bit,64-bit,"64 KB I + 48 KB D on chip per core","2 MB I+D on chip per core","288 MB I+D on chip per chip",None,"512 GB (8 x 64 GB 2Rx4 PC5-6400B-R)",,"Red Hat Enterprise Linux 10.0 (Coughlan), 6.12.0-55.9.1.el10_0.x86_64",tmpfs,"C/C++: Version 2025.3 of Intel oneAPI DPC++/C++, Compiler for Linux;, Fortran: Version 2025.3 of Intel Fortran, Compiler for Linux",Vendor,Mar-2026,Nov-2025,6573,"Dell Inc.","Dell Inc.",Feb-2026,May-2026,Aug-2026,"<A HREF=""/cpu2026/results/res2026q2/cpu2026-20260210-00095.html"">HTML</A> <A HREF=""/cpu2026/results/res2026q2/cpu2026-20260210-00095.csv"">CSV</A> <A HREF=""/cpu2026/results/res2026q2/cpu2026-20260210-00095.pdf"">PDF</A> <A HREF=""/cpu2026/results/res2026q2/cpu2026-20260210-00095.ps"">PS</A> <A HREF=""/cpu2026/results/res2026q2/cpu2026-20260210-00095.txt"">Text</A> <A HREF=""/cpu2026/results/res2026q2/cpu2026-20260210-00095.cfg"">Config</A>"
CINT2026rate,"Fsas Technologies Inc.","PRIMERGY RX1330 M6, Intel Xeon 6315P, 2.8 GHz",0,19.4,0,0,4,1,1,"Xeon 6315P",2800,"1 chip",64-bit,"Not Applicable","32 KB I + 48 KB D on chip per core","2 MB I+D on chip per core","12 MB I+D on chip per chip",None,"64 GB (2 x 32 GB 2Rx8 PC5-4800B-E, running at 4400)",,"SUSE Linux Enterprise Server 15 SP6, 6.4.0-150600.21-default",xfs,"C/C++: Version 2026.0 of Intel oneAPI DPC++/C++, Compiler for Linux;, Fortran: Version 2026.0 of Intel Fortran, Compiler for Linux",Vendor,Apr-2025,Apr-2026,19,"Fsas Technologies Inc.",Fujitsu,Jun-2026,Jul-2026,Aug-2026,"<A HREF=""/cpu2026/results/res2026q3/cpu2026-20260629-00323.html"">HTML</A> <A HREF=""/cpu2026/results/res2026q3/cpu2026-20260629-00323.csv"">CSV</A> <A HREF=""/cpu2026/results/res2026q3/cpu2026-20260629-00323.pdf"">PDF</A> <A HREF=""/cpu2026/results/res2026q3/cpu2026-20260629-00323.ps"">PS</A> <A HREF=""/cpu2026/results/res2026q3/cpu2026-20260629-00323.txt"">Text</A> <A HREF=""/cpu2026/results/res2026q3/cpu2026-20260629-00323.cfg"">Config</A>"
CINT2026rate,"Fsas Technologies Inc.","PRIMERGY RX1330 M6, Intel Xeon 6325P, 3.5 GHz",0,21.5,0,0,4,1,2,"Xeon 6325P",3500,"1 chip",64-bit,"Not Applicable","32 KB I + 48 KB D on chip per core","2 MB I+D on chip per core","12 MB I+D on chip per chip",None,"64 GB (2 x 32 GB 2Rx8 PC5-4800B-E, running at 4400)",,"SUSE Linux Enterprise Server 15 SP6, 6.4.0-150600.21-default",xfs,"C/C++: Version 2026.0 of Intel oneAPI DPC++/C++, Compiler for Linux;, Fortran: Version 2026.0 of Intel Fortran, Compiler for Linux",Vendor,Apr-2025,Apr-2026,19,"Fsas Technologies Inc.",Fujitsu,Jun-2026,Jul-2026,Aug-2026,"<A HREF=""/cpu2026/results/res2026q3/cpu2026-20260629-00326.html"">HTML</A> <A HREF=""/cpu2026/results/res2026q3/cpu2026-20260629-00326.csv"">CSV</A> <A HREF=""/cpu2026/results/res2026q3/cpu2026-20260629-00326.pdf"">PDF</A> <A HREF=""/cpu2026/results/res2026q3/cpu2026-20260629-00326.ps"">PS</A> <A HREF=""/cpu2026/results/res2026q3/cpu2026-20260629-00326.txt"">Text</A> <A HREF=""/cpu2026/results/res2026q3/cpu2026-20260629-00326.cfg"">Config</A>"
CINT2026rate,"Fsas Technologies Inc.","PRIMERGY RX1330 M6, Intel Xeon 6333P, 3.1 GHz",0,30.1,0,0,6,1,2,"Xeon 6333P",3100,"1 chip",64-bit,"Not Applicable","32 KB I + 48 KB D on chip per core","2 MB I+D on chip per core","18 MB I+D on chip per chip",None,"64 GB (2 x 32 GB 2Rx8 PC5-4800B-E, running at 4400)",,"SUSE Linux Enterprise Server 15 SP6, 6.4.0-150600.21-default",xfs,"C/C++: Version 2026.0 of Intel oneAPI DPC++/C++, Compiler for Linux;, Fortran: Version 2026.0 of Intel Fortran, Compiler for Linux",Vendor,Apr-2025,Apr-2026,19,"Fsas Technologies Inc.",Fujitsu,Jun-2026,Jul-2026,Aug-2026,"<A HREF=""/cpu2026/results/res2026q3/cpu2026-20260629-00329.html"">HTML</A> <A HREF=""/cpu2026/results/res2026q3/cpu2026-20260629-00329.csv"">CSV</A> <A HREF=""/cpu2026/results/res2026q3/cpu2026-20260629-00329.pdf"">PDF</A> <A HREF=""/cpu2026/results/res2026q3/cpu2026-20260629-00329.ps"">PS</A> <A HREF=""/cpu2026/results/res2026q3/cpu2026-20260629-00329.txt"">Text</A> <A HREF=""/cpu2026/results/res2026q3/cpu2026-20260629-00329.cfg"">Config</A>"
CINT2026rate,"Fsas Technologies Inc.","PRIMERGY RX1330 M6, Intel Xeon 6337P, 3.5 GHz",0,33,0,0,6,1,2,"Xeon 6337P",3500,"1 chip",64-bit,"Not Applicable","32 KB I + 48 KB D on chip per core","2 MB I+D on chip per core","18 MB I+D on chip per chip",None,"64 GB (2 x 32 GB 2Rx8 PC5-4800B-E, running at 4400)",,"SUSE Linux Enterprise Server 15 SP6, 6.4.0-150600.21-default",xfs,"C/C++: Version 2026.0 of Intel oneAPI DPC++/C++, Compiler for Linux;, Fortran: Version 2026.0 of Intel Fortran, Compiler for Linux",Vendor,Apr-2025,Apr-2026,19,"Fsas Technologies Inc.",Fujitsu,Jun-2026,Jul-2026,Aug-2026,"<A HREF=""/cpu2026/results/res2026q3/cpu2026-20260629-00331.html"">HTML</A> <A HREF=""/cpu2026/results/res2026q3/cpu2026-20260629-00331.csv"">CSV</A> <A HREF=""/cpu2026/results/res2026q3/cpu2026-20260629-00331.pdf"">PDF</A> <A HREF=""/cpu2026/results/res2026q3/cpu2026-20260629-00331.ps"">PS</A> <A HREF=""/cpu2026/results/res2026q3/cpu2026-20260629-00331.txt"">Text</A> <A HREF=""/cpu2026/results/res2026q3/cpu2026-20260629-00331.cfg"">Config</A>"
CINT2026rate,"Fsas Technologies Inc.","PRIMERGY RX1330 M6, Intel Xeon 6349P, 3.6 GHz",0,34.7,0,0,6,1,2,"Xeon 6349P",3600,"1 chip",64-bit,"Not Applicable","32 KB I + 48 KB D on chip per core","2 MB I+D on chip per core","18 MB I+D on chip per chip",None,"64 GB (2 x 32 GB 2Rx8 PC5-4800B-E, running at 4400)",,"SUSE Linux Enterprise Server 15 SP6, 6.4.0-150600.21-default",xfs,"C/C++: Version 2026.0 of Intel oneAPI DPC++/C++, Compiler for Linux;, Fortran: Version 2026.0 of Intel Fortran, Compiler for Linux",Vendor,Apr-2025,Apr-2026,19,"Fsas Technologies Inc.",Fujitsu,Jun-2026,Jul-2026,Aug-2026,"<A HREF=""/cpu2026/results/res2026q3/cpu2026-20260629-00332.html"">HTML</A> <A HREF=""/cpu2026/results/res2026q3/cpu2026-20260629-00332.csv"">CSV</A> <A HREF=""/cpu2026/results/res2026q3/cpu2026-20260629-00332.pdf"">PDF</A> <A HREF=""/cpu2026/results/res2026q3/cpu2026-20260629-00332.ps"">PS</A> <A HREF=""/cpu2026/results/res2026q3/cpu2026-20260629-00332.txt"">Text</A> <A HREF=""/cpu2026/results/res2026q3/cpu2026-20260629-00332.cfg"">Config</A>"
CINT2026rate,"Fsas Technologies Inc.","PRIMERGY RX1330 M6, Intel Xeon 6353P, 2.7 GHz",0,35.9,0,0,8,1,2,"Xeon 6353P",2700,"1 chip",64-bit,"Not Applicable","32 KB I + 48 KB D on chip per core","2 MB I+D on chip per core","24 MB I+D on chip per chip",None,"64 GB (2 x 32 GB 2Rx8 PC5-4800B-E, running at 4400)",,"SUSE Linux Enterprise Server 15 SP6, 6.4.0-150600.21-default",xfs,"C/C++: Version 2026.0 of Intel oneAPI DPC++/C++, Compiler for Linux;, Fortran: Version 2026.0 of Intel Fortran, Compiler for Linux",Vendor,Apr-2025,Apr-2026,19,"Fsas Technologies Inc.",Fujitsu,Jun-2026,Jul-2026,Aug-2026,"<A HREF=""/cpu2026/results/res2026q3/cpu2026-20260629-00333.html"">HTML</A> <A HREF=""/cpu2026/results/res2026q3/cpu2026-20260629-00333.csv"">CSV</A> <A HREF=""/cpu2026/results/res2026q3/cpu2026-20260629-00333.pdf"">PDF</A> <A HREF=""/cpu2026/results/res2026q3/cpu2026-20260629-00333.ps"">PS</A> <A HREF=""/cpu2026/results/res2026q3/cpu2026-20260629-00333.txt"">Text</A> <A HREF=""/cpu2026/results/res2026q3/cpu2026-20260629-00333.cfg"">Config</A>"
CINT2026rate,"Fsas Technologies Inc.","PRIMERGY RX1330 M6, Intel Xeon 6357P, 3.0 GHz",0,39,0,0,8,1,2,"Xeon 6357P",3000,"1 chip",64-bit,"Not Applicable","32 KB I + 48 KB D on chip per core","2 MB I+D on chip per core","24 MB I+D on chip per chip",None,"64 GB (2 x 32 GB 2Rx8 PC5-4800B-E, running at 4400)",,"SUSE Linux Enterprise Server 15 SP6, 6.4.0-150600.21-default",xfs,"C/C++: Version 2026.0 of Intel oneAPI DPC++/C++, Compiler for Linux;, Fortran: Version 2026.0 of Intel Fortran, Compiler for Linux",Vendor,Apr-2025,Apr-2026,19,"Fsas Technologies Inc.",Fujitsu,Jun-2026,Jul-2026,Aug-2026,"<A HREF=""/cpu2026/results/res2026q3/cpu2026-20260629-00334.html"">HTML</A> <A HREF=""/cpu2026/results/res2026q3/cpu2026-20260629-00334.csv"">CSV</A> <A HREF=""/cpu2026/results/res2026q3/cpu2026-20260629-00334.pdf"">PDF</A> <A HREF=""/cpu2026/results/res2026q3/cpu2026-20260629-00334.ps"">PS</A> <A HREF=""/cpu2026/results/res2026q3/cpu2026-20260629-00334.txt"">Text</A> <A HREF=""/cpu2026/results/res2026q3/cpu2026-20260629-00334.cfg"">Config</A>"
CINT2026rate,"Fsas Technologies Inc.","PRIMERGY RX1330 M6, Intel Xeon 6369P, 3.3 GHz",0,43.1,0,0,8,1,2,"Xeon 6369P",3300,"1 chip",64-bit,"Not Applicable","32 KB I + 48 KB D on chip per core","2 MB I+D on chip per core","24 MB I+D on chip per chip",None,"64 GB (2 x 32 GB 2Rx8 PC5-4800B-E, running at 4400)",,"SUSE Linux Enterprise Server 15 SP6, 6.4.0-150600.21-default",xfs,"C/C++: Version 2026.0 of Intel oneAPI DPC++/C++, Compiler for Linux;, Fortran: Version 2026.0 of Intel Fortran, Compiler for Linux",Vendor,Apr-2025,Apr-2026,19,"Fsas Technologies Inc.",Fujitsu,May-2026,Jun-2026,Aug-2026,"<A HREF=""/cpu2026/results/res2026q2/cpu2026-20260602-00303.html"">HTML</A> <A HREF=""/cpu2026/results/res2026q2/cpu2026-20260602-00303.csv"">CSV</A> <A HREF=""/cpu2026/results/res2026q2/cpu2026-20260602-00303.pdf"">PDF</A> <A HREF=""/cpu2026/results/res2026q2/cpu2026-20260602-00303.ps"">PS</A> <A HREF=""/cpu2026/results/res2026q2/cpu2026-20260602-00303.txt"">Text</A> <A HREF=""/cpu2026/results/res2026q2/cpu2026-20260602-00303.cfg"">Config</A>"
CINT2026rate,"Fsas Technologies Inc.","PRIMERGY RX1440 M2, AMD EPYC 9845, 2.10 GHz",0,453,0,0,160,1,2,"AMD EPYC 9845",2100,"1 chip",64-bit,"Not Applicable","32 KB I + 48 KB D on chip per core","1 MB I+D on chip per core","320 MB I+D on chip per chip, 32 MB shared / 16 cores",None,"768 GB (12 x 64 GB 2Rx4 PC5-6400B-R, running at 5200)",,"SUSE Linux Enterprise Server 15 SP6, kernel version, 6.4.0-150600.23.22-default",xfs,"C/C++/Fortran: Version 5.1.0 of AOCC",Vendor,Apr-2026,Jan-2026,19,"Fsas Technologies Inc.",Fujitsu,Jul-2026,Sep-2026,Sep-2026,"<A HREF=""/cpu2026/results/res2026q3/cpu2026-20260825-00501.html"">HTML</A> <A HREF=""/cpu2026/results/res2026q3/cpu2026-20260825-00501.csv"">CSV</A> <A HREF=""/cpu2026/results/res2026q3/cpu2026-20260825-00501.pdf"">PDF</A> <A HREF=""/cpu2026/results/res2026q3/cpu2026-20260825-00501.ps"">PS</A> <A HREF=""/cpu2026/results/res2026q3/cpu2026-20260825-00501.txt"">Text</A> <A HREF=""/cpu2026/results/res2026q3/cpu2026-20260825-00501.cfg"">Config</A>"
CINT2026rate,"Fsas Technologies Inc.","PRIMERGY RX2450 M2, AMD EPYC 9335, 3.00 GHz",0,338,0,0,64,2,2,"AMD EPYC 9335",3000,"1,2 chips",64-bit,"Not Applicable","32 KB I + 48 KB D on chip per core","1 MB I+D on chip per core","128 MB I+D on chip per chip, 32 MB shared / 8 cores",None,"768 GB (24 x 32 GB 2Rx8 PC5-6400B-R)",,"SUSE Linux Enterprise Server 15 SP6, kernel version, 6.4.0-150600.23.22-default",xfs,"C/C++/Fortran: Version 5.1.0 of AOCC",Vendor,Jul-2026,Jan-2026,19,"Fsas Technologies Inc.",Fujitsu,Aug-2026,Sep-2026,Sep-2026,"<A HREF=""/cpu2026/results/res2026q3/cpu2026-20260825-00502.html"">HTML</A> <A HREF=""/cpu2026/results/res2026q3/cpu2026-20260825-00502.csv"">CSV</A> <A HREF=""/cpu2026/results/res2026q3/cpu2026-20260825-00502.pdf"">PDF</A> <A HREF=""/cpu2026/results/res2026q3/cpu2026-20260825-00502.ps"">PS</A> <A HREF=""/cpu2026/results/res2026q3/cpu2026-20260825-00502.txt"">Text</A> <A HREF=""/cpu2026/results/res2026q3/cpu2026-20260825-00502.cfg"">Config</A>"
CINT2026rate,"Fsas Technologies Inc.","PRIMERGY RX2450 M2, AMD EPYC 9845, 2.10 GHz",0,1000,0,0,320,2,2,"AMD EPYC 9845",2100,"1,2 chips",64-bit,"Not Applicable","32 KB I + 48 KB D on chip per core","1 MB I+D on chip per core","320 MB I+D on chip per chip, 32 MB shared / 16 cores",None,"1536 GB (24 x 64 GB 2Rx4 PC5-6400B-R)",,"SUSE Linux Enterprise Server 15 SP6, kernel version, 6.4.0-150600.23.22-default",xfs,"C/C++/Fortran: Version 5.1.0 of AOCC",Vendor,Jan-2025,Jan-2026,19,"Fsas Technologies Inc.",Fujitsu,May-2026,Aug-2026,Aug-2026,"<A HREF=""/cpu2026/results/res2026q3/cpu2026-20260806-00418.html"">HTML</A> <A HREF=""/cpu2026/results/res2026q3/cpu2026-20260806-00418.csv"">CSV</A> <A HREF=""/cpu2026/results/res2026q3/cpu2026-20260806-00418.pdf"">PDF</A> <A HREF=""/cpu2026/results/res2026q3/cpu2026-20260806-00418.ps"">PS</A> <A HREF=""/cpu2026/results/res2026q3/cpu2026-20260806-00418.txt"">Text</A> <A HREF=""/cpu2026/results/res2026q3/cpu2026-20260806-00418.cfg"">Config</A>"
CINT2026rate,"Fsas Technologies Inc.","PRIMERGY RX2540 M8, Intel Xeon 6505P, 2.20GHz",0,129,0,0,24,2,2,"Intel Xeon 6505P",2200,"1,2 chips",64-bit,"Not Applicable","64 KB I + 48 KB D on chip per core","2 MB I+D on chip per core","48 MB I+D on chip per chip",None,"512 GB (16 x 32 GB 2Rx8 PC5-6400B-R)",,"SUSE Linux Enterprise Server 15 SP7, 6.4.0-150700.51-default",btrfs,"C/C++: Version 2026.0 of Intel oneAPI DPC++/C++, Compiler for Linux;, Fortran: Version 2026.0 of Intel Fortran, Compiler for Linux",Vendor,Oct-2025,Apr-2026,19,"Fsas Technologies Inc.",Fujitsu,Jun-2026,Jul-2026,Aug-2026,"<A HREF=""/cpu2026/results/res2026q3/cpu2026-20260630-00344.html"">HTML</A> <A HREF=""/cpu2026/results/res2026q3/cpu2026-20260630-00344.csv"">CSV</A> <A HREF=""/cpu2026/results/res2026q3/cpu2026-20260630-00344.pdf"">PDF</A> <A HREF=""/cpu2026/results/res2026q3/cpu2026-20260630-00344.ps"">PS</A> <A HREF=""/cpu2026/results/res2026q3/cpu2026-20260630-00344.txt"">Text</A> <A HREF=""/cpu2026/results/res2026q3/cpu2026-20260630-00344.cfg"">Config</A>"
CINT2026rate,"Fsas Technologies Inc.","PRIMERGY RX2540 M8, Intel Xeon 6507P, 3.50GHz",0,95.1,0,0,16,2,2,"Intel Xeon 6507P",3500,"1,2 chips",64-bit,"Not Applicable","64 KB I + 48 KB D on chip per core","2 MB I+D on chip per core","48 MB I+D on chip per chip",None,"512 GB (16 x 32 GB 2Rx8 PC5-6400B-R)",,"SUSE Linux Enterprise Server 15 SP7, 6.4.0-150700.51-default",btrfs,"C/C++: Version 2026.0 of Intel oneAPI DPC++/C++, Compiler for Linux;, Fortran: Version 2026.0 of Intel Fortran, Compiler for Linux",Vendor,Oct-2025,Apr-2026,19,"Fsas Technologies Inc.",Fujitsu,May-2026,Jul-2026,Aug-2026,"<A HREF=""/cpu2026/results/res2026q3/cpu2026-20260630-00345.html"">HTML</A> <A HREF=""/cpu2026/results/res2026q3/cpu2026-20260630-00345.csv"">CSV</A> <A HREF=""/cpu2026/results/res2026q3/cpu2026-20260630-00345.pdf"">PDF</A> <A HREF=""/cpu2026/results/res2026q3/cpu2026-20260630-00345.ps"">PS</A> <A HREF=""/cpu2026/results/res2026q3/cpu2026-20260630-00345.txt"">Text</A> <A HREF=""/cpu2026/results/res2026q3/cpu2026-20260630-00345.cfg"">Config</A>"
CINT2026rate,"Fsas Technologies Inc.","PRIMERGY RX2540 M8, Intel Xeon 6511P, 2.30GHz",0,90.9,0,0,16,1,2,"Intel Xeon 6511P",2300,"1 chip",64-bit,"Not Applicable","64 KB I + 48 KB D on chip per core","2 MB I+D on chip per core","72 MB I+D on chip per chip",None,"256 GB (8 x 32 GB 2Rx8 PC5-6400B-R)",,"SUSE Linux Enterprise Server 15 SP7, 6.4.0-150700.51-default",btrfs,"C/C++: Version 2026.0 of Intel oneAPI DPC++/C++, Compiler for Linux;, Fortran: Version 2026.0 of Intel Fortran, Compiler for Linux",Vendor,Oct-2025,Apr-2026,19,"Fsas Technologies Inc.",Fujitsu,Jun-2026,Jul-2026,Aug-2026,"<A HREF=""/cpu2026/results/res2026q3/cpu2026-20260630-00346.html"">HTML</A> <A HREF=""/cpu2026/results/res2026q3/cpu2026-20260630-00346.csv"">CSV</A> <A HREF=""/cpu2026/results/res2026q3/cpu2026-20260630-00346.pdf"">PDF</A> <A HREF=""/cpu2026/results/res2026q3/cpu2026-20260630-00346.ps"">PS</A> <A HREF=""/cpu2026/results/res2026q3/cpu2026-20260630-00346.txt"">Text</A> <A HREF=""/cpu2026/results/res2026q3/cpu2026-20260630-00346.cfg"">Config</A>"
CINT2026rate,"Fsas Technologies Inc.","PRIMERGY RX2540 M8, Intel Xeon 6515P, 2.30GHz",0,169,0,0,32,2,2,"Intel Xeon 6515P",2300,"1,2 chips",64-bit,"Not Applicable","64 KB I + 48 KB D on chip per core","2 MB I+D on chip per core","72 MB I+D on chip per chip",None,"512 GB (16 x 32 GB 2Rx8 PC5-6400B-R)",,"SUSE Linux Enterprise Server 15 SP7, 6.4.0-150700.51-default",btrfs,"C/C++: Version 2026.0 of Intel oneAPI DPC++/C++, Compiler for Linux;, Fortran: Version 2026.0 of Intel Fortran, Compiler for Linux",Vendor,Oct-2025,Apr-2026,19,"Fsas Technologies Inc.",Fujitsu,Jun-2026,Jul-2026,Aug-2026,"<A HREF=""/cpu2026/results/res2026q3/cpu2026-20260630-00347.html"">HTML</A> <A HREF=""/cpu2026/results/res2026q3/cpu2026-20260630-00347.csv"">CSV</A> <A HREF=""/cpu2026/results/res2026q3/cpu2026-20260630-00347.pdf"">PDF</A> <A HREF=""/cpu2026/results/res2026q3/cpu2026-20260630-00347.ps"">PS</A> <A HREF=""/cpu2026/results/res2026q3/cpu2026-20260630-00347.txt"">Text</A> <A HREF=""/cpu2026/results/res2026q3/cpu2026-20260630-00347.cfg"">Config</A>"
CINT2026rate,"Fsas Technologies Inc.","PRIMERGY RX2540 M8, Intel Xeon 6517P, 3.20GHz",0,176,0,0,32,2,2,"Intel Xeon 6517P",3200,"1,2 chips",64-bit,"Not Applicable","64 KB I + 48 KB D on chip per core","2 MB I+D on chip per core","72 MB I+D on chip per chip",None,"512 GB (16 x 32 GB 2Rx8 PC5-6400B-R)",,"SUSE Linux Enterprise Server 15 SP7, 6.4.0-150700.51-default",btrfs,"C/C++: Version 2026.0 of Intel oneAPI DPC++/C++, Compiler for Linux;, Fortran: Version 2026.0 of Intel Fortran, Compiler for Linux",Vendor,Oct-2025,Apr-2026,19,"Fsas Technologies Inc.",Fujitsu,Jun-2026,Jul-2026,Aug-2026,"<A HREF=""/cpu2026/results/res2026q3/cpu2026-20260630-00348.html"">HTML</A> <A HREF=""/cpu2026/results/res2026q3/cpu2026-20260630-00348.csv"">CSV</A> <A HREF=""/cpu2026/results/res2026q3/cpu2026-20260630-00348.pdf"">PDF</A> <A HREF=""/cpu2026/results/res2026q3/cpu2026-20260630-00348.ps"">PS</A> <A HREF=""/cpu2026/results/res2026q3/cpu2026-20260630-00348.txt"">Text</A> <A HREF=""/cpu2026/results/res2026q3/cpu2026-20260630-00348.cfg"">Config</A>"
CINT2026rate,"Fsas Technologies Inc.","PRIMERGY RX2540 M8, Intel Xeon 6520P, 2.40GHz",0,234,0,0,48,2,2,"Intel Xeon 6520P",2400,"1,2 chips",64-bit,"Not Applicable","64 KB I + 48 KB D on chip per core","2 MB I+D on chip per core","144 MB I+D on chip per chip",None,"512 GB (16 x 32 GB 2Rx8 PC5-6400B-R)",,"SUSE Linux Enterprise Server 15 SP7, 6.4.0-150700.51-default",btrfs,"C/C++: Version 2026.0 of Intel oneAPI DPC++/C++, Compiler for Linux;, Fortran: Version 2026.0 of Intel Fortran, Compiler for Linux",Vendor,Oct-2025,Apr-2026,19,"Fsas Technologies Inc.",Fujitsu,Jul-2026,Aug-2026,Aug-2026,"<A HREF=""/cpu2026/results/res2026q3/cpu2026-20260727-00392.html"">HTML</A> <A HREF=""/cpu2026/results/res2026q3/cpu2026-20260727-00392.csv"">CSV</A> <A HREF=""/cpu2026/results/res2026q3/cpu2026-20260727-00392.pdf"">PDF</A> <A HREF=""/cpu2026/results/res2026q3/cpu2026-20260727-00392.ps"">PS</A> <A HREF=""/cpu2026/results/res2026q3/cpu2026-20260727-00392.txt"">Text</A> <A HREF=""/cpu2026/results/res2026q3/cpu2026-20260727-00392.cfg"">Config</A>"
CINT2026rate,"Fsas Technologies Inc.","PRIMERGY RX2540 M8, Intel Xeon 6521P, 2.60GHz",0,134,0,0,24,1,2,"Intel Xeon 6521P",2600,"1 chip",64-bit,"Not Applicable","64 KB I + 48 KB D on chip per core","2 MB I+D on chip per core","144 MB I+D on chip per chip",None,"256 GB (8 x 32 GB 2Rx8 PC5-6400B-R)",,"SUSE Linux Enterprise Server 15 SP7, 6.4.0-150700.51-default",btrfs,"C/C++: Version 2026.0 of Intel oneAPI DPC++/C++, Compiler for Linux;, Fortran: Version 2026.0 of Intel Fortran, Compiler for Linux",Vendor,Oct-2025,Apr-2026,19,"Fsas Technologies Inc.",Fujitsu,Jun-2026,Aug-2026,Aug-2026,"<A HREF=""/cpu2026/results/res2026q3/cpu2026-20260727-00394.html"">HTML</A> <A HREF=""/cpu2026/results/res2026q3/cpu2026-20260727-00394.csv"">CSV</A> <A HREF=""/cpu2026/results/res2026q3/cpu2026-20260727-00394.pdf"">PDF</A> <A HREF=""/cpu2026/results/res2026q3/cpu2026-20260727-00394.ps"">PS</A> <A HREF=""/cpu2026/results/res2026q3/cpu2026-20260727-00394.txt"">Text</A> <A HREF=""/cpu2026/results/res2026q3/cpu2026-20260727-00394.cfg"">Config</A>"
CINT2026rate,"Fsas Technologies Inc.","PRIMERGY RX2540 M8, Intel Xeon 6530P, 2.30GHz",0,325,0,0,64,2,2,"Intel Xeon 6530P",2300,"1,2 chips",64-bit,"Not Applicable","64 KB I + 48 KB D on chip per core","2 MB I+D on chip per core","144 MB I+D on chip per chip",None,"512 GB (16 x 32 GB 2Rx8 PC5-6400B-R)",,"SUSE Linux Enterprise Server 15 SP7, 6.4.0-150700.51-default",btrfs,"C/C++: Version 2026.0 of Intel oneAPI DPC++/C++, Compiler for Linux;, Fortran: Version 2026.0 of Intel Fortran, Compiler for Linux",Vendor,Oct-2025,Apr-2026,19,"Fsas Technologies Inc.",Fujitsu,Jun-2026,Aug-2026,Aug-2026,"<A HREF=""/cpu2026/results/res2026q3/cpu2026-20260727-00397.html"">HTML</A> <A HREF=""/cpu2026/results/res2026q3/cpu2026-20260727-00397.csv"">CSV</A> <A HREF=""/cpu2026/results/res2026q3/cpu2026-20260727-00397.pdf"">PDF</A> <A HREF=""/cpu2026/results/res2026q3/cpu2026-20260727-00397.ps"">PS</A> <A HREF=""/cpu2026/results/res2026q3/cpu2026-20260727-00397.txt"">Text</A> <A HREF=""/cpu2026/results/res2026q3/cpu2026-20260727-00397.cfg"">Config</A>"
CINT2026rate,"Fsas Technologies Inc.","PRIMERGY RX2540 M8, Intel Xeon 6725P, 3.70GHz",0,180,0,0,16,2,2,"Intel Xeon 6725P",3700,"1,2 chips",64-bit,"Not Applicable","64 KB I + 48 KB D on chip per core","2 MB I+D on chip per core","192 MB I+D on chip per chip",None,"512 GB (16 x 32 GB 2Rx8 PC5-6400B-R)",,"SUSE Linux Enterprise Server 15 SP7, 6.4.0-150700.51-default",btrfs,"C/C++: Version 2026.0 of Intel oneAPI DPC++/C++, Compiler for Linux;, Fortran: Version 2026.0 of Intel Fortran, Compiler for Linux",Vendor,Jul-2026,Apr-2026,19,"Fsas Technologies Inc.",Fujitsu,Jun-2026,Jul-2026,Aug-2026,"<A HREF=""/cpu2026/results/res2026q3/cpu2026-20260714-00379.html"">HTML</A> <A HREF=""/cpu2026/results/res2026q3/cpu2026-20260714-00379.csv"">CSV</A> <A HREF=""/cpu2026/results/res2026q3/cpu2026-20260714-00379.pdf"">PDF</A> <A HREF=""/cpu2026/results/res2026q3/cpu2026-20260714-00379.ps"">PS</A> <A HREF=""/cpu2026/results/res2026q3/cpu2026-20260714-00379.txt"">Text</A> <A HREF=""/cpu2026/results/res2026q3/cpu2026-20260714-00379.cfg"">Config</A>"
CINT2026rate,"Fsas Technologies Inc.","PRIMERGY RX2540 M8, Intel Xeon 6730P, 2.50GHz",0,328,0,0,64,2,2,"Intel Xeon 6730P",2500,"1,2 chips",64-bit,"Not Applicable","64 KB I + 48 KB D on chip per core","2 MB I+D on chip per core","288 MB I+D on chip per chip",None,"512 GB (16 x 32 GB 2Rx8 PC5-6400B-R)",,"SUSE Linux Enterprise Server 15 SP7, 6.4.0-150700.51-default",btrfs,"C/C++: Version 2026.0 of Intel oneAPI DPC++/C++, Compiler for Linux;, Fortran: Version 2026.0 of Intel Fortran, Compiler for Linux",Vendor,Oct-2025,Apr-2026,19,"Fsas Technologies Inc.",Fujitsu,Jun-2026,Aug-2026,Aug-2026,"<A HREF=""/cpu2026/results/res2026q3/cpu2026-20260727-00400.html"">HTML</A> <A HREF=""/cpu2026/results/res2026q3/cpu2026-20260727-00400.csv"">CSV</A> <A HREF=""/cpu2026/results/res2026q3/cpu2026-20260727-00400.pdf"">PDF</A> <A HREF=""/cpu2026/results/res2026q3/cpu2026-20260727-00400.ps"">PS</A> <A HREF=""/cpu2026/results/res2026q3/cpu2026-20260727-00400.txt"">Text</A> <A HREF=""/cpu2026/results/res2026q3/cpu2026-20260727-00400.cfg"">Config</A>"
CINT2026rate,"Fsas Technologies Inc.","PRIMERGY RX2540 M8, Intel Xeon 6732P, 3.80GHz",0,352,0,0,64,2,2,"Intel Xeon 6732P",3800,"1,2 chips",64-bit,"Not Applicable","64 KB I + 48 KB D on chip per core","2 MB I+D on chip per core","144 MB I+D on chip per chip",None,"512 GB (16 x 32 GB 2Rx8 PC5-6400B-R)",,"SUSE Linux Enterprise Server 15 SP7, 6.4.0-150700.51-default",btrfs,"C/C++: Version 2026.0 of Intel oneAPI DPC++/C++, Compiler for Linux;, Fortran: Version 2026.0 of Intel Fortran, Compiler for Linux",Vendor,Jul-2026,Apr-2026,19,"Fsas Technologies Inc.",Fujitsu,Jun-2026,Jul-2026,Aug-2026,"<A HREF=""/cpu2026/results/res2026q3/cpu2026-20260714-00380.html"">HTML</A> <A HREF=""/cpu2026/results/res2026q3/cpu2026-20260714-00380.csv"">CSV</A> <A HREF=""/cpu2026/results/res2026q3/cpu2026-20260714-00380.pdf"">PDF</A> <A HREF=""/cpu2026/results/res2026q3/cpu2026-20260714-00380.ps"">PS</A> <A HREF=""/cpu2026/results/res2026q3/cpu2026-20260714-00380.txt"">Text</A> <A HREF=""/cpu2026/results/res2026q3/cpu2026-20260714-00380.cfg"">Config</A>"
CINT2026rate,"Fsas Technologies Inc.","PRIMERGY RX2540 M8, Intel Xeon 6737P, 2.90GHz",0,341,0,0,64,2,2,"Intel Xeon 6737P",2900,"1,2 chips",64-bit,"Not Applicable","64 KB I + 48 KB D on chip per core","2 MB I+D on chip per core","144 MB I+D on chip per chip",None,"512 GB (16 x 32 GB 2Rx8 PC5-6400B-R)",,"SUSE Linux Enterprise Server 15 SP7, 6.4.0-150700.51-default",btrfs,"C/C++: Version 2026.0 of Intel oneAPI DPC++/C++, Compiler for Linux;, Fortran: Version 2026.0 of Intel Fortran, Compiler for Linux",Vendor,Oct-2025,Apr-2026,19,"Fsas Technologies Inc.",Fujitsu,Jun-2026,Aug-2026,Aug-2026,"<A HREF=""/cpu2026/results/res2026q3/cpu2026-20260727-00402.html"">HTML</A> <A HREF=""/cpu2026/results/res2026q3/cpu2026-20260727-00402.csv"">CSV</A> <A HREF=""/cpu2026/results/res2026q3/cpu2026-20260727-00402.pdf"">PDF</A> <A HREF=""/cpu2026/results/res2026q3/cpu2026-20260727-00402.ps"">PS</A> <A HREF=""/cpu2026/results/res2026q3/cpu2026-20260727-00402.txt"">Text</A> <A HREF=""/cpu2026/results/res2026q3/cpu2026-20260727-00402.cfg"">Config</A>"
CINT2026rate,"Fsas Technologies Inc.","PRIMERGY RX2540 M8, Intel Xeon 6740P, 2.10GHz",0,446,0,0,96,2,2,"Intel Xeon 6740P",2100,"1,2 chips",64-bit,"Not Applicable","64 KB I + 48 KB D on chip per core","2 MB I+D on chip per core","288 MB I+D on chip per chip",None,"512 GB (16 x 32 GB 2Rx8 PC5-6400B-R)",,"SUSE Linux Enterprise Server 15 SP7, 6.4.0-150700.51-default",btrfs,"C/C++: Version 2026.0 of Intel oneAPI DPC++/C++, Compiler for Linux;, Fortran: Version 2026.0 of Intel Fortran, Compiler for Linux",Vendor,Oct-2025,Apr-2026,19,"Fsas Technologies Inc.",Fujitsu,Jun-2026,Aug-2026,Aug-2026,"<A HREF=""/cpu2026/results/res2026q3/cpu2026-20260727-00405.html"">HTML</A> <A HREF=""/cpu2026/results/res2026q3/cpu2026-20260727-00405.csv"">CSV</A> <A HREF=""/cpu2026/results/res2026q3/cpu2026-20260727-00405.pdf"">PDF</A> <A HREF=""/cpu2026/results/res2026q3/cpu2026-20260727-00405.ps"">PS</A> <A HREF=""/cpu2026/results/res2026q3/cpu2026-20260727-00405.txt"">Text</A> <A HREF=""/cpu2026/results/res2026q3/cpu2026-20260727-00405.cfg"">Config</A>"
CINT2026rate,"Fsas Technologies Inc.","PRIMERGY RX2540 M8, Intel Xeon 6741P, 2.50GHz",0,243,0,0,48,1,2,"Intel Xeon 6741P",2500,"1 chip",64-bit,"Not Applicable","64 KB I + 48 KB D on chip per core","2 MB I+D on chip per core","288 MB I+D on chip per chip",None,"256 GB (8 x 32 GB 2Rx8 PC5-6400B-R)",,"SUSE Linux Enterprise Server 15 SP7, 6.4.0-150700.51-default",btrfs,"C/C++: Version 2026.0 of Intel oneAPI DPC++/C++, Compiler for Linux;, Fortran: Version 2026.0 of Intel Fortran, Compiler for Linux",Vendor,Oct-2025,Apr-2026,19,"Fsas Technologies Inc.",Fujitsu,Jul-2026,Aug-2026,Aug-2026,"<A HREF=""/cpu2026/results/res2026q3/cpu2026-20260727-00407.html"">HTML</A> <A HREF=""/cpu2026/results/res2026q3/cpu2026-20260727-00407.csv"">CSV</A> <A HREF=""/cpu2026/results/res2026q3/cpu2026-20260727-00407.pdf"">PDF</A> <A HREF=""/cpu2026/results/res2026q3/cpu2026-20260727-00407.ps"">PS</A> <A HREF=""/cpu2026/results/res2026q3/cpu2026-20260727-00407.txt"">Text</A> <A HREF=""/cpu2026/results/res2026q3/cpu2026-20260727-00407.cfg"">Config</A>"
CINT2026rate,"Fsas Technologies Inc.","PRIMERGY RX2540 M8, Intel Xeon 6745P, 3.10GHz",0,363,0,0,64,2,2,"Intel Xeon 6745P",3100,"1,2 chips",64-bit,"Not Applicable","64 KB I + 48 KB D on chip per core","2 MB I+D on chip per core","336 MB I+D on chip per chip",None,"512 GB (16 x 32 GB 2Rx8 PC5-6400B-R)",,"SUSE Linux Enterprise Server 15 SP7, 6.4.0-150700.51-default",btrfs,"C/C++: Version 2026.0 of Intel oneAPI DPC++/C++, Compiler for Linux;, Fortran: Version 2026.0 of Intel Fortran, Compiler for Linux",Vendor,Oct-2025,Apr-2026,19,"Fsas Technologies Inc.",Fujitsu,May-2026,Aug-2026,Aug-2026,"<A HREF=""/cpu2026/results/res2026q3/cpu2026-20260727-00409.html"">HTML</A> <A HREF=""/cpu2026/results/res2026q3/cpu2026-20260727-00409.csv"">CSV</A> <A HREF=""/cpu2026/results/res2026q3/cpu2026-20260727-00409.pdf"">PDF</A> <A HREF=""/cpu2026/results/res2026q3/cpu2026-20260727-00409.ps"">PS</A> <A HREF=""/cpu2026/results/res2026q3/cpu2026-20260727-00409.txt"">Text</A> <A HREF=""/cpu2026/results/res2026q3/cpu2026-20260727-00409.cfg"">Config</A>"
CINT2026rate,"Fsas Technologies Inc.","PRIMERGY RX2540 M8, Intel Xeon 6747P, 2.70GHz",0,497,0,0,96,2,2,"Intel Xeon 6747P",2700,"1,2 chips",64-bit,"Not Applicable","64 KB I + 48 KB D on chip per core","2 MB I+D on chip per core","288 MB I+D on chip per chip",None,"512 GB (16 x 32 GB 2Rx8 PC5-88/56B-M, running at 8000)",,"SUSE Linux Enterprise Server 15 SP7, 6.4.0-150700.51-default",btrfs,"C/C++: Version 2026.0 of Intel oneAPI DPC++/C++, Compiler for Linux;, Fortran: Version 2026.0 of Intel Fortran, Compiler for Linux",Vendor,Oct-2025,Apr-2026,19,"Fsas Technologies Inc.",Fujitsu,Jun-2026,Aug-2026,Aug-2026,"<A HREF=""/cpu2026/results/res2026q3/cpu2026-20260727-00410.html"">HTML</A> <A HREF=""/cpu2026/results/res2026q3/cpu2026-20260727-00410.csv"">CSV</A> <A HREF=""/cpu2026/results/res2026q3/cpu2026-20260727-00410.pdf"">PDF</A> <A HREF=""/cpu2026/results/res2026q3/cpu2026-20260727-00410.ps"">PS</A> <A HREF=""/cpu2026/results/res2026q3/cpu2026-20260727-00410.txt"">Text</A> <A HREF=""/cpu2026/results/res2026q3/cpu2026-20260727-00410.cfg"">Config</A>"
CINT2026rate,"Fsas Technologies Inc.","PRIMERGY RX2540 M8, Intel Xeon 6760P, 2.20GHz",0,585,0,0,128,2,2,"Intel Xeon 6760P",2200,"1,2 chips",64-bit,"Not Applicable","64 KB I + 48 KB D on chip per core","2 MB I+D on chip per core","320 MB I+D on chip per chip",None,"512 GB (16 x 32 GB 2Rx8 PC5-6400B-R)",,"SUSE Linux Enterprise Server 15 SP7, 6.4.0-150700.51-default",btrfs,"C/C++: Version 2026.0 of Intel oneAPI DPC++/C++, Compiler for Linux;, Fortran: Version 2026.0 of Intel Fortran, Compiler for Linux",Vendor,Oct-2025,Apr-2026,19,"Fsas Technologies Inc.",Fujitsu,May-2026,Aug-2026,Aug-2026,"<A HREF=""/cpu2026/results/res2026q3/cpu2026-20260727-00411.html"">HTML</A> <A HREF=""/cpu2026/results/res2026q3/cpu2026-20260727-00411.csv"">CSV</A> <A HREF=""/cpu2026/results/res2026q3/cpu2026-20260727-00411.pdf"">PDF</A> <A HREF=""/cpu2026/results/res2026q3/cpu2026-20260727-00411.ps"">PS</A> <A HREF=""/cpu2026/results/res2026q3/cpu2026-20260727-00411.txt"">Text</A> <A HREF=""/cpu2026/results/res2026q3/cpu2026-20260727-00411.cfg"">Config</A>"
CINT2026rate,"Fsas Technologies Inc.","PRIMERGY RX2540 M8, Intel Xeon 6761P, 2.50GHz",0,311,0,0,64,1,2,"Intel Xeon 6761P",2500,"1 chip",64-bit,"Not Applicable","64 KB I + 48 KB D on chip per core","2 MB I+D on chip per core","336 MB I+D on chip per chip",None,"256 GB (8 x 32 GB 2Rx8 PC5-88/56B-M, running at 8000)",,"SUSE Linux Enterprise Server 15 SP7, 6.4.0-150700.51-default",btrfs,"C/C++: Version 2026.0 of Intel oneAPI DPC++/C++, Compiler for Linux;, Fortran: Version 2026.0 of Intel Fortran, Compiler for Linux",Vendor,Oct-2025,Apr-2026,19,"Fsas Technologies Inc.",Fujitsu,Jun-2026,Aug-2026,Aug-2026,"<A HREF=""/cpu2026/results/res2026q3/cpu2026-20260727-00412.html"">HTML</A> <A HREF=""/cpu2026/results/res2026q3/cpu2026-20260727-00412.csv"">CSV</A> <A HREF=""/cpu2026/results/res2026q3/cpu2026-20260727-00412.pdf"">PDF</A> <A HREF=""/cpu2026/results/res2026q3/cpu2026-20260727-00412.ps"">PS</A> <A HREF=""/cpu2026/results/res2026q3/cpu2026-20260727-00412.txt"">Text</A> <A HREF=""/cpu2026/results/res2026q3/cpu2026-20260727-00412.cfg"">Config</A>"
CINT2026rate,"Fsas Technologies Inc.","PRIMERGY RX2540 M8, Intel Xeon 6787P, 2.00GHz",0,722,0,0,172,2,2,"Intel Xeon 6787P",2000,"1,2 chips",64-bit,"Not Applicable","64 KB I + 48 KB D on chip per core","2 MB I+D on chip per core","336 MB I+D on chip per chip",None,"1 TB (16 x 64 GB 2Rx4 PC5-88/56B-M, running at 8000)",,"SUSE Linux Enterprise Server 15 SP7, 6.4.0-150700.51-default",btrfs,"C/C++: Version 2026.0 of Intel oneAPI DPC++/C++, Compiler for Linux;, Fortran: Version 2026.0 of Intel Fortran, Compiler for Linux",Vendor,Oct-2025,Apr-2026,19,"Fsas Technologies Inc.",Fujitsu,May-2026,Jun-2026,Aug-2026,"<A HREF=""/cpu2026/results/res2026q2/cpu2026-20260601-00272.html"">HTML</A> <A HREF=""/cpu2026/results/res2026q2/cpu2026-20260601-00272.csv"">CSV</A> <A HREF=""/cpu2026/results/res2026q2/cpu2026-20260601-00272.pdf"">PDF</A> <A HREF=""/cpu2026/results/res2026q2/cpu2026-20260601-00272.ps"">PS</A> <A HREF=""/cpu2026/results/res2026q2/cpu2026-20260601-00272.txt"">Text</A> <A HREF=""/cpu2026/results/res2026q2/cpu2026-20260601-00272.cfg"">Config</A>"
CINT2026rate,"Fsas Technologies Inc.","PRIMERGY RX4770 M8, Intel Xeon 6714P, 4.00GHz",0,190,0,0,32,4,2,"Intel Xeon 6714P",4000,"2,4 chips",64-bit,"Not Applicable","64 KB I + 48 KB D on chip per core","2 MB I+D on chip per core","48 MB I+D on chip per chip",None,"2 TB (32 x 64 GB 2Rx4 PC5-6400B-R)",,"SUSE Linux Enterprise Server 15 SP7, 6.4.0-150700.51-default",xfs,"C/C++: Version 2026.0 of Intel oneAPI DPC++/C++, Compiler for Linux;, Fortran: Version 2026.0 of Intel Fortran, Compiler for Linux",Vendor,Dec-2025,Apr-2026,19,"Fsas Technologies Inc.",Fujitsu,Jun-2026,Jul-2026,Aug-2026,"<A HREF=""/cpu2026/results/res2026q3/cpu2026-20260707-00353.html"">HTML</A> <A HREF=""/cpu2026/results/res2026q3/cpu2026-20260707-00353.csv"">CSV</A> <A HREF=""/cpu2026/results/res2026q3/cpu2026-20260707-00353.pdf"">PDF</A> <A HREF=""/cpu2026/results/res2026q3/cpu2026-20260707-00353.ps"">PS</A> <A HREF=""/cpu2026/results/res2026q3/cpu2026-20260707-00353.txt"">Text</A> <A HREF=""/cpu2026/results/res2026q3/cpu2026-20260707-00353.cfg"">Config</A>"
CINT2026rate,"Fsas Technologies Inc.","PRIMERGY RX4770 M8, Intel Xeon 6724P, 3.60GHz",0,363,0,0,64,4,2,"Intel Xeon 6724P",3600,"2,4 chips",64-bit,"Not Applicable","64 KB I + 48 KB D on chip per core","2 MB I+D on chip per core","72 MB I+D on chip per chip",None,"2 TB (32 x 64 GB 2Rx4 PC5-6400B-R)",,"SUSE Linux Enterprise Server 15 SP7, 6.4.0-150700.51-default",xfs,"C/C++: Version 2026.0 of Intel oneAPI DPC++/C++, Compiler for Linux;, Fortran: Version 2026.0 of Intel Fortran, Compiler for Linux",Vendor,Dec-2025,Apr-2026,19,"Fsas Technologies Inc.",Fujitsu,Jun-2026,Jul-2026,Aug-2026,"<A HREF=""/cpu2026/results/res2026q3/cpu2026-20260707-00356.html"">HTML</A> <A HREF=""/cpu2026/results/res2026q3/cpu2026-20260707-00356.csv"">CSV</A> <A HREF=""/cpu2026/results/res2026q3/cpu2026-20260707-00356.pdf"">PDF</A> <A HREF=""/cpu2026/results/res2026q3/cpu2026-20260707-00356.ps"">PS</A> <A HREF=""/cpu2026/results/res2026q3/cpu2026-20260707-00356.txt"">Text</A> <A HREF=""/cpu2026/results/res2026q3/cpu2026-20260707-00356.cfg"">Config</A>"
CINT2026rate,"Fsas Technologies Inc.","PRIMERGY RX4770 M8, Intel Xeon 6728P, 2.70GHz",0,516,0,0,96,4,2,"Intel Xeon 6728P",2700,"2,4 chips",64-bit,"Not Applicable","64 KB I + 48 KB D on chip per core","2 MB I+D on chip per core","144 MB I+D on chip per chip",None,"2 TB (32 x 64 GB 2Rx4 PC5-6400B-R)",,"SUSE Linux Enterprise Server 15 SP7, 6.4.0-150700.51-default",xfs,"C/C++: Version 2026.0 of Intel oneAPI DPC++/C++, Compiler for Linux;, Fortran: Version 2026.0 of Intel Fortran, Compiler for Linux",Vendor,Dec-2025,Apr-2026,19,"Fsas Technologies Inc.",Fujitsu,Jun-2026,Jul-2026,Aug-2026,"<A HREF=""/cpu2026/results/res2026q3/cpu2026-20260707-00359.html"">HTML</A> <A HREF=""/cpu2026/results/res2026q3/cpu2026-20260707-00359.csv"">CSV</A> <A HREF=""/cpu2026/results/res2026q3/cpu2026-20260707-00359.pdf"">PDF</A> <A HREF=""/cpu2026/results/res2026q3/cpu2026-20260707-00359.ps"">PS</A> <A HREF=""/cpu2026/results/res2026q3/cpu2026-20260707-00359.txt"">Text</A> <A HREF=""/cpu2026/results/res2026q3/cpu2026-20260707-00359.cfg"">Config</A>"
CINT2026rate,"Fsas Technologies Inc.","PRIMERGY RX4770 M8, Intel Xeon 6738P, 2.90GHz",0,684,0,0,128,4,2,"Intel Xeon 6738P",2900,"2,4 chips",64-bit,"Not Applicable","64 KB I + 48 KB D on chip per core","2 MB I+D on chip per core","144 MB I+D on chip per chip",None,"2 TB (32 x 64 GB 2Rx4 PC5-6400B-R)",,"SUSE Linux Enterprise Server 15 SP7, 6.4.0-150700.51-default",xfs,"C/C++: Version 2026.0 of Intel oneAPI DPC++/C++, Compiler for Linux;, Fortran: Version 2026.0 of Intel Fortran, Compiler for Linux",Vendor,Dec-2025,Apr-2026,19,"Fsas Technologies Inc.",Fujitsu,Jun-2026,Jul-2026,Aug-2026,"<A HREF=""/cpu2026/results/res2026q3/cpu2026-20260707-00361.html"">HTML</A> <A HREF=""/cpu2026/results/res2026q3/cpu2026-20260707-00361.csv"">CSV</A> <A HREF=""/cpu2026/results/res2026q3/cpu2026-20260707-00361.pdf"">PDF</A> <A HREF=""/cpu2026/results/res2026q3/cpu2026-20260707-00361.ps"">PS</A> <A HREF=""/cpu2026/results/res2026q3/cpu2026-20260707-00361.txt"">Text</A> <A HREF=""/cpu2026/results/res2026q3/cpu2026-20260707-00361.cfg"">Config</A>"
CINT2026rate,"Fsas Technologies Inc.","PRIMERGY RX4770 M8, Intel Xeon 6748P, 2.50GHz",0,942,0,0,192,4,2,"Intel Xeon 6748P",2500,"2,4 chips",64-bit,"Not Applicable","64 KB I + 48 KB D on chip per core","2 MB I+D on chip per core","192 MB I+D on chip per chip",None,"2 TB (32 x 64 GB 2Rx4 PC5-6400B-R)",,"SUSE Linux Enterprise Server 15 SP7, 6.4.0-150700.51-default",xfs,"C/C++: Version 2026.0 of Intel oneAPI DPC++/C++, Compiler for Linux;, Fortran: Version 2026.0 of Intel Fortran, Compiler for Linux",Vendor,Dec-2025,Apr-2026,19,"Fsas Technologies Inc.",Fujitsu,Jul-2026,Jul-2026,Aug-2026,"<A HREF=""/cpu2026/results/res2026q3/cpu2026-20260707-00363.html"">HTML</A> <A HREF=""/cpu2026/results/res2026q3/cpu2026-20260707-00363.csv"">CSV</A> <A HREF=""/cpu2026/results/res2026q3/cpu2026-20260707-00363.pdf"">PDF</A> <A HREF=""/cpu2026/results/res2026q3/cpu2026-20260707-00363.ps"">PS</A> <A HREF=""/cpu2026/results/res2026q3/cpu2026-20260707-00363.txt"">Text</A> <A HREF=""/cpu2026/results/res2026q3/cpu2026-20260707-00363.cfg"">Config</A>"
CINT2026rate,"Fsas Technologies Inc.","PRIMERGY RX4770 M8, Intel Xeon 6768P, 2.40GHz",0,1180,0,0,256,4,2,"Intel Xeon 6768P",2400,"2,4 chips",64-bit,"Not Applicable","64 KB I + 48 KB D on chip per core","2 MB I+D on chip per core","336 MB I+D on chip per chip",None,"2 TB (32 x 64 GB 2Rx4 PC5-6400B-R)",,"SUSE Linux Enterprise Server 15 SP7, 6.4.0-150700.51-default",xfs,"C/C++: Version 2026.0 of Intel oneAPI DPC++/C++, Compiler for Linux;, Fortran: Version 2026.0 of Intel Fortran, Compiler for Linux",Vendor,Dec-2025,Apr-2026,19,"Fsas Technologies Inc.",Fujitsu,Jun-2026,Jul-2026,Aug-2026,"<A HREF=""/cpu2026/results/res2026q3/cpu2026-20260707-00364.html"">HTML</A> <A HREF=""/cpu2026/results/res2026q3/cpu2026-20260707-00364.csv"">CSV</A> <A HREF=""/cpu2026/results/res2026q3/cpu2026-20260707-00364.pdf"">PDF</A> <A HREF=""/cpu2026/results/res2026q3/cpu2026-20260707-00364.ps"">PS</A> <A HREF=""/cpu2026/results/res2026q3/cpu2026-20260707-00364.txt"">Text</A> <A HREF=""/cpu2026/results/res2026q3/cpu2026-20260707-00364.cfg"">Config</A>"
CINT2026rate,"Fsas Technologies Inc.","PRIMERGY RX4770 M8, Intel Xeon 6788P, 2.00GHz",0,1390,0,0,344,4,2,"Intel Xeon 6788P",2000,"2,4 chips",64-bit,"Not Applicable","64 KB I + 48 KB D on chip per core","2 MB I+D on chip per core","336 MB I+D on chip per chip",None,"2 TB (32 x 64 GB 2Rx4 PC5-6400B-R)",,"SUSE Linux Enterprise Server 15 SP7, 6.4.0-150700.51-default",xfs,"C/C++: Version 2026.0 of Intel oneAPI DPC++/C++, Compiler for Linux;, Fortran: Version 2026.0 of Intel Fortran, Compiler for Linux",Vendor,Dec-2025,Apr-2026,19,"Fsas Technologies Inc.",Fujitsu,Jun-2026,Jun-2026,Aug-2026,"<A HREF=""/cpu2026/results/res2026q2/cpu2026-20260615-00310.html"">HTML</A> <A HREF=""/cpu2026/results/res2026q2/cpu2026-20260615-00310.csv"">CSV</A> <A HREF=""/cpu2026/results/res2026q2/cpu2026-20260615-00310.pdf"">PDF</A> <A HREF=""/cpu2026/results/res2026q2/cpu2026-20260615-00310.ps"">PS</A> <A HREF=""/cpu2026/results/res2026q2/cpu2026-20260615-00310.txt"">Text</A> <A HREF=""/cpu2026/results/res2026q2/cpu2026-20260615-00310.cfg"">Config</A>"
CINT2026rate,"GIGA-BYTE TECHNOLOGY CO., LTD.","R2A3-T40-AAV1 (3.20 GHz AmpereOneM A192-32M)",462,429,59.7,55.1,192,1,1,"AmpereOneM A192-32M",3200,"1 chip",64-bit,64-bit,"16 KB I + 64 KB D on chip per core","2 MB I+D on chip per core","64 MB I+D on chip per chip",None,"768 GB (12 x 64 GB 2Rx4 PC5-5600B-R)",,"Fedora Linux 43 (Server Edition), 6.17.5-200.64K_PS.fc42.aarch64",xfs,"C/C++/Fortran: Version 15.2.0 of GCC",Community,Nov-2025,Oct-2025,6412,"Ampere Computing, Inc.","Ampere Computing, Inc.",Feb-2026,May-2026,Aug-2026,"<A HREF=""/cpu2026/results/res2026q2/cpu2026-20260210-00010.html"">HTML</A> <A HREF=""/cpu2026/results/res2026q2/cpu2026-20260210-00010.csv"">CSV</A> <A HREF=""/cpu2026/results/res2026q2/cpu2026-20260210-00010.pdf"">PDF</A> <A HREF=""/cpu2026/results/res2026q2/cpu2026-20260210-00010.ps"">PS</A> <A HREF=""/cpu2026/results/res2026q2/cpu2026-20260210-00010.txt"">Text</A> <A HREF=""/cpu2026/results/res2026q2/cpu2026-20260210-00010.cfg"">Config</A>"
CINT2026rate,"Hewlett Packard Enterprise","ProLiant Compute DL320 Gen12 (2.00 GHz, Intel Xeon 6787P)",328,328,0,0,86,1,2,"Intel Xeon 6787P",2000,"1 Chip",64-bit,64-bit,"64 KB I + 48 KB D on chip per core","2 MB I+D on chip per core","336 MB I+D on chip per chip",None,"512 GB (8 x 64 GB 2Rx4 PC5-6400B-R)",,"Ubuntu 24.04.3 LTS, Kernel 6.8.0-90-generic",ext4,"C/C++: Version 2025.3 of Intel oneAPI DPC++/C++, Compiler for Linux;, Fortran: Version 2025.3 of Intel Fortran, Compiler for Linux",Vendor,Mar-2025,Jan-2026,3,HPE,HPE,Feb-2026,May-2026,Aug-2026,"<A HREF=""/cpu2026/results/res2026q2/cpu2026-20260210-00099.html"">HTML</A> <A HREF=""/cpu2026/results/res2026q2/cpu2026-20260210-00099.csv"">CSV</A> <A HREF=""/cpu2026/results/res2026q2/cpu2026-20260210-00099.pdf"">PDF</A> <A HREF=""/cpu2026/results/res2026q2/cpu2026-20260210-00099.ps"">PS</A> <A HREF=""/cpu2026/results/res2026q2/cpu2026-20260210-00099.txt"">Text</A> <A HREF=""/cpu2026/results/res2026q2/cpu2026-20260210-00099.cfg"">Config</A>"
CINT2026rate,"Hewlett Packard Enterprise","ProLiant Compute DL325 Gen12 (2.25 GHz, AMD EPYC 9965)",573,573,0,0,192,1,2,"AMD EPYC 9965",2250,"1 Chip",64-bit,64-bit,"32 KB I + 48 KB D on chip per core","1 MB I+D on chip per core","384 MB I+D on chip per chip, 32 MB shared / 16 cores",None,"1536 GB (12 x 128 GB 2Rx4 PC5-6400B-R, running at 5200)",,"Ubuntu 24.04.3 LTS, Kernel 6.8.0-90-generic",ext4,"C/C++/Fortran: Version 5.1.0 of AOCC",Vendor,Jul-2025,Jan-2026,3,HPE,HPE,Jan-2026,May-2026,Aug-2026,"<A HREF=""/cpu2026/results/res2026q2/cpu2026-20260210-00103.html"">HTML</A> <A HREF=""/cpu2026/results/res2026q2/cpu2026-20260210-00103.csv"">CSV</A> <A HREF=""/cpu2026/results/res2026q2/cpu2026-20260210-00103.pdf"">PDF</A> <A HREF=""/cpu2026/results/res2026q2/cpu2026-20260210-00103.ps"">PS</A> <A HREF=""/cpu2026/results/res2026q2/cpu2026-20260210-00103.txt"">Text</A> <A HREF=""/cpu2026/results/res2026q2/cpu2026-20260210-00103.cfg"">Config</A>"
CINT2026rate,"Hewlett Packard Enterprise","ProLiant Compute DL325 Gen12 (2.70 GHz, AMD EPYC 9755)",486,486,0,0,128,1,2,"AMD EPYC 9755",2700,"1 Chip",64-bit,64-bit,"32 KB I + 48 KB D on chip per core","1 MB I+D on chip per core","512 MB I+D on chip per chip, 32 MB shared / 8 cores",None,"1536 GB (12 x 128 GB 2Rx4 PC5-6400B-R, running at 5200)",,"Ubuntu 24.04.3 LTS, Kernel 6.8.0-90-generic",ext4,"C/C++/Fortran: Version 5.1.0 of AOCC",Vendor,Jul-2025,Jan-2026,3,HPE,HPE,Jan-2026,May-2026,Aug-2026,"<A HREF=""/cpu2026/results/res2026q2/cpu2026-20260210-00106.html"">HTML</A> <A HREF=""/cpu2026/results/res2026q2/cpu2026-20260210-00106.csv"">CSV</A> <A HREF=""/cpu2026/results/res2026q2/cpu2026-20260210-00106.pdf"">PDF</A> <A HREF=""/cpu2026/results/res2026q2/cpu2026-20260210-00106.ps"">PS</A> <A HREF=""/cpu2026/results/res2026q2/cpu2026-20260210-00106.txt"">Text</A> <A HREF=""/cpu2026/results/res2026q2/cpu2026-20260210-00106.cfg"">Config</A>"
CINT2026rate,"Hewlett Packard Enterprise","ProLiant Compute DL380 Gen12 (2.00 GHz, Intel Xeon 6787P)",647,647,0,0,172,2,2,"Intel Xeon 6787P",2000,"1,2 Chips",64-bit,64-bit,"64 KB I + 48 KB D on chip per core","2 MB I+D on chip per core","336 MB I+D on chip per chip",None,"1 TB (16 x 64 GB 2Rx4 PC5-6400B-R)",,"Ubuntu 24.04.3 LTS, Kernel 6.8.0-90-generic",ext4,"C/C++: Version 2025.3 of Intel oneAPI DPC++/C++, Compiler for Linux;, Fortran: Version 2025.3 of Intel Fortran, Compiler for Linux",Vendor,Mar-2025,Jan-2026,3,HPE,HPE,Feb-2026,May-2026,Aug-2026,"<A HREF=""/cpu2026/results/res2026q2/cpu2026-20260210-00111.html"">HTML</A> <A HREF=""/cpu2026/results/res2026q2/cpu2026-20260210-00111.csv"">CSV</A> <A HREF=""/cpu2026/results/res2026q2/cpu2026-20260210-00111.pdf"">PDF</A> <A HREF=""/cpu2026/results/res2026q2/cpu2026-20260210-00111.ps"">PS</A> <A HREF=""/cpu2026/results/res2026q2/cpu2026-20260210-00111.txt"">Text</A> <A HREF=""/cpu2026/results/res2026q2/cpu2026-20260210-00111.cfg"">Config</A>"
CINT2026rate,"Hewlett Packard Enterprise","ProLiant Compute DL380a Gen12 (2.30 GHz, Intel Xeon 6530P)",327,314,0,0,64,2,2,"Intel Xeon 6530P",2300,"1, 2 Chips",64-bit,64-bit,"64 KB I + 48 KB D on chip per core","2 MB I+D on chip per core","144 MB I+D on chip per chip",None,"1 TB (16 x 64 GB 2Rx4 PC5-6400B-R)",,"SUSE Linux Enterprise Server 15 SP7, Kernel 6.4.0-150700.51-default",btrfs,"C/C++: Version 2026.0 of Intel oneAPI DPC++/C++, Compiler for Linux;, Fortran: Version 2026.0 of Intel Fortran, Compiler for Linux",Vendor,Jun-2025,Apr-2026,3,HPE,HPE,Jul-2026,Aug-2026,Aug-2026,"<A HREF=""/cpu2026/results/res2026q3/cpu2026-20260807-00419.html"">HTML</A> <A HREF=""/cpu2026/results/res2026q3/cpu2026-20260807-00419.csv"">CSV</A> <A HREF=""/cpu2026/results/res2026q3/cpu2026-20260807-00419.pdf"">PDF</A> <A HREF=""/cpu2026/results/res2026q3/cpu2026-20260807-00419.ps"">PS</A> <A HREF=""/cpu2026/results/res2026q3/cpu2026-20260807-00419.txt"">Text</A> <A HREF=""/cpu2026/results/res2026q3/cpu2026-20260807-00419.cfg"">Config</A>"
CINT2026rate,"Hewlett Packard Enterprise","ProLiant Compute DL580 Gen12 (2.00 Ghz, Intel Xeon 6788P)",1230,1230,0,0,344,4,2,"Intel Xeon 6788P",2000,"1,2,4 Chips",64-bit,64-bit,"64 KB I + 48 KB D on chip per core","2 MB I+D on chip per core","336 MB I+D on chip per chip",None,"2 TB (32 x 64 GB 2Rx4 PC5-6400B-R)",,"Ubuntu 24.04.3 LTS, Kernel 6.8.0-90-generic",ext4,"C/C++: Version 2025.3 of Intel oneAPI DPC++/C++, Compiler for Linux;, Fortran: Version 2025.3 of Intel Fortran, Compiler for Linux",Vendor,Jul-2025,Jan-2026,3,HPE,HPE,Feb-2026,May-2026,Aug-2026,"<A HREF=""/cpu2026/results/res2026q2/cpu2026-20260210-00114.html"">HTML</A> <A HREF=""/cpu2026/results/res2026q2/cpu2026-20260210-00114.csv"">CSV</A> <A HREF=""/cpu2026/results/res2026q2/cpu2026-20260210-00114.pdf"">PDF</A> <A HREF=""/cpu2026/results/res2026q2/cpu2026-20260210-00114.ps"">PS</A> <A HREF=""/cpu2026/results/res2026q2/cpu2026-20260210-00114.txt"">Text</A> <A HREF=""/cpu2026/results/res2026q2/cpu2026-20260210-00114.cfg"">Config</A>"
CINT2026rate,"Hewlett Packard Enterprise","ProLiant Compute DL580 Gen12 (2.00 Ghz, Intel Xeon 6788P)",1230,1230,40.4,40.4,344,4,2,"Intel Xeon 6788P",2000,"1,2,4 Chips",64-bit,64-bit,"64 KB I + 48 KB D on chip per core","2 MB I+D on chip per core","336 MB I+D on chip per chip",None,"2 TB (32 x 64 GB 2Rx4 PC5-6400B-R)",,"Ubuntu 24.04.3 LTS, Kernel 6.8.0-94-generic",ext4,"C/C++: Version 2025.3 of Intel oneAPI DPC++/C++, Compiler for Linux;, Fortran: Version 2025.3 of Intel Fortran, Compiler for Linux",Vendor,Jul-2025,Jan-2026,3,HPE,HPE,Feb-2026,May-2026,Aug-2026,"<A HREF=""/cpu2026/results/res2026q2/cpu2026-20260210-00116.html"">HTML</A> <A HREF=""/cpu2026/results/res2026q2/cpu2026-20260210-00116.csv"">CSV</A> <A HREF=""/cpu2026/results/res2026q2/cpu2026-20260210-00116.pdf"">PDF</A> <A HREF=""/cpu2026/results/res2026q2/cpu2026-20260210-00116.ps"">PS</A> <A HREF=""/cpu2026/results/res2026q2/cpu2026-20260210-00116.txt"">Text</A> <A HREF=""/cpu2026/results/res2026q2/cpu2026-20260210-00116.cfg"">Config</A>"
CINT2026rate,"Hewlett Packard Enterprise","ProLiant DL145 Gen11 (2.30 GHz, AMD EPYC 8534P)",194,194,0,0,64,1,2,"AMD EPYC 8534P",2300,"1 Chip",64-bit,64-bit,"32 KB I + 32 KB D on chip per core","1 MB I+D on chip per core","128 MB I+D on chip per chip, 16 MB shared / 8 cores",None,"768 GB (6 x 128 GB 4Rx4 PC5-4800B-R)",,"Ubuntu 24.04.3 LTS, Kernel 6.8.0-90-generic",ext4,"C/C++/Fortran: Version 5.1.0 of AOCC",Vendor,Oct-2024,Jan-2026,3,HPE,HPE,Feb-2026,May-2026,Aug-2026,"<A HREF=""/cpu2026/results/res2026q2/cpu2026-20260210-00120.html"">HTML</A> <A HREF=""/cpu2026/results/res2026q2/cpu2026-20260210-00120.csv"">CSV</A> <A HREF=""/cpu2026/results/res2026q2/cpu2026-20260210-00120.pdf"">PDF</A> <A HREF=""/cpu2026/results/res2026q2/cpu2026-20260210-00120.ps"">PS</A> <A HREF=""/cpu2026/results/res2026q2/cpu2026-20260210-00120.txt"">Text</A> <A HREF=""/cpu2026/results/res2026q2/cpu2026-20260210-00120.cfg"">Config</A>"
CINT2026rate,"Hewlett Packard Enterprise","ProLiant DL20 Gen11 (3.10 GHz, Intel Xeon 6377P)",60.6,57.7,0,0,12,1,2,"Intel Xeon 6377P",3100,"1 Chip",64-bit,64-bit,"32 KB I + 48 KB D on chip per core","2 MB I+D on chip per core","36 MB I+D on chip per chip",None,"64 GB (2 x 32 GB 2Rx8 PC5-5600B-E, running at 4400)",,"SUSE Linux Enterprise Server 15 SP7, Kernel 6.4.0-150700.53.6-default",btrfs,"C/C++: Version 2026.0 of Intel oneAPI DPC++/C++, Compiler for Linux;, Fortran: Version 2026.0 of Intel Fortran, Compiler for Linux",Vendor,Sep-2026,Apr-2026,3,HPE,HPE,Jul-2026,Sep-2026,Sep-2026,"<A HREF=""/cpu2026/results/res2026q3/cpu2026-20260820-00466.html"">HTML</A> <A HREF=""/cpu2026/results/res2026q3/cpu2026-20260820-00466.csv"">CSV</A> <A HREF=""/cpu2026/results/res2026q3/cpu2026-20260820-00466.pdf"">PDF</A> <A HREF=""/cpu2026/results/res2026q3/cpu2026-20260820-00466.ps"">PS</A> <A HREF=""/cpu2026/results/res2026q3/cpu2026-20260820-00466.txt"">Text</A> <A HREF=""/cpu2026/results/res2026q3/cpu2026-20260820-00466.cfg"">Config</A>"
CINT2026rate,"Hewlett Packard Enterprise","ProLiant DL325 Gen11 (2.10 GHz, AMD EPYC 9845)",505,505,0,0,160,1,2,"AMD EPYC 9845",2100,"1 Chip",64-bit,64-bit,"32 KB I + 48 KB D on chip per core","1 MB I+D on chip per core","320 MB I+D on chip per chip, 32 MB shared / 16 cores",None,"768 GB (12 x 64 GB 2Rx4 PC5-6400B-R)",,"Ubuntu 24.04.3 LTS, Kernel 6.8.0-90-generic",ext4,"C/C++/Fortran: Version 5.1.0 of AOCC",Vendor,Mar-2025,Jan-2026,3,HPE,HPE,Jan-2026,May-2026,Aug-2026,"<A HREF=""/cpu2026/results/res2026q2/cpu2026-20260210-00123.html"">HTML</A> <A HREF=""/cpu2026/results/res2026q2/cpu2026-20260210-00123.csv"">CSV</A> <A HREF=""/cpu2026/results/res2026q2/cpu2026-20260210-00123.pdf"">PDF</A> <A HREF=""/cpu2026/results/res2026q2/cpu2026-20260210-00123.ps"">PS</A> <A HREF=""/cpu2026/results/res2026q2/cpu2026-20260210-00123.txt"">Text</A> <A HREF=""/cpu2026/results/res2026q2/cpu2026-20260210-00123.cfg"">Config</A>"
CINT2026rate,"Hewlett Packard Enterprise","ProLiant DL325 Gen11 (2.25 GHz, AMD EPYC 9754)",386,386,0,0,128,1,2,"AMD EPYC 9754",2250,"1 Chip",64-bit,64-bit,"32 KB I + 32 KB D on chip per core","1 MB I+D on chip per core","256 MB I+D on chip per chip, 16 MB shared / 8 cores",None,"768 GB (12 x 64 GB 2Rx4 PC5-4800B-R)",,"Ubuntu 24.04.3 LTS, Kernel 6.8.0-90-generic",ext4,"C/C++/Fortran: Version 5.1.0 of AOCC",Vendor,Aug-2023,Jan-2026,3,HPE,HPE,Feb-2026,May-2026,Aug-2026,"<A HREF=""/cpu2026/results/res2026q2/cpu2026-20260210-00127.html"">HTML</A> <A HREF=""/cpu2026/results/res2026q2/cpu2026-20260210-00127.csv"">CSV</A> <A HREF=""/cpu2026/results/res2026q2/cpu2026-20260210-00127.pdf"">PDF</A> <A HREF=""/cpu2026/results/res2026q2/cpu2026-20260210-00127.ps"">PS</A> <A HREF=""/cpu2026/results/res2026q2/cpu2026-20260210-00127.txt"">Text</A> <A HREF=""/cpu2026/results/res2026q2/cpu2026-20260210-00127.cfg"">Config</A>"
CINT2026rate,"Hewlett Packard Enterprise","ProLiant DL325 Gen11 (2.40 GHz, AMD EPYC 9654P)",339,339,0,0,96,1,2,"AMD EPYC 9654P",2400,"1 Chip",64-bit,64-bit,"32 KB I + 32 KB D on chip per core","1 MB I+D on chip per core","384 MB I+D on chip per chip, 32 MB shared / 8 cores",None,"768 GB (12 x 64 GB 2Rx4 PC5-4800B-R)",,"Ubuntu 24.04.3 LTS, Kernel 6.8.0-90-generic",ext4,"C/C++/Fortran: Version 5.1.0 of AOCC",Vendor,Aug-2023,Jan-2026,3,HPE,HPE,Jan-2026,May-2026,Aug-2026,"<A HREF=""/cpu2026/results/res2026q2/cpu2026-20260210-00130.html"">HTML</A> <A HREF=""/cpu2026/results/res2026q2/cpu2026-20260210-00130.csv"">CSV</A> <A HREF=""/cpu2026/results/res2026q2/cpu2026-20260210-00130.pdf"">PDF</A> <A HREF=""/cpu2026/results/res2026q2/cpu2026-20260210-00130.ps"">PS</A> <A HREF=""/cpu2026/results/res2026q2/cpu2026-20260210-00130.txt"">Text</A> <A HREF=""/cpu2026/results/res2026q2/cpu2026-20260210-00130.cfg"">Config</A>"
CINT2026rate,"Hewlett Packard Enterprise","ProLiant DL385 Gen11 (2.10 GHz, AMD EPYC 9845)",956,956,0,0,320,2,2,"AMD EPYC 9845",2100,"1,2 chips",64-bit,64-bit,"32 KB I + 48 KB D on chip per core","1 MB I+D on chip per core","320 MB I+D on chip per chip, 32 MB shared / 16 cores",None,"1536 GB (24 x 64 GB 2Rx4 PC5-6400B-R)",,"Ubuntu 24.04.3 LTS, Kernel 6.8.0-90-generic",ext4,"C/C++/Fortran: Version 5.1.0 of AOCC",Vendor,Mar-2025,Jan-2026,3,HPE,HPE,Jan-2026,May-2026,Aug-2026,"<A HREF=""/cpu2026/results/res2026q2/cpu2026-20260210-00133.html"">HTML</A> <A HREF=""/cpu2026/results/res2026q2/cpu2026-20260210-00133.csv"">CSV</A> <A HREF=""/cpu2026/results/res2026q2/cpu2026-20260210-00133.pdf"">PDF</A> <A HREF=""/cpu2026/results/res2026q2/cpu2026-20260210-00133.ps"">PS</A> <A HREF=""/cpu2026/results/res2026q2/cpu2026-20260210-00133.txt"">Text</A> <A HREF=""/cpu2026/results/res2026q2/cpu2026-20260210-00133.cfg"">Config</A>"
CINT2026rate,"Hewlett Packard Enterprise","ProLiant DL385 Gen11 (2.25 GHz, AMD EPYC 9754)",736,736,0,0,256,2,2,"AMD EPYC 9754",2250,"1,2 chips",64-bit,64-bit,"32 KB I + 32 KB D on chip per core","1 MB I+D on chip per core","256 MB I+D on chip per chip, 16 MB shared / 8 cores",None,"1536 GB (24 x 64 GB 2Rx4 PC5-4800B-R)",,"Ubuntu 24.04.3 LTS, Kernel 6.8.0-90-generic",ext4,"C/C++/Fortran: Version 5.1.0 of AOCC",Vendor,Jun-2023,Jan-2026,3,HPE,HPE,Jan-2026,May-2026,Aug-2026,"<A HREF=""/cpu2026/results/res2026q2/cpu2026-20260210-00137.html"">HTML</A> <A HREF=""/cpu2026/results/res2026q2/cpu2026-20260210-00137.csv"">CSV</A> <A HREF=""/cpu2026/results/res2026q2/cpu2026-20260210-00137.pdf"">PDF</A> <A HREF=""/cpu2026/results/res2026q2/cpu2026-20260210-00137.ps"">PS</A> <A HREF=""/cpu2026/results/res2026q2/cpu2026-20260210-00137.txt"">Text</A> <A HREF=""/cpu2026/results/res2026q2/cpu2026-20260210-00137.cfg"">Config</A>"
CINT2026rate,"Hewlett Packard Enterprise","ProLiant DL385 Gen11 (2.40 GHz, AMD EPYC 9654)",661,661,0,0,192,2,2,"AMD EPYC 9654",2400,"1,2 chips",64-bit,64-bit,"32 KB I + 32 KB D on chip per core","1 MB I+D on chip per core","384 MB I+D on chip per chip, 32 MB shared / 8 cores",None,"768 GB (24 x 32 GB 2Rx8 PC5-4800B-R)",,"Ubuntu 24.04.3 LTS, Kernel 6.8.0-90-generic",ext4,"C/C++/Fortran: Version 5.1.0 of AOCC",Vendor,Dec-2022,Jan-2026,3,HPE,HPE,Jan-2026,May-2026,Aug-2026,"<A HREF=""/cpu2026/results/res2026q2/cpu2026-20260210-00140.html"">HTML</A> <A HREF=""/cpu2026/results/res2026q2/cpu2026-20260210-00140.csv"">CSV</A> <A HREF=""/cpu2026/results/res2026q2/cpu2026-20260210-00140.pdf"">PDF</A> <A HREF=""/cpu2026/results/res2026q2/cpu2026-20260210-00140.ps"">PS</A> <A HREF=""/cpu2026/results/res2026q2/cpu2026-20260210-00140.txt"">Text</A> <A HREF=""/cpu2026/results/res2026q2/cpu2026-20260210-00140.cfg"">Config</A>"
CINT2026rate,"Hewlett Packard Enterprise","ProLiant ML30 Gen11 (3.10 GHz, Intel Xeon 6377P)",61.1,58.2,0,0,12,1,2,"Intel Xeon 6377P",3100,"1 Chip",64-bit,64-bit,"32 KB I + 48 KB D on chip per core","2 MB I+D on chip per core","36 MB I+D on chip per chip",None,"64 GB (2 x 32 GB 2Rx8 PC5-5600B-E, running at 4400)",,"SUSE Linux Enterprise Server 15 SP7, Kernel 6.4.0-150700.53.6-default",btrfs,"C/C++: Version 2026.0 of Intel oneAPI DPC++/C++, Compiler for Linux;, Fortran: Version 2026.0 of Intel Fortran, Compiler for Linux",Vendor,Sep-2026,Apr-2026,3,HPE,HPE,Jul-2026,Sep-2026,Sep-2026,"<A HREF=""/cpu2026/results/res2026q3/cpu2026-20260820-00474.html"">HTML</A> <A HREF=""/cpu2026/results/res2026q3/cpu2026-20260820-00474.csv"">CSV</A> <A HREF=""/cpu2026/results/res2026q3/cpu2026-20260820-00474.pdf"">PDF</A> <A HREF=""/cpu2026/results/res2026q3/cpu2026-20260820-00474.ps"">PS</A> <A HREF=""/cpu2026/results/res2026q3/cpu2026-20260820-00474.txt"">Text</A> <A HREF=""/cpu2026/results/res2026q3/cpu2026-20260820-00474.cfg"">Config</A>"
CINT2026rate,"Hewlett Packard Enterprise","ProLiant MicroServer Gen11 (3.10 GHz, Intel Xeon 6377P)",59.9,57,0,0,12,1,2,"Intel Xeon 6377P",3100,"1 Chip",64-bit,64-bit,"32 KB I + 48 KB D on chip per core","2 MB I+D on chip per core","36 MB I+D on chip per chip",None,"64 GB (2 x 32 GB 2Rx8 PC5-5600B-E, running at 4400)",,"SUSE Linux Enterprise Server 15 SP7, Kernel 6.4.0-150700.53.6-default",btrfs,"C/C++: Version 2026.0 of Intel oneAPI DPC++/C++, Compiler for Linux;, Fortran: Version 2026.0 of Intel Fortran, Compiler for Linux",Vendor,Sep-2026,Apr-2026,3,HPE,HPE,Jul-2026,Sep-2026,Sep-2026,"<A HREF=""/cpu2026/results/res2026q3/cpu2026-20260820-00470.html"">HTML</A> <A HREF=""/cpu2026/results/res2026q3/cpu2026-20260820-00470.csv"">CSV</A> <A HREF=""/cpu2026/results/res2026q3/cpu2026-20260820-00470.pdf"">PDF</A> <A HREF=""/cpu2026/results/res2026q3/cpu2026-20260820-00470.ps"">PS</A> <A HREF=""/cpu2026/results/res2026q3/cpu2026-20260820-00470.txt"">Text</A> <A HREF=""/cpu2026/results/res2026q3/cpu2026-20260820-00470.cfg"">Config</A>"
CINT2026rate,"IEIT Systems Co., Ltd.","meta brain NF5180G8 (Intel Xeon 6780E)",609,564,0,0,288,2,1,"Intel Xeon 6780E",2200,"1,2 chips",64-bit,64-bit,"64 KB I + 32 KB D on chip per core","144 MB I+D on chip per chip, 4 MB shared / 4 cores","108 MB I+D on chip per chip",None,"1 TB (16 x 64 GB 2Rx4 PC5-6400B-R)",,"SUSE Linux Enterprise Server 15 SP7, 6.4.0-150700.51-default",xfs,"C/C++: Version 2026.0 of Intel oneAPI DPC++/C++, Compiler for Linux;, Fortran: Version 2026.0 of Intel Fortran, Compiler for Linux",Vendor,Apr-2025,Mar-2026,3358,"IEIT Systems Co., Ltd.","IEIT Systems Co., Ltd.",Jun-2026,Jul-2026,Aug-2026,"<A HREF=""/cpu2026/results/res2026q3/cpu2026-20260713-00365.html"">HTML</A> <A HREF=""/cpu2026/results/res2026q3/cpu2026-20260713-00365.csv"">CSV</A> <A HREF=""/cpu2026/results/res2026q3/cpu2026-20260713-00365.pdf"">PDF</A> <A HREF=""/cpu2026/results/res2026q3/cpu2026-20260713-00365.ps"">PS</A> <A HREF=""/cpu2026/results/res2026q3/cpu2026-20260713-00365.txt"">Text</A> <A HREF=""/cpu2026/results/res2026q3/cpu2026-20260713-00365.cfg"">Config</A>"
CINT2026rate,"IEIT Systems Co., Ltd.","meta brain NF5180G8 (Intel Xeon 6787P)",769,735,0,0,172,2,2,"Intel Xeon 6787P",2000,"1,2 chips",64-bit,64-bit,"64 KB I + 48 KB D on chip per core","2 MB I+D on chip per core","336 MB I+D on chip per chip",None,"1 TB (16 x 64 GB 2Rx4 PC5-88/64B-H, running at 8000)",,"SUSE Linux Enterprise Server 15 SP7, 6.4.0-150700.51-default",xfs,"C/C++: Version 2026.0 of Intel oneAPI DPC++/C++, Compiler for Linux;, Fortran: Version 2026.0 of Intel Fortran, Compiler for Linux",Vendor,Apr-2025,May-2026,3358,"IEIT Systems Co., Ltd.","IEIT Systems Co., Ltd.",May-2026,Jul-2026,Aug-2026,"<A HREF=""/cpu2026/results/res2026q3/cpu2026-20260713-00367.html"">HTML</A> <A HREF=""/cpu2026/results/res2026q3/cpu2026-20260713-00367.csv"">CSV</A> <A HREF=""/cpu2026/results/res2026q3/cpu2026-20260713-00367.pdf"">PDF</A> <A HREF=""/cpu2026/results/res2026q3/cpu2026-20260713-00367.ps"">PS</A> <A HREF=""/cpu2026/results/res2026q3/cpu2026-20260713-00367.txt"">Text</A> <A HREF=""/cpu2026/results/res2026q3/cpu2026-20260713-00367.cfg"">Config</A>"
CINT2026rate,"IEIT Systems Co., Ltd.","meta brain NF5280G8 (Intel Xeon 6780E)",605,563,0,0,288,2,1,"Intel Xeon 6780E",2200,"1,2 chips",64-bit,64-bit,"64 KB I + 32 KB D on chip per core","144 MB I+D on chip per chip, 4 MB shared / 4 cores","108 MB I+D on chip per chip",None,"1 TB (16 x 64 GB 2Rx4 PC5-6400B-R)",,"SUSE Linux Enterprise Server 15 SP7, 6.4.0-150700.51-default",xfs,"C/C++: Version 2026.0 of Intel oneAPI DPC++/C++, Compiler for Linux;, Fortran: Version 2026.0 of Intel Fortran, Compiler for Linux",Vendor,Apr-2025,Mar-2026,3358,"IEIT Systems Co., Ltd.","IEIT Systems Co., Ltd.",Jun-2026,Jun-2026,Aug-2026,"<A HREF=""/cpu2026/results/res2026q2/cpu2026-20260614-00308.html"">HTML</A> <A HREF=""/cpu2026/results/res2026q2/cpu2026-20260614-00308.csv"">CSV</A> <A HREF=""/cpu2026/results/res2026q2/cpu2026-20260614-00308.pdf"">PDF</A> <A HREF=""/cpu2026/results/res2026q2/cpu2026-20260614-00308.ps"">PS</A> <A HREF=""/cpu2026/results/res2026q2/cpu2026-20260614-00308.txt"">Text</A> <A HREF=""/cpu2026/results/res2026q2/cpu2026-20260614-00308.cfg"">Config</A>"
CINT2026rate,"IEIT Systems Co., Ltd.","meta brain NF5280G8 (Intel Xeon 6787P)",771,737,0,0,172,2,2,"Intel Xeon 6787P",2000,"1,2 chips",64-bit,64-bit,"64 KB I + 48 KB D on chip per core","2 MB I+D on chip per core","336 MB I+D on chip per chip",None,"1 TB (16 x 64 GB 2Rx4 PC5-88/64B-H, running at 8000)",,"SUSE Linux Enterprise Server 15.7, 6.4.0-150700.51-default",xfs,"C/C++: Version 2026.0 of Intel oneAPI DPC++/C++, Compiler for Linux;, Fortran: Version 2026.0 of Intel Fortran, Compiler for Linux",Vendor,Apr-2025,Mar-2026,3358,"IEIT Systems Co., Ltd.","IEIT Systems Co., Ltd.",May-2026,Jun-2026,Aug-2026,"<A HREF=""/cpu2026/results/res2026q2/cpu2026-20260601-00271.html"">HTML</A> <A HREF=""/cpu2026/results/res2026q2/cpu2026-20260601-00271.csv"">CSV</A> <A HREF=""/cpu2026/results/res2026q2/cpu2026-20260601-00271.pdf"">PDF</A> <A HREF=""/cpu2026/results/res2026q2/cpu2026-20260601-00271.ps"">PS</A> <A HREF=""/cpu2026/results/res2026q2/cpu2026-20260601-00271.txt"">Text</A> <A HREF=""/cpu2026/results/res2026q2/cpu2026-20260601-00271.cfg"">Config</A>"
CINT2026rate,"IEIT Systems Co., Ltd.","meta brain NF5280G8 (Intel Xeon 6787P)",0,600,0,0,172,2,2,"Intel Xeon 6787P",2000,"1,2 chips",64-bit,"Not Applicable","64 KB I + 48 KB D on chip per core","2 MB I+D on chip per core","336 MB I+D on chip per chip",None,"1 TB (16 x 64 GB 2Rx4 PC5-88/64B-H, running at 8000)",,"Red Hat Enterprise Linux 9.7 (Plow), 5.14.0-611.5.1.el9_7.x86_64",xfs,"C/C++/Fortran: Version 15.1.1 of GCC, the, GNU Compiler Collection",Community,Apr-2025,Nov-2025,3358,"IEIT Systems Co., Ltd.","IEIT Systems Co., Ltd.",Apr-2026,May-2026,Aug-2026,"<A HREF=""/cpu2026/results/res2026q2/cpu2026-20260210-00142.html"">HTML</A> <A HREF=""/cpu2026/results/res2026q2/cpu2026-20260210-00142.csv"">CSV</A> <A HREF=""/cpu2026/results/res2026q2/cpu2026-20260210-00142.pdf"">PDF</A> <A HREF=""/cpu2026/results/res2026q2/cpu2026-20260210-00142.ps"">PS</A> <A HREF=""/cpu2026/results/res2026q2/cpu2026-20260210-00142.txt"">Text</A> <A HREF=""/cpu2026/results/res2026q2/cpu2026-20260210-00142.cfg"">Config</A>"
CINT2026rate,"IEIT Systems Co., Ltd.","meta brain NF5280G8 (Intel Xeon 6980P)",1170,1120,0,0,256,2,2,"Intel Xeon 6980P",2000,"1,2 chips",64-bit,64-bit,"64 KB I + 48 KB D on chip per core","2 MB I+D on chip per core","504 MB I+D on chip per chip",None,"1536 GB (24 x 64 GB 2Rx4 PC5-88/64B-H)",,"SUSE Linux Enterprise Server 15.7, 6.4.0-150700.51-default",xfs,"C/C++: Version 2026.0 of Intel oneAPI DPC++/C++, Compiler for Linux;, Fortran: Version 2026.0 of Intel Fortran, Compiler for Linux",Vendor,Sep-2025,May-2026,3358,"IEIT Systems Co., Ltd.","IEIT Systems Co., Ltd.",May-2026,Jun-2026,Aug-2026,"<A HREF=""/cpu2026/results/res2026q2/cpu2026-20260519-00255.html"">HTML</A> <A HREF=""/cpu2026/results/res2026q2/cpu2026-20260519-00255.csv"">CSV</A> <A HREF=""/cpu2026/results/res2026q2/cpu2026-20260519-00255.pdf"">PDF</A> <A HREF=""/cpu2026/results/res2026q2/cpu2026-20260519-00255.ps"">PS</A> <A HREF=""/cpu2026/results/res2026q2/cpu2026-20260519-00255.txt"">Text</A> <A HREF=""/cpu2026/results/res2026q2/cpu2026-20260519-00255.cfg"">Config</A>"
CINT2026rate,"Lenovo Global Technology","ThinkSystem HR330A (3.00 GHz Ampere eMAG 8180)",1.12,1,1.11,1,32,1,1,"Ampere eMAG 8180",3000,"1 chips",64-bit,64-bit,"32 KB I + 32 KB D on chip per core","4 MB I+D on chip per chip (256 KB shared / 2 cores)","32 MB I+D on chip per chip",None,"128 GB (8 x 16 GB 2Rx4 PC4-2666V-R)",,"Ubuntu 24.04.1 LTS kernel 6.8.0 (64KB pages)",ext4,"C/C++/Fortran: Version 15.2.0 of GCC",Community,Apr-2019,Aug-2025,6412,"Ampere Computing, Inc.","Ampere Computing, Inc.",Feb-2026,May-2026,Aug-2026,"<A HREF=""/cpu2026/results/res2026q2/cpu2026-20260210-00003.html"">HTML</A> <A HREF=""/cpu2026/results/res2026q2/cpu2026-20260210-00003.csv"">CSV</A> <A HREF=""/cpu2026/results/res2026q2/cpu2026-20260210-00003.pdf"">PDF</A> <A HREF=""/cpu2026/results/res2026q2/cpu2026-20260210-00003.ps"">PS</A> <A HREF=""/cpu2026/results/res2026q2/cpu2026-20260210-00003.txt"">Text</A> <A HREF=""/cpu2026/results/res2026q2/cpu2026-20260210-00003.cfg"">Config</A>"
CINT2026rate,"Lenovo Global Technology","ThinkSystem HR330A (3.00 GHz Ampere eMAG 8180)",27.9,25.3,10.8,9.88,32,1,1,"Ampere eMAG 8180",3000,"1 chips",64-bit,64-bit,"32 KB I + 32 KB D on chip per core","4 MB I+D on chip per chip (256 KB shared / 2 cores)","32 MB I+D on chip per chip",None,"128 GB (8 x 16 GB 2Rx4 PC4-2666V-R)",,"Ubuntu 24.04.1 LTS kernel 6.8.0 (64KB pages)",ext4,"C/C++/Fortran: Version 15.2.0 of GCC",Community,Apr-2019,Aug-2025,6412,"Ampere Computing, Inc.","Ampere Computing, Inc.",Apr-2026,May-2026,Aug-2026,"<A HREF=""/cpu2026/results/res2026q2/cpu2026-20260210-00014.html"">HTML</A> <A HREF=""/cpu2026/results/res2026q2/cpu2026-20260210-00014.csv"">CSV</A> <A HREF=""/cpu2026/results/res2026q2/cpu2026-20260210-00014.pdf"">PDF</A> <A HREF=""/cpu2026/results/res2026q2/cpu2026-20260210-00014.ps"">PS</A> <A HREF=""/cpu2026/results/res2026q2/cpu2026-20260210-00014.txt"">Text</A> <A HREF=""/cpu2026/results/res2026q2/cpu2026-20260210-00014.cfg"">Config</A>"
CINT2026rate,"Lenovo Global Technology","ThinkSystem SD535 V3 (2.25 GHz, AMD EPYC 9965)",626,626,0,0,192,1,2,"AMD EPYC 9965",2250,"1 chip",64-bit,64-bit,"32 KB I + 48 KB D on chip per core","1 MB I+D on chip per core","384 MB I+D on chip per chip, 32 MB shared / 16 cores",None,"768 GB (12 x 64 GB 2Rx4 PC5-6400B-R)",,"SUSE Linux Enterprise Server 15 SP7, Kernel 6.4.0-150700.51-default",xfs,"C/C++/Fortran: Version 5.1.0 of AOCC",Vendor,Jul-2025,Jan-2026,9017,"Lenovo Global Technology","Lenovo Global Technology",Feb-2026,May-2026,Aug-2026,"<A HREF=""/cpu2026/results/res2026q2/cpu2026-20260210-00154.html"">HTML</A> <A HREF=""/cpu2026/results/res2026q2/cpu2026-20260210-00154.csv"">CSV</A> <A HREF=""/cpu2026/results/res2026q2/cpu2026-20260210-00154.pdf"">PDF</A> <A HREF=""/cpu2026/results/res2026q2/cpu2026-20260210-00154.ps"">PS</A> <A HREF=""/cpu2026/results/res2026q2/cpu2026-20260210-00154.txt"">Text</A> <A HREF=""/cpu2026/results/res2026q2/cpu2026-20260210-00154.cfg"">Config</A>"
CINT2026rate,"Lenovo Global Technology","ThinkSystem SD535 V3 (2.70 GHz, AMD EPYC 9755)",522,522,0,0,128,1,2,"AMD EPYC 9755",2700,"1 chip",64-bit,64-bit,"32 KB I + 48 KB D on chip per core","1 MB I+D on chip per core","512 MB I+D on chip per chip, 32 MB shared / 8 cores",None,"768 GB (12 x 64 GB 2Rx4 PC5-6400B-R)",,"SUSE Linux Enterprise Server 15 SP7, Kernel 6.4.0-150700.51-default",xfs,"C/C++/Fortran: Version 5.1.0 of AOCC",Vendor,Jul-2025,Jan-2026,9017,"Lenovo Global Technology","Lenovo Global Technology",Feb-2026,May-2026,Aug-2026,"<A HREF=""/cpu2026/results/res2026q2/cpu2026-20260210-00157.html"">HTML</A> <A HREF=""/cpu2026/results/res2026q2/cpu2026-20260210-00157.csv"">CSV</A> <A HREF=""/cpu2026/results/res2026q2/cpu2026-20260210-00157.pdf"">PDF</A> <A HREF=""/cpu2026/results/res2026q2/cpu2026-20260210-00157.ps"">PS</A> <A HREF=""/cpu2026/results/res2026q2/cpu2026-20260210-00157.txt"">Text</A> <A HREF=""/cpu2026/results/res2026q2/cpu2026-20260210-00157.cfg"">Config</A>"
CINT2026rate,"Lenovo Global Technology","ThinkSystem SR630 V4 (2.80 GHz, Intel Xeon 6503P)",0,85.3,0,0,16,2,2,"Intel Xeon 6503P",2800,"1,2 chips",64-bit,"Not Applicable","64 KB I + 48 KB D on chip per core","2 MB I+D on chip per core","48 MB I+D on chip per chip",None,"512 GB (16 x 32 GB 2Rx8 PC5-6400B-R)",,"SUSE Linux Enterprise Server 15 SP7, Kernel 6.4.0-150700.51-default",xfs,"C/C++: Version 2026.0 of Intel oneAPI DPC++/C++, Compiler for Linux;, Fortran: Version 2026.0 of Intel Fortran, Compiler for Linux",Vendor,Aug-2026,Apr-2026,9017,"Lenovo Global Technology","Lenovo Global Technology",Aug-2026,Aug-2026,Aug-2026,"<A HREF=""/cpu2026/results/res2026q3/cpu2026-20260810-00431.html"">HTML</A> <A HREF=""/cpu2026/results/res2026q3/cpu2026-20260810-00431.csv"">CSV</A> <A HREF=""/cpu2026/results/res2026q3/cpu2026-20260810-00431.pdf"">PDF</A> <A HREF=""/cpu2026/results/res2026q3/cpu2026-20260810-00431.ps"">PS</A> <A HREF=""/cpu2026/results/res2026q3/cpu2026-20260810-00431.txt"">Text</A> <A HREF=""/cpu2026/results/res2026q3/cpu2026-20260810-00431.cfg"">Config</A>"
CINT2026rate,"Lenovo Global Technology","ThinkSystem SR650 V3 (1.90 GHz,Intel Xeon Platinum 8592+)",0,475,0,0,128,2,2,"Intel Xeon Platinum 8592+",1900,"1,2 chips",64-bit,"Not Applicable","32 KB I + 48 KB D on chip per core","2 MB I+D on chip per core","320 MB I+D on chip per chip",None,"512 GB (16 x 32 GB 2Rx8 PC5-5600B-R)",,"SUSE Linux Enterprise Server 16.0, Kernel 6.12.0-160000.5-default",btrfs,"C/C++: Version 2026.0 of Intel oneAPI DPC++/C++, Compiler for Linux;, Fortran: Version 2026.0 of Intel Fortran, Compiler for Linux",Vendor,Feb-2024,Apr-2026,9017,"Lenovo Global Technology","Lenovo Global Technology",May-2026,Jun-2026,Aug-2026,"<A HREF=""/cpu2026/results/res2026q2/cpu2026-20260601-00280.html"">HTML</A> <A HREF=""/cpu2026/results/res2026q2/cpu2026-20260601-00280.csv"">CSV</A> <A HREF=""/cpu2026/results/res2026q2/cpu2026-20260601-00280.pdf"">PDF</A> <A HREF=""/cpu2026/results/res2026q2/cpu2026-20260601-00280.ps"">PS</A> <A HREF=""/cpu2026/results/res2026q2/cpu2026-20260601-00280.txt"">Text</A> <A HREF=""/cpu2026/results/res2026q2/cpu2026-20260601-00280.cfg"">Config</A>"
CINT2026rate,"Lenovo Global Technology","ThinkSystem SR650 V3 (2.20 GHz, Intel Xeon Platinum 8593Q)",0,500,0,0,128,2,2,"Intel Xeon Platinum 8593Q",2200,"1,2 chips",64-bit,"Not Applicable","32 KB I + 48 KB D on chip per core","2 MB I+D on chip per core","320 MB I+D on chip per chip",None,"512 GB (16 x 32 GB 2Rx8 PC5-5600B-R)",,"SUSE Linux Enterprise Server 16.0, Kernel 6.12.0-160000.5-default",btrfs,"C/C++: Version 2026.0 of Intel oneAPI DPC++/C++, Compiler for Linux;, Fortran: Version 2026.0 of Intel Fortran, Compiler for Linux",Vendor,Aug-2024,Apr-2026,9017,"Lenovo Global Technology","Lenovo Global Technology",Jul-2026,Jul-2026,Aug-2026,"<A HREF=""/cpu2026/results/res2026q3/cpu2026-20260713-00375.html"">HTML</A> <A HREF=""/cpu2026/results/res2026q3/cpu2026-20260713-00375.csv"">CSV</A> <A HREF=""/cpu2026/results/res2026q3/cpu2026-20260713-00375.pdf"">PDF</A> <A HREF=""/cpu2026/results/res2026q3/cpu2026-20260713-00375.ps"">PS</A> <A HREF=""/cpu2026/results/res2026q3/cpu2026-20260713-00375.txt"">Text</A> <A HREF=""/cpu2026/results/res2026q3/cpu2026-20260713-00375.cfg"">Config</A>"
CINT2026rate,"Lenovo Global Technology","ThinkSystem SR650 V4 (2.80 GHz, Intel Xeon 6503P)",0,85.5,0,0,16,2,2,"Intel Xeon 6503P",2800,"1,2 chips",64-bit,"Not Applicable","64 KB I + 48 KB D on chip per core","2 MB I+D on chip per core","48 MB I+D on chip per chip",None,"512 GB (16 x 32 GB 2Rx8 PC5-6400B-R)",,"SUSE Linux Enterprise Server 15 SP7, Kernel 6.4.0-150700.51-default",xfs,"C/C++: Version 2026.0 of Intel oneAPI DPC++/C++, Compiler for Linux;, Fortran: Version 2026.0 of Intel Fortran, Compiler for Linux",Vendor,Aug-2026,Apr-2026,9017,"Lenovo Global Technology","Lenovo Global Technology",Aug-2026,Aug-2026,Aug-2026,"<A HREF=""/cpu2026/results/res2026q3/cpu2026-20260810-00427.html"">HTML</A> <A HREF=""/cpu2026/results/res2026q3/cpu2026-20260810-00427.csv"">CSV</A> <A HREF=""/cpu2026/results/res2026q3/cpu2026-20260810-00427.pdf"">PDF</A> <A HREF=""/cpu2026/results/res2026q3/cpu2026-20260810-00427.ps"">PS</A> <A HREF=""/cpu2026/results/res2026q3/cpu2026-20260810-00427.txt"">Text</A> <A HREF=""/cpu2026/results/res2026q3/cpu2026-20260810-00427.cfg"">Config</A>"
CINT2026rate,"Lenovo Global Technology","ThinkSystem SR655 V3 (2.10 GHz, AMD EPYC 9845)",381,381,80.2,80.2,160,1,2,"AMD EPYC 9845",2100,"1 chip",64-bit,64-bit,"32 KB I + 48 KB D on chip per core","1 MB I+D on chip per core","320 MB I+D on chip per chip, 32 MB shared / 16 cores",None,"768 GB (12 x 64 GB 2Rx4 PC5-6400B-R, running at 4800)",,"SUSE Linux Enterprise Server 15 SP6, Kernel 6.4.0-150600.21-default",xfs,"C/C++/Fortran: Version 5.1.0 of AOCC",Vendor,Jul-2025,Jan-2026,9017,"Lenovo Global Technology","Lenovo Global Technology",Feb-2026,May-2026,Aug-2026,"<A HREF=""/cpu2026/results/res2026q2/cpu2026-20260210-00159.html"">HTML</A> <A HREF=""/cpu2026/results/res2026q2/cpu2026-20260210-00159.csv"">CSV</A> <A HREF=""/cpu2026/results/res2026q2/cpu2026-20260210-00159.pdf"">PDF</A> <A HREF=""/cpu2026/results/res2026q2/cpu2026-20260210-00159.ps"">PS</A> <A HREF=""/cpu2026/results/res2026q2/cpu2026-20260210-00159.txt"">Text</A> <A HREF=""/cpu2026/results/res2026q2/cpu2026-20260210-00159.cfg"">Config</A>"
CINT2026rate,"Lenovo Global Technology","ThinkSystem SR655 V3 (2.10 GHz, AMD EPYC 9845)",507,507,0,0,160,1,2,"AMD EPYC 9845",2100,"1 chip",64-bit,64-bit,"32 KB I + 48 KB D on chip per core","1 MB I+D on chip per core","320 MB I+D on chip per chip, 32 MB shared / 16 cores",None,"768 GB (12 x 64 GB 2Rx4 PC5-6400B-R)",,"SUSE Linux Enterprise Server 15 SP7, Kernel 6.4.0-150700.51-default",xfs,"C/C++/Fortran: Version 5.1.0 of AOCC",Vendor,Jul-2025,Jan-2026,9017,"Lenovo Global Technology","Lenovo Global Technology",Feb-2026,May-2026,Aug-2026,"<A HREF=""/cpu2026/results/res2026q2/cpu2026-20260210-00169.html"">HTML</A> <A HREF=""/cpu2026/results/res2026q2/cpu2026-20260210-00169.csv"">CSV</A> <A HREF=""/cpu2026/results/res2026q2/cpu2026-20260210-00169.pdf"">PDF</A> <A HREF=""/cpu2026/results/res2026q2/cpu2026-20260210-00169.ps"">PS</A> <A HREF=""/cpu2026/results/res2026q2/cpu2026-20260210-00169.txt"">Text</A> <A HREF=""/cpu2026/results/res2026q2/cpu2026-20260210-00169.cfg"">Config</A>"
CINT2026rate,"Lenovo Global Technology","ThinkSystem SR655 V3 (2.25 GHz, AMD EPYC 9754)",393,393,0,0,128,1,2,"AMD EPYC 9754",2250,"1 chip",64-bit,64-bit,"32 KB I + 32 KB D on chip per core","1 MB I+D on chip per core","256 MB I+D on chip per chip, 16 MB shared / 8 cores",None,"768 GB (12 x 64 GB 2Rx4 PC5-4800B-R)",,"SUSE Linux Enterprise Server 15 SP7, Kernel 6.4.0-150700.51-default",xfs,"C/C++/Fortran: Version 5.1.0 of AOCC",Vendor,Aug-2023,Jan-2026,9017,"Lenovo Global Technology","Lenovo Global Technology",Feb-2026,May-2026,Aug-2026,"<A HREF=""/cpu2026/results/res2026q2/cpu2026-20260210-00161.html"">HTML</A> <A HREF=""/cpu2026/results/res2026q2/cpu2026-20260210-00161.csv"">CSV</A> <A HREF=""/cpu2026/results/res2026q2/cpu2026-20260210-00161.pdf"">PDF</A> <A HREF=""/cpu2026/results/res2026q2/cpu2026-20260210-00161.ps"">PS</A> <A HREF=""/cpu2026/results/res2026q2/cpu2026-20260210-00161.txt"">Text</A> <A HREF=""/cpu2026/results/res2026q2/cpu2026-20260210-00161.cfg"">Config</A>"
CINT2026rate,"Lenovo Global Technology","ThinkSystem SR665 V3 (2.10 GHz, AMD EPYC 9845)",818,818,81,81,320,2,2,"AMD EPYC 9845",2100,"1,2 chips",64-bit,64-bit,"32 KB I + 48 KB D on chip per core","1 MB I+D on chip per core","320 MB I+D on chip per chip, 32 MB shared / 16 cores",None,"1536 GB (24 x 64 GB 2Rx4 PC5-6400B-R, running at 5200)",,"SUSE Linux Enterprise Server 15 SP7, Kernel 6.4.0-150700.51-default",xfs,"C/C++/Fortran: Version 5.1.0 of AOCC",Vendor,Jul-2025,Jan-2026,9017,"Lenovo Global Technology","Lenovo Global Technology",Feb-2026,May-2026,Aug-2026,"<A HREF=""/cpu2026/results/res2026q2/cpu2026-20260210-00170.html"">HTML</A> <A HREF=""/cpu2026/results/res2026q2/cpu2026-20260210-00170.csv"">CSV</A> <A HREF=""/cpu2026/results/res2026q2/cpu2026-20260210-00170.pdf"">PDF</A> <A HREF=""/cpu2026/results/res2026q2/cpu2026-20260210-00170.ps"">PS</A> <A HREF=""/cpu2026/results/res2026q2/cpu2026-20260210-00170.txt"">Text</A> <A HREF=""/cpu2026/results/res2026q2/cpu2026-20260210-00170.cfg"">Config</A>"
CINT2026rate,"Lenovo Global Technology","ThinkSystem SR665 V3 (2.10 GHz, AMD EPYC 9845)",1000,1000,0,0,320,2,2,"AMD EPYC 9845",2100,"1,2 chips",64-bit,64-bit,"32 KB I + 48 KB D on chip per core","1 MB I+D on chip per core","320 MB I+D on chip per chip, 32 MB shared / 16 cores",None,"1536 GB (24 x 64 GB 2Rx4 PC5-6400B-R)",,"SUSE Linux Enterprise Server 15 SP7, Kernel 6.4.0-150700.51-default",xfs,"C/C++/Fortran: Version 5.1.0 of AOCC",Vendor,Jul-2025,Jan-2026,9017,"Lenovo Global Technology","Lenovo Global Technology",Feb-2026,May-2026,Aug-2026,"<A HREF=""/cpu2026/results/res2026q2/cpu2026-20260210-00171.html"">HTML</A> <A HREF=""/cpu2026/results/res2026q2/cpu2026-20260210-00171.csv"">CSV</A> <A HREF=""/cpu2026/results/res2026q2/cpu2026-20260210-00171.pdf"">PDF</A> <A HREF=""/cpu2026/results/res2026q2/cpu2026-20260210-00171.ps"">PS</A> <A HREF=""/cpu2026/results/res2026q2/cpu2026-20260210-00171.txt"">Text</A> <A HREF=""/cpu2026/results/res2026q2/cpu2026-20260210-00171.cfg"">Config</A>"
CINT2026rate,"Lenovo Global Technology","ThinkSystem SR665 V3 (2.55 GHz, AMD EPYC 9684X)",736,736,0,0,192,2,2,"AMD EPYC 9684X",2550,"1,2 chips",64-bit,64-bit,"32 KB I + 32 KB D on chip per core","1 MB I+D on chip per core","1152 MB I+D on chip per chip, 96 MB shared / 8cores",None,"768 GB (24 x 32 GB 2Rx8 PC5-4800B-R)",,"SUSE Linux Enterprise Server 15 SP7, Kernel 6.4.0-150700.51-default",xfs,"C/C++/Fortran: Version 5.1.0 of AOCC",Vendor,Dec-2023,Jan-2026,9017,"Lenovo Global Technology","Lenovo Global Technology",Feb-2026,May-2026,Aug-2026,"<A HREF=""/cpu2026/results/res2026q2/cpu2026-20260210-00173.html"">HTML</A> <A HREF=""/cpu2026/results/res2026q2/cpu2026-20260210-00173.csv"">CSV</A> <A HREF=""/cpu2026/results/res2026q2/cpu2026-20260210-00173.pdf"">PDF</A> <A HREF=""/cpu2026/results/res2026q2/cpu2026-20260210-00173.ps"">PS</A> <A HREF=""/cpu2026/results/res2026q2/cpu2026-20260210-00173.txt"">Text</A> <A HREF=""/cpu2026/results/res2026q2/cpu2026-20260210-00173.cfg"">Config</A>"
CINT2026rate,"Lenovo Global Technology","ThinkSystem SR850 V3 (1.90 GHz,Intel Xeon Platinum 8490H)",0,811,0,0,240,4,2,"Intel Xeon Platinum 8490H",1900,"2,4 chips",64-bit,"Not Applicable","32 KB I + 48 KB D on chip per core","2 MB I+D on chip per core","112.5 MB I+D on chip per chip",None,"1 TB (32 x 32 GB 2Rx8 PC5-4800B-R)",,"Red Hat Enterprise Linux 9.6 (Plow), Kernel 5.14.0-570.12.1.el9_6.x86_64",xfs,"C/C++: Version 2026.0 of Intel oneAPI DPC++/C++, Compiler for Linux;, Fortran: Version 2026.0 of Intel Fortran, Compiler for Linux",Vendor,Jun-2023,Apr-2026,9017,"Lenovo Global Technology","Lenovo Global Technology",May-2026,Jun-2026,Aug-2026,"<A HREF=""/cpu2026/results/res2026q2/cpu2026-20260601-00284.html"">HTML</A> <A HREF=""/cpu2026/results/res2026q2/cpu2026-20260601-00284.csv"">CSV</A> <A HREF=""/cpu2026/results/res2026q2/cpu2026-20260601-00284.pdf"">PDF</A> <A HREF=""/cpu2026/results/res2026q2/cpu2026-20260601-00284.ps"">PS</A> <A HREF=""/cpu2026/results/res2026q2/cpu2026-20260601-00284.txt"">Text</A> <A HREF=""/cpu2026/results/res2026q2/cpu2026-20260601-00284.cfg"">Config</A>"
CINT2026rate,"Lenovo Global Technology","ThinkSystem SR850 V4 (2.0 GHZ, Intel Xeon 6788P)",0,1160,0,48.4,344,4,2,"Intel Xeon 6788P",2000,"2,4 chips",64-bit,"Not Applicable","64 KB I + 48 KB D on chip per core","2 MB I+D on chip per core","336 MB I+D on chip per chip",None,"2 TB (32 x 64 GB 2Rx4 PC5-6400B-R)",,"SUSE Linux Enterprise Server 15 SP7, Kernel 6.4.0-150700.51-default",xfs,"C/C++: Version 2025.3 of Intel oneAPI DPC++/C++, Compiler for Linux;, Fortran: Version 2025.3 of Intel Fortran, Compiler for Linux",Vendor,Nov-2025,Jan-2026,9017,"Lenovo Global Technology","Lenovo Global Technology",Feb-2026,May-2026,Aug-2026,"<A HREF=""/cpu2026/results/res2026q2/cpu2026-20260210-00180.html"">HTML</A> <A HREF=""/cpu2026/results/res2026q2/cpu2026-20260210-00180.csv"">CSV</A> <A HREF=""/cpu2026/results/res2026q2/cpu2026-20260210-00180.pdf"">PDF</A> <A HREF=""/cpu2026/results/res2026q2/cpu2026-20260210-00180.ps"">PS</A> <A HREF=""/cpu2026/results/res2026q2/cpu2026-20260210-00180.txt"">Text</A> <A HREF=""/cpu2026/results/res2026q2/cpu2026-20260210-00180.cfg"">Config</A>"
CINT2026rate,"Lenovo Global Technology","ThinkSystem SR860 V3 (1.90 GHz,Intel Xeon Platinum 8490H)",0,830,0,0,240,4,2,"Intel Xeon Platinum 8490H",1900,"2,4 chips",64-bit,"Not Applicable","32 KB I + 48 KB D on chip per core","2 MB I+D on chip per core","112.5 MB I+D on chip per chip",None,"1 TB (32 x 32 GB 2Rx8 PC5-4800B-R)",,"SUSE Linux Enterprise Server 15 SP7, Kernel 6.4.0-150700.51-default",xfs,"C/C++: Version 2026.0 of Intel oneAPI DPC++/C++, Compiler for Linux;, Fortran: Version 2026.0 of Intel Fortran, Compiler for Linux",Vendor,Jun-2023,Apr-2026,9017,"Lenovo Global Technology","Lenovo Global Technology",May-2026,Jun-2026,Aug-2026,"<A HREF=""/cpu2026/results/res2026q2/cpu2026-20260601-00276.html"">HTML</A> <A HREF=""/cpu2026/results/res2026q2/cpu2026-20260601-00276.csv"">CSV</A> <A HREF=""/cpu2026/results/res2026q2/cpu2026-20260601-00276.pdf"">PDF</A> <A HREF=""/cpu2026/results/res2026q2/cpu2026-20260601-00276.ps"">PS</A> <A HREF=""/cpu2026/results/res2026q2/cpu2026-20260601-00276.txt"">Text</A> <A HREF=""/cpu2026/results/res2026q2/cpu2026-20260601-00276.cfg"">Config</A>"
CINT2026rate,"Lenovo Global Technology","ThinkSystem SR860 V4 (2.00 GHz, Intel Xeon 6788P)",0,1270,0,0,344,4,2,"Intel Xeon 6788P",2000,"2,4 chips",64-bit,"Not Applicable","64 KB I + 48 KB D on chip per core","2 MB I+D on chip per core","336 MB I+D on chip per chip",None,"2 TB (32 x 64 GB 2Rx4 PC5-6400B-R)",,"SUSE Linux Enterprise Server 15 SP7, Kernel 6.4.0-150700.51-default",xfs,"C/C++: Version 2026.0 of Intel oneAPI DPC++/C++, Compiler for Linux;, Fortran: Version 2026.0 of Intel Fortran, Compiler for Linux",Vendor,Nov-2025,Apr-2026,9017,"Lenovo Global Technology","Lenovo Global Technology",May-2026,Jun-2026,Aug-2026,"<A HREF=""/cpu2026/results/res2026q2/cpu2026-20260518-00250.html"">HTML</A> <A HREF=""/cpu2026/results/res2026q2/cpu2026-20260518-00250.csv"">CSV</A> <A HREF=""/cpu2026/results/res2026q2/cpu2026-20260518-00250.pdf"">PDF</A> <A HREF=""/cpu2026/results/res2026q2/cpu2026-20260518-00250.ps"">PS</A> <A HREF=""/cpu2026/results/res2026q2/cpu2026-20260518-00250.txt"">Text</A> <A HREF=""/cpu2026/results/res2026q2/cpu2026-20260518-00250.cfg"">Config</A>"
CINT2026rate,"Lenovo Global Technology","ThinkSystem SR950 V3 (1.90 GHz,Intel Xeon Platinum 8490H)",0,1660,0,0,480,8,2,"Intel Xeon Platinum 8490H",1900,"8 chips",64-bit,"Not Applicable","32 KB I + 48 KB D on chip per core","2 MB I+D on chip per core","112.5 MB I+D on chip per chip",None,"4 TB (64 x 64 GB 2Rx4 PC5-4800B-R)",,"SUSE Linux Enterprise Server 15 SP7, Kernel 6.4.0-150700.51-default",xfs,"C/C++: Version 2026.0 of Intel oneAPI DPC++/C++, Compiler for Linux;, Fortran: Version 2026.0 of Intel Fortran, Compiler for Linux",Vendor,Oct-2023,Apr-2026,9017,"Lenovo Global Technology","Lenovo Global Technology",Jun-2026,Jul-2026,Aug-2026,"<A HREF=""/cpu2026/results/res2026q3/cpu2026-20260629-00321.html"">HTML</A> <A HREF=""/cpu2026/results/res2026q3/cpu2026-20260629-00321.csv"">CSV</A> <A HREF=""/cpu2026/results/res2026q3/cpu2026-20260629-00321.pdf"">PDF</A> <A HREF=""/cpu2026/results/res2026q3/cpu2026-20260629-00321.ps"">PS</A> <A HREF=""/cpu2026/results/res2026q3/cpu2026-20260629-00321.txt"">Text</A> <A HREF=""/cpu2026/results/res2026q3/cpu2026-20260629-00321.cfg"">Config</A>"
CINT2026rate,"MINIS FORUM","MINISFORUM EliteMini AI370 (2GHz, AMD Ryzen AI 9 HX 370)",0,5,0,0,12,1,1,"AMD Ryzen AI 9 HX 370",2000,"1 chips",64-bit,"Not Applicable","32 KB I + 48 KB D on chip per core","1 MB I+D on chip per core","24 MB I+D on chip per chip, 16 MB shared / 4 Cores, 8 MB shared / 8 Cores",None,"32 GB (4x8 LPDDR5X-7500MT/s)",,"Ubuntu 24.04.3 LTS, 6.14.0-37-generic",ext4,"C/C++/Fortran: Version 5.1.0 of AOCC, the, AMD Optimizing C/C++ and Fortran Compiler",Vendor,Jul-2025,Jan-2026,9044,Arm,Arm,Feb-2026,May-2026,Aug-2026,"<A HREF=""/cpu2026/results/res2026q2/cpu2026-20260210-00018.html"">HTML</A> <A HREF=""/cpu2026/results/res2026q2/cpu2026-20260210-00018.csv"">CSV</A> <A HREF=""/cpu2026/results/res2026q2/cpu2026-20260210-00018.pdf"">PDF</A> <A HREF=""/cpu2026/results/res2026q2/cpu2026-20260210-00018.ps"">PS</A> <A HREF=""/cpu2026/results/res2026q2/cpu2026-20260210-00018.txt"">Text</A> <A HREF=""/cpu2026/results/res2026q2/cpu2026-20260210-00018.cfg"">Config</A>"
CINT2026rate,"Maginfra Co., Ltd.","QR8218-D3 (AMD EPYC 9175F)",230,230,0,0,32,2,2,"AMD EPYC 9175F",4200,"1,2 chips",64-bit,64-bit,"32 KB I + 48 KB D on chip per core","1 MB I+D on chip per core","512 MB I+D on chip per chip, 32 MB shared / 1 cores",None,"1536 GB (24 x 64 GB 2Rx4 PC5-6400B-R)",,"SUSE Linux Enterprise Server 15 SP7, 6.4.0-150700.51-default",xfs,"C/C++/Fortran: Version 5.1.0 of AOCC",Vendor,Dec-2025,Jan-2026,9087,"Maginfra Co., Ltd.","Maginfra Co., Ltd.",Jul-2026,Sep-2026,Sep-2026,"<A HREF=""/cpu2026/results/res2026q3/cpu2026-20260824-00483.html"">HTML</A> <A HREF=""/cpu2026/results/res2026q3/cpu2026-20260824-00483.csv"">CSV</A> <A HREF=""/cpu2026/results/res2026q3/cpu2026-20260824-00483.pdf"">PDF</A> <A HREF=""/cpu2026/results/res2026q3/cpu2026-20260824-00483.ps"">PS</A> <A HREF=""/cpu2026/results/res2026q3/cpu2026-20260824-00483.txt"">Text</A> <A HREF=""/cpu2026/results/res2026q3/cpu2026-20260824-00483.cfg"">Config</A>"
CINT2026rate,"Maginfra Co., Ltd.","QR8218-D3 (AMD EPYC 9255)",283,282,0,0,48,2,2,"AMD EPYC 9255",3200,"1,2 chips",64-bit,64-bit,"32 KB I + 48 KB D on chip per core","1 MB I+D on chip per core","128 MB I+D on chip per chip, 32 MB shared / 6 cores",None,"1536 GB (24 x 64 GB 2Rx4 PC5-6400B-R)",,"SUSE Linux Enterprise Server 15 SP7, 6.4.0-150700.51-default",xfs,"C/C++/Fortran: Version 5.1.0 of AOCC",Vendor,Dec-2025,Jan-2026,9087,"Maginfra Co., Ltd.","Maginfra Co., Ltd.",Jul-2026,Jul-2026,Aug-2026,"<A HREF=""/cpu2026/results/res2026q3/cpu2026-20260713-00369.html"">HTML</A> <A HREF=""/cpu2026/results/res2026q3/cpu2026-20260713-00369.csv"">CSV</A> <A HREF=""/cpu2026/results/res2026q3/cpu2026-20260713-00369.pdf"">PDF</A> <A HREF=""/cpu2026/results/res2026q3/cpu2026-20260713-00369.ps"">PS</A> <A HREF=""/cpu2026/results/res2026q3/cpu2026-20260713-00369.txt"">Text</A> <A HREF=""/cpu2026/results/res2026q3/cpu2026-20260713-00369.cfg"">Config</A>"
CINT2026rate,"Maginfra Co., Ltd.","QR8218-D3 (AMD EPYC 9275F)",323,322,0,0,48,2,2,"AMD EPYC 9275F",4100,"1,2 chips",64-bit,64-bit,"32 KB I + 48 KB D on chip per core","1 MB I+D on chip per core","256 MB I+D on chip per chip, 32 MB shared / 3 cores",None,"1536 GB (24 x 64 GB 2Rx4 PC5-6400B-R)",,"SUSE Linux Enterprise Server 15 SP7, 6.4.0-150700.51-default",xfs,"C/C++/Fortran: Version 5.1.0 of AOCC",Vendor,Dec-2025,Jan-2026,9087,"Maginfra Co., Ltd.","Maginfra Co., Ltd.",Jul-2026,Sep-2026,Sep-2026,"<A HREF=""/cpu2026/results/res2026q3/cpu2026-20260824-00485.html"">HTML</A> <A HREF=""/cpu2026/results/res2026q3/cpu2026-20260824-00485.csv"">CSV</A> <A HREF=""/cpu2026/results/res2026q3/cpu2026-20260824-00485.pdf"">PDF</A> <A HREF=""/cpu2026/results/res2026q3/cpu2026-20260824-00485.ps"">PS</A> <A HREF=""/cpu2026/results/res2026q3/cpu2026-20260824-00485.txt"">Text</A> <A HREF=""/cpu2026/results/res2026q3/cpu2026-20260824-00485.cfg"">Config</A>"
CINT2026rate,"Maginfra Co., Ltd.","QR8218-D3 (AMD EPYC 9335)",373,372,0,0,64,2,2,"AMD EPYC 9335",3000,"1,2 chips",64-bit,64-bit,"32 KB I + 48 KB D on chip per core","1 MB I+D on chip per core","128 MB I+D on chip per chip, 32 MB shared / 8 cores",None,"1536 GB (24 x 64 GB 2Rx4 PC5-6400B-R)",,"SUSE Linux Enterprise Server 15 SP7, 6.4.0-150700.51-default",xfs,"C/C++/Fortran: Version 5.1.0 of AOCC",Vendor,Dec-2025,Jan-2026,9087,"Maginfra Co., Ltd.","Maginfra Co., Ltd.",Jul-2026,Sep-2026,Sep-2026,"<A HREF=""/cpu2026/results/res2026q3/cpu2026-20260824-00489.html"">HTML</A> <A HREF=""/cpu2026/results/res2026q3/cpu2026-20260824-00489.csv"">CSV</A> <A HREF=""/cpu2026/results/res2026q3/cpu2026-20260824-00489.pdf"">PDF</A> <A HREF=""/cpu2026/results/res2026q3/cpu2026-20260824-00489.ps"">PS</A> <A HREF=""/cpu2026/results/res2026q3/cpu2026-20260824-00489.txt"">Text</A> <A HREF=""/cpu2026/results/res2026q3/cpu2026-20260824-00489.cfg"">Config</A>"
CINT2026rate,"Maginfra Co., Ltd.","QR8218-D3 (AMD EPYC 9375F)",422,421,0,0,32,2,2,"AMD EPYC 9375F",3800,"1,2 chips",64-bit,64-bit,"32 KB I + 48 KB D on chip per core","1 MB I+D on chip per core","256 MB I+D on chip per chip, 32 MB shared / 4 cores",None,"1536 GB (24 x 64 GB 2Rx4 PC5-6400B-R)",,"SUSE Linux Enterprise Server 15 SP7, 6.4.0-150700.51-default",xfs,"C/C++/Fortran: Version 5.1.0 of AOCC",Vendor,Dec-2025,Jan-2026,9087,"Maginfra Co., Ltd.","Maginfra Co., Ltd.",Jul-2026,Jul-2026,Aug-2026,"<A HREF=""/cpu2026/results/res2026q3/cpu2026-20260713-00371.html"">HTML</A> <A HREF=""/cpu2026/results/res2026q3/cpu2026-20260713-00371.csv"">CSV</A> <A HREF=""/cpu2026/results/res2026q3/cpu2026-20260713-00371.pdf"">PDF</A> <A HREF=""/cpu2026/results/res2026q3/cpu2026-20260713-00371.ps"">PS</A> <A HREF=""/cpu2026/results/res2026q3/cpu2026-20260713-00371.txt"">Text</A> <A HREF=""/cpu2026/results/res2026q3/cpu2026-20260713-00371.cfg"">Config</A>"
CINT2026rate,"Maginfra Co., Ltd.","QR8218-D3 (AMD EPYC 9535)",677,673,0,0,128,2,2,"AMD EPYC 9535",2400,"1,2 chips",64-bit,64-bit,"32 KB I + 48 KB D on chip per core","1 MB I+D on chip per core","256 MB I+D on chip per chip, 16 MB shared / 4 cores",None,"1536 GB (24 x 64 GB 2Rx4 PC5-6400B-R)",,"SUSE Linux Enterprise Server 15 SP7, 6.4.0-150700.51-default",xfs,"C/C++/Fortran: Version 5.1.0 of AOCC",Vendor,Dec-2025,Jan-2026,9087,"Maginfra Co., Ltd.","Maginfra Co., Ltd.",Jul-2026,Sep-2026,Sep-2026,"<A HREF=""/cpu2026/results/res2026q3/cpu2026-20260824-00487.html"">HTML</A> <A HREF=""/cpu2026/results/res2026q3/cpu2026-20260824-00487.csv"">CSV</A> <A HREF=""/cpu2026/results/res2026q3/cpu2026-20260824-00487.pdf"">PDF</A> <A HREF=""/cpu2026/results/res2026q3/cpu2026-20260824-00487.ps"">PS</A> <A HREF=""/cpu2026/results/res2026q3/cpu2026-20260824-00487.txt"">Text</A> <A HREF=""/cpu2026/results/res2026q3/cpu2026-20260824-00487.cfg"">Config</A>"
CINT2026rate,"Maginfra Co., Ltd.","QR8218-D3 (AMD EPYC 9555)",693,691,0,0,128,2,2,"AMD EPYC 9555",3200,"1,2 chips",64-bit,64-bit,"32 KB I + 48 KB D on chip per core","1 MB I+D on chip per core","256 MB I+D on chip per chip, 32 MB shared / 8 cores",None,"1536 GB (24 x 64 GB 2Rx4 PC5-6400B-R)",,"SUSE Linux Enterprise Server 15 SP7, 6.4.0-150700.51-default",xfs,"C/C++/Fortran: Version 5.1.0 of AOCC",Vendor,Dec-2025,Jan-2026,9087,"Maginfra Co., Ltd.","Maginfra Co., Ltd.",Jul-2026,Sep-2026,Sep-2026,"<A HREF=""/cpu2026/results/res2026q3/cpu2026-20260824-00479.html"">HTML</A> <A HREF=""/cpu2026/results/res2026q3/cpu2026-20260824-00479.csv"">CSV</A> <A HREF=""/cpu2026/results/res2026q3/cpu2026-20260824-00479.pdf"">PDF</A> <A HREF=""/cpu2026/results/res2026q3/cpu2026-20260824-00479.ps"">PS</A> <A HREF=""/cpu2026/results/res2026q3/cpu2026-20260824-00479.txt"">Text</A> <A HREF=""/cpu2026/results/res2026q3/cpu2026-20260824-00479.cfg"">Config</A>"
CINT2026rate,"Maginfra Co., Ltd.","QR8218-D3 (AMD EPYC 9575F)",699,697,0,0,128,2,2,"AMD EPYC 9575F",3300,"1,2 chips",64-bit,64-bit,"32 KB I + 48 KB D on chip per core","1 MB I+D on chip per core","256 MB I+D on chip per chip, 32 MB shared / 8 cores",None,"1536 GB (24 x 64 GB 2Rx4 PC5-6400B-R)",,"SUSE Linux Enterprise Server 15 SP7, 6.4.0-150700.51-default",xfs,"C/C++/Fortran: Version 5.1.0 of AOCC",Vendor,Dec-2025,Jan-2026,9087,"Maginfra Co., Ltd.","Maginfra Co., Ltd.",Jul-2026,Sep-2026,Sep-2026,"<A HREF=""/cpu2026/results/res2026q3/cpu2026-20260824-00477.html"">HTML</A> <A HREF=""/cpu2026/results/res2026q3/cpu2026-20260824-00477.csv"">CSV</A> <A HREF=""/cpu2026/results/res2026q3/cpu2026-20260824-00477.pdf"">PDF</A> <A HREF=""/cpu2026/results/res2026q3/cpu2026-20260824-00477.ps"">PS</A> <A HREF=""/cpu2026/results/res2026q3/cpu2026-20260824-00477.txt"">Text</A> <A HREF=""/cpu2026/results/res2026q3/cpu2026-20260824-00477.cfg"">Config</A>"
CINT2026rate,"Maginfra Co., Ltd.","QR8218-D3 (AMD EPYC 9655)",866,863,0,0,192,2,2,"AMD EPYC 9655",2600,"1,2 chips",64-bit,64-bit,"32 KB I + 48 KB D on chip per core","1 MB I+D on chip per core","384 MB I+D on chip per chip, 32 MB shared / 8 cores",None,"1536 GB (24 x 64 GB 2Rx4 PC5-6400B-R)",,"SUSE Linux Enterprise Server 15 SP7, 6.4.0-150700.51-default",xfs,"C/C++/Fortran: Version 5.1.0 of AOCC",Vendor,Dec-2025,Jan-2026,9087,"Maginfra Co., Ltd.","Maginfra Co., Ltd.",Jul-2026,Sep-2026,Sep-2026,"<A HREF=""/cpu2026/results/res2026q3/cpu2026-20260824-00491.html"">HTML</A> <A HREF=""/cpu2026/results/res2026q3/cpu2026-20260824-00491.csv"">CSV</A> <A HREF=""/cpu2026/results/res2026q3/cpu2026-20260824-00491.pdf"">PDF</A> <A HREF=""/cpu2026/results/res2026q3/cpu2026-20260824-00491.ps"">PS</A> <A HREF=""/cpu2026/results/res2026q3/cpu2026-20260824-00491.txt"">Text</A> <A HREF=""/cpu2026/results/res2026q3/cpu2026-20260824-00491.cfg"">Config</A>"
CINT2026rate,"Maginfra Co., Ltd.","QR8218-D3 (AMD EPYC 9755)",1150,1140,0,0,256,2,2,"AMD EPYC 9755",2700,"1,2 chips",64-bit,64-bit,"32 KB I + 48 KB D on chip per core","1 MB I+D on chip per core","512 MB I+D on chip per chip, 32 MB shared / 8 cores",None,"1536 GB (24 x 64 GB 2Rx4 PC5-6400B-R)",,"SUSE Linux Enterprise Server 15 SP7, 6.4.0-150700.51-default",xfs,"C/C++/Fortran: Version 5.1.0 of AOCC",Vendor,Dec-2025,Jan-2026,9087,"Maginfra Co., Ltd.","Maginfra Co., Ltd.",Jul-2026,Sep-2026,Sep-2026,"<A HREF=""/cpu2026/results/res2026q3/cpu2026-20260824-00481.html"">HTML</A> <A HREF=""/cpu2026/results/res2026q3/cpu2026-20260824-00481.csv"">CSV</A> <A HREF=""/cpu2026/results/res2026q3/cpu2026-20260824-00481.pdf"">PDF</A> <A HREF=""/cpu2026/results/res2026q3/cpu2026-20260824-00481.ps"">PS</A> <A HREF=""/cpu2026/results/res2026q3/cpu2026-20260824-00481.txt"">Text</A> <A HREF=""/cpu2026/results/res2026q3/cpu2026-20260824-00481.cfg"">Config</A>"
CINT2026rate,"Maginfra Co., Ltd.","QR8228-D3 (AMD EPYC 9175F)",231,231,0,0,32,2,2,"AMD EPYC 9175F",4200,"1,2 chips",64-bit,64-bit,"32 KB I + 48 KB D on chip per core","1 MB I+D on chip per core","512 MB I+D on chip per chip, 32 MB shared / 1 cores",None,"1536 GB (24 x 64 GB 2Rx4 PC5-6400B-R)",,"SUSE Linux Enterprise Server 15 SP7, 6.4.0-150700.51-default",xfs,"C/C++/Fortran: Version 5.1.0 of AOCC",Vendor,Dec-2025,Jan-2026,9087,"Maginfra Co., Ltd.","Maginfra Co., Ltd.",Jul-2026,Aug-2026,Aug-2026,"<A HREF=""/cpu2026/results/res2026q3/cpu2026-20260810-00447.html"">HTML</A> <A HREF=""/cpu2026/results/res2026q3/cpu2026-20260810-00447.csv"">CSV</A> <A HREF=""/cpu2026/results/res2026q3/cpu2026-20260810-00447.pdf"">PDF</A> <A HREF=""/cpu2026/results/res2026q3/cpu2026-20260810-00447.ps"">PS</A> <A HREF=""/cpu2026/results/res2026q3/cpu2026-20260810-00447.txt"">Text</A> <A HREF=""/cpu2026/results/res2026q3/cpu2026-20260810-00447.cfg"">Config</A>"
CINT2026rate,"Maginfra Co., Ltd.","QR8228-D3 (AMD EPYC 9255)",284,283,0,0,48,2,2,"AMD EPYC 9255",3200,"1,2 chips",64-bit,64-bit,"32 KB I + 48 KB D on chip per core","1 MB I+D on chip per core","128 MB I+D on chip per chip, 32 MB shared / 6 cores",None,"1536 GB (24 x 64 GB 2Rx4 PC5-6400B-R)",,"SUSE Linux Enterprise Server 15 SP7, 6.4.0-150700.51-default",xfs,"C/C++/Fortran: Version 5.1.0 of AOCC",Vendor,Dec-2025,Jan-2026,9087,"Maginfra Co., Ltd.","Maginfra Co., Ltd.",Jul-2026,Aug-2026,Aug-2026,"<A HREF=""/cpu2026/results/res2026q3/cpu2026-20260810-00436.html"">HTML</A> <A HREF=""/cpu2026/results/res2026q3/cpu2026-20260810-00436.csv"">CSV</A> <A HREF=""/cpu2026/results/res2026q3/cpu2026-20260810-00436.pdf"">PDF</A> <A HREF=""/cpu2026/results/res2026q3/cpu2026-20260810-00436.ps"">PS</A> <A HREF=""/cpu2026/results/res2026q3/cpu2026-20260810-00436.txt"">Text</A> <A HREF=""/cpu2026/results/res2026q3/cpu2026-20260810-00436.cfg"">Config</A>"
CINT2026rate,"Maginfra Co., Ltd.","QR8228-D3 (AMD EPYC 9275F)",324,323,0,0,48,2,2,"AMD EPYC 9275F",4100,"1,2 chips",64-bit,64-bit,"32 KB I + 48 KB D on chip per core","1 MB I+D on chip per core","256 MB I+D on chip per chip, 32 MB shared / 3 cores",None,"1536 GB (24 x 64 GB 2Rx4 PC5-6400B-R)",,"SUSE Linux Enterprise Server 15 SP7, 6.4.0-150700.51-default",xfs,"C/C++/Fortran: Version 5.1.0 of AOCC",Vendor,Dec-2025,Jan-2026,9087,"Maginfra Co., Ltd.","Maginfra Co., Ltd.",Jul-2026,Aug-2026,Aug-2026,"<A HREF=""/cpu2026/results/res2026q3/cpu2026-20260810-00451.html"">HTML</A> <A HREF=""/cpu2026/results/res2026q3/cpu2026-20260810-00451.csv"">CSV</A> <A HREF=""/cpu2026/results/res2026q3/cpu2026-20260810-00451.pdf"">PDF</A> <A HREF=""/cpu2026/results/res2026q3/cpu2026-20260810-00451.ps"">PS</A> <A HREF=""/cpu2026/results/res2026q3/cpu2026-20260810-00451.txt"">Text</A> <A HREF=""/cpu2026/results/res2026q3/cpu2026-20260810-00451.cfg"">Config</A>"
CINT2026rate,"Maginfra Co., Ltd.","QR8228-D3 (AMD EPYC 9375F)",422,421,0,0,64,2,2,"AMD EPYC 9375F",3800,"1,2 chips",64-bit,64-bit,"32 KB I + 48 KB D on chip per core","1 MB I+D on chip per core","256 MB I+D on chip per chip, 32 MB shared / 4 cores",None,"1536 GB (24 x 64 GB 2Rx4 PC5-6400B-R)",,"SUSE Linux Enterprise Server 15 SP7, 6.4.0-150700.51-default",xfs,"C/C++/Fortran: Version 5.1.0 of AOCC",Vendor,Dec-2025,Jan-2026,9087,"Maginfra Co., Ltd.","Maginfra Co., Ltd.",Jul-2026,Aug-2026,Aug-2026,"<A HREF=""/cpu2026/results/res2026q3/cpu2026-20260810-00439.html"">HTML</A> <A HREF=""/cpu2026/results/res2026q3/cpu2026-20260810-00439.csv"">CSV</A> <A HREF=""/cpu2026/results/res2026q3/cpu2026-20260810-00439.pdf"">PDF</A> <A HREF=""/cpu2026/results/res2026q3/cpu2026-20260810-00439.ps"">PS</A> <A HREF=""/cpu2026/results/res2026q3/cpu2026-20260810-00439.txt"">Text</A> <A HREF=""/cpu2026/results/res2026q3/cpu2026-20260810-00439.cfg"">Config</A>"
CINT2026rate,"Maginfra Co., Ltd.","QR8228-D3 (AMD EPYC 9535)",676,674,0,0,128,2,2,"AMD EPYC 9535",2400,"1,2 chips",64-bit,64-bit,"32 KB I + 48 KB D on chip per core","1 MB I+D on chip per core","256 MB I+D on chip per chip, 16 MB shared / 4 cores",None,"1536 GB (24 x 64 GB 2Rx4 PC5-6400B-R)",,"SUSE Linux Enterprise Server 15 SP7, 6.4.0-150700.51-default",xfs,"C/C++/Fortran: Version 5.1.0 of AOCC",Vendor,Dec-2025,Jan-2026,9087,"Maginfra Co., Ltd.","Maginfra Co., Ltd.",Jul-2026,Aug-2026,Aug-2026,"<A HREF=""/cpu2026/results/res2026q3/cpu2026-20260810-00449.html"">HTML</A> <A HREF=""/cpu2026/results/res2026q3/cpu2026-20260810-00449.csv"">CSV</A> <A HREF=""/cpu2026/results/res2026q3/cpu2026-20260810-00449.pdf"">PDF</A> <A HREF=""/cpu2026/results/res2026q3/cpu2026-20260810-00449.ps"">PS</A> <A HREF=""/cpu2026/results/res2026q3/cpu2026-20260810-00449.txt"">Text</A> <A HREF=""/cpu2026/results/res2026q3/cpu2026-20260810-00449.cfg"">Config</A>"
CINT2026rate,"Maginfra Co., Ltd.","QR8228-D3 (AMD EPYC 9555)",693,691,0,0,128,2,2,"AMD EPYC 9555",3200,"1,2 chips",64-bit,64-bit,"32 KB I + 48 KB D on chip per core","1 MB I+D on chip per core","256 MB I+D on chip per chip, 32 MB shared / 8 cores",None,"1536 GB (24 x 64 GB 2Rx4 PC5-6400B-R)",,"SUSE Linux Enterprise Server 15 SP7, 6.4.0-150700.51-default",xfs,"C/C++/Fortran: Version 5.1.0 of AOCC",Vendor,Dec-2025,Jan-2026,9087,"Maginfra Co., Ltd.","Maginfra Co., Ltd.",Jul-2026,Aug-2026,Aug-2026,"<A HREF=""/cpu2026/results/res2026q3/cpu2026-20260810-00443.html"">HTML</A> <A HREF=""/cpu2026/results/res2026q3/cpu2026-20260810-00443.csv"">CSV</A> <A HREF=""/cpu2026/results/res2026q3/cpu2026-20260810-00443.pdf"">PDF</A> <A HREF=""/cpu2026/results/res2026q3/cpu2026-20260810-00443.ps"">PS</A> <A HREF=""/cpu2026/results/res2026q3/cpu2026-20260810-00443.txt"">Text</A> <A HREF=""/cpu2026/results/res2026q3/cpu2026-20260810-00443.cfg"">Config</A>"
CINT2026rate,"Maginfra Co., Ltd.","QR8228-D3 (AMD EPYC 9575F)",699,697,0,0,128,2,2,"AMD EPYC 9575F",3300,"1,2 chips",64-bit,64-bit,"32 KB I + 48 KB D on chip per core","1 MB I+D on chip per core","256 MB I+D on chip per chip, 32 MB shared / 8 cores",None,"1536 GB (24 x 64 GB 2Rx4 PC5-6400B-R)",,"SUSE Linux Enterprise Server 15 SP7, 6.4.0-150700.51-default",xfs,"C/C++/Fortran: Version 5.1.0 of AOCC",Vendor,Dec-2025,Jan-2026,9087,"Maginfra Co., Ltd.","Maginfra Co., Ltd.",Jul-2026,Aug-2026,Aug-2026,"<A HREF=""/cpu2026/results/res2026q3/cpu2026-20260810-00441.html"">HTML</A> <A HREF=""/cpu2026/results/res2026q3/cpu2026-20260810-00441.csv"">CSV</A> <A HREF=""/cpu2026/results/res2026q3/cpu2026-20260810-00441.pdf"">PDF</A> <A HREF=""/cpu2026/results/res2026q3/cpu2026-20260810-00441.ps"">PS</A> <A HREF=""/cpu2026/results/res2026q3/cpu2026-20260810-00441.txt"">Text</A> <A HREF=""/cpu2026/results/res2026q3/cpu2026-20260810-00441.cfg"">Config</A>"
CINT2026rate,"Maginfra Co., Ltd.","QR8228-D3 (AMD EPYC 9755)",1140,1140,0,0,256,2,2,"AMD EPYC 9755",2700,"1,2 chips",64-bit,64-bit,"32 KB I + 48 KB D on chip per core","1 MB I+D on chip per core","512 MB I+D on chip per chip, 32 MB shared / 8 cores",None,"1536 GB (24 x 64 GB 2Rx4 PC5-6400B-R)",,"SUSE Linux Enterprise Server 15 SP7, 6.4.0-150700.51-default",xfs,"C/C++/Fortran: Version 5.1.0 of AOCC",Vendor,Dec-2025,Jan-2026,9087,"Maginfra Co., Ltd.","Maginfra Co., Ltd.",Jul-2026,Aug-2026,Aug-2026,"<A HREF=""/cpu2026/results/res2026q3/cpu2026-20260810-00445.html"">HTML</A> <A HREF=""/cpu2026/results/res2026q3/cpu2026-20260810-00445.csv"">CSV</A> <A HREF=""/cpu2026/results/res2026q3/cpu2026-20260810-00445.pdf"">PDF</A> <A HREF=""/cpu2026/results/res2026q3/cpu2026-20260810-00445.ps"">PS</A> <A HREF=""/cpu2026/results/res2026q3/cpu2026-20260810-00445.txt"">Text</A> <A HREF=""/cpu2026/results/res2026q3/cpu2026-20260810-00445.cfg"">Config</A>"
CINT2026rate,NVIDIA,"NVIDIA DGX Spark (3.9 GHz NVIDIA GB10 CPU)",0,5.97,0,0,20,1,1,"NVIDIA GB10",3900,"1 chips",64-bit,"Not Applicable","64 KB I + 64 KB D on chip per core","2 MB I+D on chip per core; 512 KB I+D on chip per core","16 MB I+D on chip per 10 core cluster (Cluster 1); 8 MB I+D on chip per 10 core cluster (Cluster 0)",None,"128 GB (LPDDR5X-8533 MT/s)",,"Ubuntu 24.04.3 LTS, 6.14.0-1013-nvidia",ext4,"C/C++/Fortran: Version 22.1.0 of LLVM",Community,Oct-2025,Feb-2026,9044,Arm,Arm,Feb-2026,May-2026,Aug-2026,"<A HREF=""/cpu2026/results/res2026q2/cpu2026-20260210-00020.html"">HTML</A> <A HREF=""/cpu2026/results/res2026q2/cpu2026-20260210-00020.csv"">CSV</A> <A HREF=""/cpu2026/results/res2026q2/cpu2026-20260210-00020.pdf"">PDF</A> <A HREF=""/cpu2026/results/res2026q2/cpu2026-20260210-00020.ps"">PS</A> <A HREF=""/cpu2026/results/res2026q2/cpu2026-20260210-00020.txt"">Text</A> <A HREF=""/cpu2026/results/res2026q2/cpu2026-20260210-00020.cfg"">Config</A>"
CINT2026rate,NVIDIA,"NVIDIA DGX Spark (3.9 GHz NVIDIA GB10 CPU)",0,66.6,0,0,20,1,1,"NVIDIA GB10",3900,"1 chips",64-bit,"Not Applicable","64 KB I + 64 KB D on chip per core","2 MB I+D on chip per core; 512 KB I+D on chip per core","16 MB I+D on chip per 10 core cluster (Cluster 1); 8 MB I+D on chip per 10 core cluster (Cluster 0)",None,"128 GB (LPDDR5X-8533 MT/s)",,"Ubuntu 24.04.3 LTS, 6.14.0-1013-nvidia",ext4,"C/C++/Fortran: Version 22.1.0 of LLVM",Community,Oct-2025,Feb-2026,9044,Arm,Arm,Feb-2026,May-2026,Aug-2026,"<A HREF=""/cpu2026/results/res2026q2/cpu2026-20260210-00022.html"">HTML</A> <A HREF=""/cpu2026/results/res2026q2/cpu2026-20260210-00022.csv"">CSV</A> <A HREF=""/cpu2026/results/res2026q2/cpu2026-20260210-00022.pdf"">PDF</A> <A HREF=""/cpu2026/results/res2026q2/cpu2026-20260210-00022.ps"">PS</A> <A HREF=""/cpu2026/results/res2026q2/cpu2026-20260210-00022.txt"">Text</A> <A HREF=""/cpu2026/results/res2026q2/cpu2026-20260210-00022.cfg"">Config</A>"
CINT2026rate,"Quanta Cloud Technology","D55Q-2U (Intel Xeon 6787P)",0,642,0,0,172,2,2,"Intel Xeon 6787P",2000,"1,2 Chips",64-bit,"Not Applicable","64 KB I + 48 KB D on chip per core","2 MB I+D on chip per core","336 MB I+D on chip per chip",None,"1 TB (16 x 64 GB 2Rx4 PC5-6400B-R)",,"SUSE Linux Enterprise Server 15 SP6, 6.4.0-150600.21-default",xfs,"C/C++: Version 2026.0 of Intel oneAPI DPC++/C++, Compiler for Linux;, Fortran: Version 2026.0 of Intel Fortran, Compiler for Linux",Vendor,Feb-2025,Apr-2026,9050,"Quanta Computer Inc.","Quanta Computer Inc.",Aug-2026,Sep-2026,Sep-2026,"<A HREF=""/cpu2026/results/res2026q3/cpu2026-20260813-00459.html"">HTML</A> <A HREF=""/cpu2026/results/res2026q3/cpu2026-20260813-00459.csv"">CSV</A> <A HREF=""/cpu2026/results/res2026q3/cpu2026-20260813-00459.pdf"">PDF</A> <A HREF=""/cpu2026/results/res2026q3/cpu2026-20260813-00459.ps"">PS</A> <A HREF=""/cpu2026/results/res2026q3/cpu2026-20260813-00459.txt"">Text</A> <A HREF=""/cpu2026/results/res2026q3/cpu2026-20260813-00459.cfg"">Config</A>"
CINT2026rate,"Raspberry Pi","Raspberry Pi 5 Model B Rev 1.1 (16 GB)",4.89,4.8,0,0,4,1,1,"Broadcom BCM2712",2400,"1 board",64-bit,64-bit,"64 KB I + 64 KB D on chip per core","2 MB I+D on chip per core 512 KB","2 MB I+D on chip per chip",None,"16 GB",,"DietPi v9.19.2 (kernel 6.12.47+rpt-rpi-2712)",ext4,"C/C++/Fortran: Version 14.2.0 of GCC, the, GNU Compiler Collection (Debian 14.2.0-19)",Community,Jan-2025,Nov-2025,6412,"Ampere Computing, Inc.","Ampere Computing, Inc.",Feb-2026,May-2026,Aug-2026,"<A HREF=""/cpu2026/results/res2026q2/cpu2026-20260210-00016.html"">HTML</A> <A HREF=""/cpu2026/results/res2026q2/cpu2026-20260210-00016.csv"">CSV</A> <A HREF=""/cpu2026/results/res2026q2/cpu2026-20260210-00016.pdf"">PDF</A> <A HREF=""/cpu2026/results/res2026q2/cpu2026-20260210-00016.ps"">PS</A> <A HREF=""/cpu2026/results/res2026q2/cpu2026-20260210-00016.txt"">Text</A> <A HREF=""/cpu2026/results/res2026q2/cpu2026-20260210-00016.cfg"">Config</A>"
CINT2026rate,Supermicro,"Blade SBI-612BA-1NE34-LCC (B14SBE-CPU-AP , Intel Xeon 6970E+)",503,479,0,0,192,1,1,"Intel Xeon 6970E+",2300,"1 chip",64-bit,64-bit,"64 KB I + 32 KB D on chip per core","192 MB I+D on chip per chip, 4 MB shared / 4 cores","480 MB I+D on chip per chip",None,"1152 GB (12 x 96 GB 2Rx4 PC5-8000B-R)",,"Red Hat Enterprise Linux 9.7, Kernel 5.14.0-611.5.1.el9_7.x86_64",xfs,"C/C++: Version 2026.0 of Intel oneAPI DPC++/C++, Compiler for Linux;, Fortran: Version 2026.0 of Intel Fortran, Compiler for Linux",Vendor,Jun-2026,Apr-2026,1176,Supermicro,Supermicro,May-2026,Jun-2026,Aug-2026,"<A HREF=""/cpu2026/results/res2026q2/cpu2026-20260602-00289.html"">HTML</A> <A HREF=""/cpu2026/results/res2026q2/cpu2026-20260602-00289.csv"">CSV</A> <A HREF=""/cpu2026/results/res2026q2/cpu2026-20260602-00289.pdf"">PDF</A> <A HREF=""/cpu2026/results/res2026q2/cpu2026-20260602-00289.ps"">PS</A> <A HREF=""/cpu2026/results/res2026q2/cpu2026-20260602-00289.txt"">Text</A> <A HREF=""/cpu2026/results/res2026q2/cpu2026-20260602-00289.cfg"">Config</A>"
CINT2026rate,Supermicro,"Blade SBI-612BA-1NE34-LCC (B14SBE-CPU-AP , Intel Xeon 6980E+)",605,576,0,0,264,1,1,"Intel Xeon 6980E+",2100,"1 chip",64-bit,64-bit,"64 KB I + 32 KB D on chip per core","264 MB I+D on chip per chip, 4 MB shared / 4 cores","528 MB I+D on chip per chip",None,"1152 GB (12 x 96 GB 2Rx4 PC5-8000B-R)",,"Red Hat Enterprise Linux 9.7, Kernel 5.14.0-611.5.1.el9_7.x86_64",xfs,"C/C++: Version 2026.0 of Intel oneAPI DPC++/C++, Compiler for Linux;, Fortran: Version 2026.0 of Intel Fortran, Compiler for Linux",Vendor,Jun-2026,Apr-2026,1176,Supermicro,Supermicro,May-2026,Jun-2026,Aug-2026,"<A HREF=""/cpu2026/results/res2026q2/cpu2026-20260519-00257.html"">HTML</A> <A HREF=""/cpu2026/results/res2026q2/cpu2026-20260519-00257.csv"">CSV</A> <A HREF=""/cpu2026/results/res2026q2/cpu2026-20260519-00257.pdf"">PDF</A> <A HREF=""/cpu2026/results/res2026q2/cpu2026-20260519-00257.ps"">PS</A> <A HREF=""/cpu2026/results/res2026q2/cpu2026-20260519-00257.txt"">Text</A> <A HREF=""/cpu2026/results/res2026q2/cpu2026-20260519-00257.cfg"">Config</A>"
CINT2026rate,Supermicro,"Blade SBI-612BA-1NE34-LCC (B14SBE-CPU-AP , Intel Xeon 6990E+)",660,628,0,0,288,1,1,"Intel Xeon 6990E+",2200,"1 chip",64-bit,64-bit,"64 KB I + 32 KB D on chip per core","288 MB I+D on chip per chip, 4 MB shared / 4 cores","576 MB I+D on chip per chip",None,"1152 GB (12 x 96 GB 2Rx4 PC5-8000B-R)",,"Red Hat Enterprise Linux 9.7, Kernel 5.14.0-611.5.1.el9_7.x86_64",xfs,"C/C++: Version 2026.0 of Intel oneAPI DPC++/C++, Compiler for Linux;, Fortran: Version 2026.0 of Intel Fortran, Compiler for Linux",Vendor,Jun-2026,Apr-2026,1176,Supermicro,Supermicro,May-2026,Jun-2026,Aug-2026,"<A HREF=""/cpu2026/results/res2026q2/cpu2026-20260519-00265.html"">HTML</A> <A HREF=""/cpu2026/results/res2026q2/cpu2026-20260519-00265.csv"">CSV</A> <A HREF=""/cpu2026/results/res2026q2/cpu2026-20260519-00265.pdf"">PDF</A> <A HREF=""/cpu2026/results/res2026q2/cpu2026-20260519-00265.ps"">PS</A> <A HREF=""/cpu2026/results/res2026q2/cpu2026-20260519-00265.txt"">Text</A> <A HREF=""/cpu2026/results/res2026q2/cpu2026-20260519-00265.cfg"">Config</A>"
CINT2026rate,Supermicro,"CloudDC A+ Server AS -1116CS-TN (H14SHM , AMD EPYC 9375F)",200,200,0,0,32,1,2,"AMD EPYC 9375F",3800,"1 chip",64-bit,64-bit,"32 KB I + 48 KB D on chip per core","1 MB I+D on chip per core","256 MB I+D on chip per chip, 32 MB shared / 4 cores",None,"768 GB (12 x 64 GB 2Rx4 PC5-6400B-R)",,"Ubuntu 24.04.3 LTS, Kernel 6.8.0-90-generic",ext4,"C/C++/Fortran: Version 5.1.0 of AOCC",Vendor,Oct-2024,Jan-2026,6570,"Advanced Micro Devices (AMD)","Advanced Micro Devices (AMD)",Jan-2026,May-2026,Aug-2026,"<A HREF=""/cpu2026/results/res2026q2/cpu2026-20260210-00006.html"">HTML</A> <A HREF=""/cpu2026/results/res2026q2/cpu2026-20260210-00006.csv"">CSV</A> <A HREF=""/cpu2026/results/res2026q2/cpu2026-20260210-00006.pdf"">PDF</A> <A HREF=""/cpu2026/results/res2026q2/cpu2026-20260210-00006.ps"">PS</A> <A HREF=""/cpu2026/results/res2026q2/cpu2026-20260210-00006.txt"">Text</A> <A HREF=""/cpu2026/results/res2026q2/cpu2026-20260210-00006.cfg"">Config</A>"
CINT2026rate,Supermicro,"CloudDC A+ Server AS -1116CS-TN (H14SHM , AMD EPYC 9575F)",317,317,0,0,64,1,2,"AMD EPYC 9575F",3300,"1 chip",64-bit,64-bit,"32 KB I + 48 KB D on chip per core","1 MB I+D on chip per core","256 MB I+D on chip per chip, 32 MB shared / 8 cores",None,"768 GB (12 x 64 GB 2Rx4 PC5-6400B-R)",,"Ubuntu 24.04.3 LTS, 6.8.0-90-generic",ext4,"C/C++/Fortran: Version 5.1.0 of AOCC",Vendor,Oct-2024,Jan-2026,1176,Supermicro,Supermicro,Jan-2026,May-2026,Aug-2026,"<A HREF=""/cpu2026/results/res2026q2/cpu2026-20260210-00207.html"">HTML</A> <A HREF=""/cpu2026/results/res2026q2/cpu2026-20260210-00207.csv"">CSV</A> <A HREF=""/cpu2026/results/res2026q2/cpu2026-20260210-00207.pdf"">PDF</A> <A HREF=""/cpu2026/results/res2026q2/cpu2026-20260210-00207.ps"">PS</A> <A HREF=""/cpu2026/results/res2026q2/cpu2026-20260210-00207.txt"">Text</A> <A HREF=""/cpu2026/results/res2026q2/cpu2026-20260210-00207.cfg"">Config</A>"
CINT2026rate,Supermicro,"CloudDC A+ Server AS -1116CS-TN (H14SHM , AMD EPYC 9655)",390,390,0,0,96,1,2,"AMD EPYC 9655",2600,"1 chip",64-bit,64-bit,"32 KB I + 48 KB D on chip per core","1 MB I+D on chip per core","384 MB I+D on chip per chip, 32 MB shared / 8 cores",None,"768 GB (12 x 64 GB 2Rx4 PC5-6400B-R)",,"Ubuntu 24.04.3 LTS, 6.8.0-90-generic",ext4,"C/C++/Fortran: Version 5.1.0 of AOCC",Vendor,Oct-2024,Jan-2026,1176,Supermicro,Supermicro,Jan-2026,May-2026,Aug-2026,"<A HREF=""/cpu2026/results/res2026q2/cpu2026-20260210-00209.html"">HTML</A> <A HREF=""/cpu2026/results/res2026q2/cpu2026-20260210-00209.csv"">CSV</A> <A HREF=""/cpu2026/results/res2026q2/cpu2026-20260210-00209.pdf"">PDF</A> <A HREF=""/cpu2026/results/res2026q2/cpu2026-20260210-00209.ps"">PS</A> <A HREF=""/cpu2026/results/res2026q2/cpu2026-20260210-00209.txt"">Text</A> <A HREF=""/cpu2026/results/res2026q2/cpu2026-20260210-00209.cfg"">Config</A>"
CINT2026rate,Supermicro,"CloudDC A+ Server AS -1116CS-TN (H14SHM , AMD EPYC 9755)",497,497,0,0,128,1,2,"AMD EPYC 9755",2700,"1 chip",64-bit,64-bit,"32 KB I + 48 KB D on chip per core","1 MB I+D on chip per core","512 MB I+D on chip per chip, 32 MB shared / 8 cores",None,"768 GB (12 x 64 GB 2Rx4 PC5-6400B-R)",,"Ubuntu 24.04.3 LTS, 6.8.0-90-generic",ext4,"C/C++/Fortran: Version 5.1.0 of AOCC",Vendor,Oct-2024,Jan-2026,1176,Supermicro,Supermicro,Jan-2026,May-2026,Aug-2026,"<A HREF=""/cpu2026/results/res2026q2/cpu2026-20260210-00211.html"">HTML</A> <A HREF=""/cpu2026/results/res2026q2/cpu2026-20260210-00211.csv"">CSV</A> <A HREF=""/cpu2026/results/res2026q2/cpu2026-20260210-00211.pdf"">PDF</A> <A HREF=""/cpu2026/results/res2026q2/cpu2026-20260210-00211.ps"">PS</A> <A HREF=""/cpu2026/results/res2026q2/cpu2026-20260210-00211.txt"">Text</A> <A HREF=""/cpu2026/results/res2026q2/cpu2026-20260210-00211.cfg"">Config</A>"
CINT2026rate,Supermicro,"CloudDC A+ Server AS -1116CS-TN (H14SHM , AMD EPYC 9965)",603,603,0,0,192,1,2,"AMD EPYC 9965",2250,"1 chip",64-bit,64-bit,"32 KB I + 48 KB D on chip per core","1 MB I+D on chip per core","384 MB I+D on chip per chip, 32 MB shared / 16 cores",None,"768 GB (12 x 64 GB 2Rx4 PC5-6400B-R)",,"Ubuntu 24.04.3 LTS, 6.8.0-90-generic",ext4,"C/C++/Fortran: Version 5.1.0 of AOCC",Vendor,Oct-2024,Jan-2026,1176,Supermicro,Supermicro,Jan-2026,May-2026,Aug-2026,"<A HREF=""/cpu2026/results/res2026q2/cpu2026-20260210-00213.html"">HTML</A> <A HREF=""/cpu2026/results/res2026q2/cpu2026-20260210-00213.csv"">CSV</A> <A HREF=""/cpu2026/results/res2026q2/cpu2026-20260210-00213.pdf"">PDF</A> <A HREF=""/cpu2026/results/res2026q2/cpu2026-20260210-00213.ps"">PS</A> <A HREF=""/cpu2026/results/res2026q2/cpu2026-20260210-00213.txt"">Text</A> <A HREF=""/cpu2026/results/res2026q2/cpu2026-20260210-00213.cfg"">Config</A>"
CINT2026rate,Supermicro,"Hyper A+ Server AS -2126HS-TN (H14DSH , AMD EPYC 9575F)",616,616,0,0,128,2,2,"AMD EPYC 9575F",3300,"2 chips",64-bit,64-bit,"32 KB I + 48 KB D on chip per core","1 MB I+D on chip per core","256 MB I+D on chip per chip, 32 MB shared / 8 cores",None,"1536 GB (24 x 64 GB 2Rx4 PC5-6400B-R)",,"Ubuntu 24.04.3 LTS, 6.8.0-90-generic",ext4,"C/C++/Fortran: Version 5.1.0 of AOCC",Vendor,Oct-2024,Jan-2026,1176,Supermicro,Supermicro,Jan-2026,May-2026,Aug-2026,"<A HREF=""/cpu2026/results/res2026q2/cpu2026-20260210-00217.html"">HTML</A> <A HREF=""/cpu2026/results/res2026q2/cpu2026-20260210-00217.csv"">CSV</A> <A HREF=""/cpu2026/results/res2026q2/cpu2026-20260210-00217.pdf"">PDF</A> <A HREF=""/cpu2026/results/res2026q2/cpu2026-20260210-00217.ps"">PS</A> <A HREF=""/cpu2026/results/res2026q2/cpu2026-20260210-00217.txt"">Text</A> <A HREF=""/cpu2026/results/res2026q2/cpu2026-20260210-00217.cfg"">Config</A>"
CINT2026rate,Supermicro,"Hyper A+ Server AS -2126HS-TN (H14DSH , AMD EPYC 9655)",782,782,0,0,192,2,2,"AMD EPYC 9655",2600,"2 chips",64-bit,64-bit,"32 KB I + 48 KB D on chip per core","1 MB I+D on chip per core","384 MB I+D on chip per chip, 32 MB shared / 8 cores",None,"1536 GB (24 x 64 GB 2Rx4 PC5-6400B-R)",,"Ubuntu 24.04.3 LTS, 6.8.0-94-generic",ext4,"C/C++/Fortran: Version 5.1.0 of AOCC",Vendor,Oct-2024,Jan-2026,1176,Supermicro,Supermicro,Jan-2026,May-2026,Aug-2026,"<A HREF=""/cpu2026/results/res2026q2/cpu2026-20260210-00226.html"">HTML</A> <A HREF=""/cpu2026/results/res2026q2/cpu2026-20260210-00226.csv"">CSV</A> <A HREF=""/cpu2026/results/res2026q2/cpu2026-20260210-00226.pdf"">PDF</A> <A HREF=""/cpu2026/results/res2026q2/cpu2026-20260210-00226.ps"">PS</A> <A HREF=""/cpu2026/results/res2026q2/cpu2026-20260210-00226.txt"">Text</A> <A HREF=""/cpu2026/results/res2026q2/cpu2026-20260210-00226.cfg"">Config</A>"
CINT2026rate,Supermicro,"Hyper A+ Server AS -2126HS-TN (H14DSH , AMD EPYC 9755)",985,985,0,0,256,2,2,"AMD EPYC 9755",2700,"2 chips",64-bit,64-bit,"32 KB I + 48 KB D on chip per core","1 MB I+D on chip per core","512 MB I+D on chip per chip, 32 MB shared / 8 cores",None,"2304 GB (24 x 96 GB 2Rx4 PC5-6400B-R)",,"Ubuntu 24.04.3 LTS, 6.8.0-90-generic",ext4,"C/C++/Fortran: Version 5.1.0 of AOCC",Vendor,Oct-2024,Jan-2026,1176,Supermicro,Supermicro,Jan-2026,May-2026,Aug-2026,"<A HREF=""/cpu2026/results/res2026q2/cpu2026-20260210-00230.html"">HTML</A> <A HREF=""/cpu2026/results/res2026q2/cpu2026-20260210-00230.csv"">CSV</A> <A HREF=""/cpu2026/results/res2026q2/cpu2026-20260210-00230.pdf"">PDF</A> <A HREF=""/cpu2026/results/res2026q2/cpu2026-20260210-00230.ps"">PS</A> <A HREF=""/cpu2026/results/res2026q2/cpu2026-20260210-00230.txt"">Text</A> <A HREF=""/cpu2026/results/res2026q2/cpu2026-20260210-00230.cfg"">Config</A>"
CINT2026rate,Supermicro,"Hyper A+ Server AS -2126HS-TN (H14DSH , AMD EPYC 9965)",1210,1210,0,0,384,2,2,"AMD EPYC 9965",2250,"2 chips",64-bit,64-bit,"32 KB I + 48 KB D on chip per core","1 MB I+D on chip per core","384 MB I+D on chip per chip, 32 MB shared / 16 cores",None,"1536 GB (24 x 64 GB 2Rx4 PC5-6400B-R)",,"Ubuntu 24.04.3 LTS, 6.8.0-90-generic",ext4,"C/C++/Fortran: Version 5.1.0 of AOCC",Vendor,Oct-2024,Jan-2026,1176,Supermicro,Supermicro,Jan-2026,May-2026,Aug-2026,"<A HREF=""/cpu2026/results/res2026q2/cpu2026-20260210-00236.html"">HTML</A> <A HREF=""/cpu2026/results/res2026q2/cpu2026-20260210-00236.csv"">CSV</A> <A HREF=""/cpu2026/results/res2026q2/cpu2026-20260210-00236.pdf"">PDF</A> <A HREF=""/cpu2026/results/res2026q2/cpu2026-20260210-00236.ps"">PS</A> <A HREF=""/cpu2026/results/res2026q2/cpu2026-20260210-00236.txt"">Text</A> <A HREF=""/cpu2026/results/res2026q2/cpu2026-20260210-00236.cfg"">Config</A>"
CINT2026rate,Supermicro,"Hyper SuperServer SYS-221H-TNR",470,446,0,0,128,2,2,"Intel Xeon Platinum 8592+",1900,"1,2 chips",64-bit,64-bit,"32 KB I + 48 KB D on chip per core","2 MB I+D on chip per core","320 MB I+D on chip per chip",None,"1 TB (16 x 64 GB 2Rx4 PC5-6400B-R, running at 5600)",,"Ubuntu 24.04 LTS, 6.8.0-90-generic",ext4,"C/C++: Version 2025.3 of Intel oneAPI DPC++/C++, Compiler for Linux;, Fortran: Version 2025.3 of Intel Fortran, Compiler for Linux",Vendor,Mar-2023,Nov-2025,13,"Intel Corporation","Intel Corporation",Feb-2026,May-2026,Aug-2026,"<A HREF=""/cpu2026/results/res2026q2/cpu2026-20260210-00144.html"">HTML</A> <A HREF=""/cpu2026/results/res2026q2/cpu2026-20260210-00144.csv"">CSV</A> <A HREF=""/cpu2026/results/res2026q2/cpu2026-20260210-00144.pdf"">PDF</A> <A HREF=""/cpu2026/results/res2026q2/cpu2026-20260210-00144.ps"">PS</A> <A HREF=""/cpu2026/results/res2026q2/cpu2026-20260210-00144.txt"">Text</A> <A HREF=""/cpu2026/results/res2026q2/cpu2026-20260210-00144.cfg"">Config</A>"
CINT2026rate,Supermicro,"Hyper SuperServer SYS-222H-TN",577,534,0,0,288,2,1,"Intel Xeon 6780E",2200,"1,2 chips",64-bit,64-bit,"64 KB I + 32 KB D on chip per core","4 MB I+D on chip per core","108 MB I+D on chip per chip",None,"1 TB (16 x 64 GB 2Rx4 PC5-6400B-R)",,"Ubuntu 24.04 LTS, 6.8.0-90-generic",ext4,"C/C++: Version 2025.3 of Intel oneAPI DPC++/C++, Compiler for Linux;, Fortran: Version 2025.3 of Intel Fortran, Compiler for Linux",Vendor,Feb-2025,Nov-2025,13,"Intel Corporation","Intel Corporation",Feb-2026,May-2026,Aug-2026,"<A HREF=""/cpu2026/results/res2026q2/cpu2026-20260210-00146.html"">HTML</A> <A HREF=""/cpu2026/results/res2026q2/cpu2026-20260210-00146.csv"">CSV</A> <A HREF=""/cpu2026/results/res2026q2/cpu2026-20260210-00146.pdf"">PDF</A> <A HREF=""/cpu2026/results/res2026q2/cpu2026-20260210-00146.ps"">PS</A> <A HREF=""/cpu2026/results/res2026q2/cpu2026-20260210-00146.txt"">Text</A> <A HREF=""/cpu2026/results/res2026q2/cpu2026-20260210-00146.cfg"">Config</A>"
CINT2026rate,Supermicro,"Hyper SuperServer SYS-222HA-TN",984,926,0,0,256,2,2,"Intel Xeon 6980P",2000,"1,2 chips",64-bit,64-bit,"64 KB I + 48 KB D on chip per core","2 MB I+D on chip per core","504 MB I+D on chip per chip",None,"1536 GB (24 x 64 GB 2Rx4 PC5-88/56B-M)",,"Ubuntu 24.04.3 LTS, 6.8.0-90-generic",ext4,"C/C++: Version 2025.3 of Intel oneAPI DPC++/C++, Compiler for Linux;, Fortran: Version 2025.3 of Intel Fortran, Compiler for Linux",Vendor,Jun-2025,Nov-2025,13,"Intel Corporation","Intel Corporation",Feb-2026,May-2026,Aug-2026,"<A HREF=""/cpu2026/results/res2026q2/cpu2026-20260210-00148.html"">HTML</A> <A HREF=""/cpu2026/results/res2026q2/cpu2026-20260210-00148.csv"">CSV</A> <A HREF=""/cpu2026/results/res2026q2/cpu2026-20260210-00148.pdf"">PDF</A> <A HREF=""/cpu2026/results/res2026q2/cpu2026-20260210-00148.ps"">PS</A> <A HREF=""/cpu2026/results/res2026q2/cpu2026-20260210-00148.txt"">Text</A> <A HREF=""/cpu2026/results/res2026q2/cpu2026-20260210-00148.cfg"">Config</A>"
CINT2026rate,Supermicro,"SuperServer SYS-112HA-TN (X14SBH-AP , Intel Xeon 6970E+)",499,475,0,0,192,1,1,"Intel Xeon 6970E+",2300,"1 chip",64-bit,64-bit,"64 KB I + 32 KB D on chip per core","192 MB I+D on chip per chip, 4 MB shared / 4 cores","480 MB I+D on chip per chip",None,"1152 GB (12 x 96 GB 2Rx4 PC5-8000B-R)",,"Red Hat Enterprise Linux 9.7, Kernel 5.14.0-611.5.1.el9_7.x86_64",xfs,"C/C++: Version 2026.0 of Intel oneAPI DPC++/C++, Compiler for Linux;, Fortran: Version 2026.0 of Intel Fortran, Compiler for Linux",Vendor,Jun-2026,Apr-2026,1176,Supermicro,Supermicro,May-2026,Jun-2026,Aug-2026,"<A HREF=""/cpu2026/results/res2026q2/cpu2026-20260602-00291.html"">HTML</A> <A HREF=""/cpu2026/results/res2026q2/cpu2026-20260602-00291.csv"">CSV</A> <A HREF=""/cpu2026/results/res2026q2/cpu2026-20260602-00291.pdf"">PDF</A> <A HREF=""/cpu2026/results/res2026q2/cpu2026-20260602-00291.ps"">PS</A> <A HREF=""/cpu2026/results/res2026q2/cpu2026-20260602-00291.txt"">Text</A> <A HREF=""/cpu2026/results/res2026q2/cpu2026-20260602-00291.cfg"">Config</A>"
CINT2026rate,Supermicro,"SuperServer SYS-112HA-TN (X14SBH-AP , Intel Xeon 6980E+)",599,570,0,0,264,1,1,"Intel Xeon 6980E+",2100,"1 chip",64-bit,64-bit,"64 KB I + 32 KB D on chip per core","264 MB I+D on chip per chip, 4 MB shared / 4 cores","528 MB I+D on chip per chip",None,"1152 GB (12 x 96 GB 2Rx4 PC5-8000B-R)",,"Red Hat Enterprise Linux 9.7, Kernel 5.14.0-611.5.1.el9_7.x86_64",xfs,"C/C++: Version 2026.0 of Intel oneAPI DPC++/C++, Compiler for Linux;, Fortran: Version 2026.0 of Intel Fortran, Compiler for Linux",Vendor,Jun-2026,Apr-2026,1176,Supermicro,Supermicro,May-2026,Jun-2026,Aug-2026,"<A HREF=""/cpu2026/results/res2026q2/cpu2026-20260602-00298.html"">HTML</A> <A HREF=""/cpu2026/results/res2026q2/cpu2026-20260602-00298.csv"">CSV</A> <A HREF=""/cpu2026/results/res2026q2/cpu2026-20260602-00298.pdf"">PDF</A> <A HREF=""/cpu2026/results/res2026q2/cpu2026-20260602-00298.ps"">PS</A> <A HREF=""/cpu2026/results/res2026q2/cpu2026-20260602-00298.txt"">Text</A> <A HREF=""/cpu2026/results/res2026q2/cpu2026-20260602-00298.cfg"">Config</A>"
CINT2026rate,Supermicro,"SuperServer SYS-112HA-TN (X14SBH-AP , Intel Xeon 6990E+)",654,623,0,0,288,1,1,"Intel Xeon 6990E+",2200,"1 chip",64-bit,64-bit,"64 KB I + 32 KB D on chip per core","288 MB I+D on chip per chip, 4 MB shared / 4 cores","576 MB I+D on chip per chip",None,"1152 GB (12 x 96 GB 2Rx4 PC5-8000B-R)",,"Red Hat Enterprise Linux 9.7, Kernel 5.14.0-611.5.1.el9_7.x86_64",xfs,"C/C++: Version 2026.0 of Intel oneAPI DPC++/C++, Compiler for Linux;, Fortran: Version 2026.0 of Intel Fortran, Compiler for Linux",Vendor,Jun-2026,Apr-2026,1176,Supermicro,Supermicro,May-2026,Jun-2026,Aug-2026,"<A HREF=""/cpu2026/results/res2026q2/cpu2026-20260519-00261.html"">HTML</A> <A HREF=""/cpu2026/results/res2026q2/cpu2026-20260519-00261.csv"">CSV</A> <A HREF=""/cpu2026/results/res2026q2/cpu2026-20260519-00261.pdf"">PDF</A> <A HREF=""/cpu2026/results/res2026q2/cpu2026-20260519-00261.ps"">PS</A> <A HREF=""/cpu2026/results/res2026q2/cpu2026-20260519-00261.txt"">Text</A> <A HREF=""/cpu2026/results/res2026q2/cpu2026-20260519-00261.cfg"">Config</A>"
CINT2026rate,Supermicro,"SuperServer SYS-122HA-TN-LCC (X14DBM-APL , Intel Xeon 6990E+)",1450,1380,0,0,576,2,1,"Intel Xeon 6990E+",2200,"1, 2 chips",64-bit,64-bit,"64 KB I + 32 KB D on chip per core","4 MB I+D on chip per core","576 MB I+D on chip per chip",None,"1536 GB (24 x 64 GB 2Rx4 PC5-8000B-R)",,"SUSE Linux Enterprise Server 15 SP7, 6.4.0-150700.51-default",xfs,"C/C++: Version 2026.0 of Intel oneAPI DPC++/C++, Compiler for Linux;, Fortran: Version 2026.0 of Intel Fortran, Compiler for Linux",Vendor,Jun-2026,Apr-2026,1176,Supermicro,Supermicro,May-2026,Jun-2026,Aug-2026,"<A HREF=""/cpu2026/results/res2026q2/cpu2026-20260518-00252.html"">HTML</A> <A HREF=""/cpu2026/results/res2026q2/cpu2026-20260518-00252.csv"">CSV</A> <A HREF=""/cpu2026/results/res2026q2/cpu2026-20260518-00252.pdf"">PDF</A> <A HREF=""/cpu2026/results/res2026q2/cpu2026-20260518-00252.ps"">PS</A> <A HREF=""/cpu2026/results/res2026q2/cpu2026-20260518-00252.txt"">Text</A> <A HREF=""/cpu2026/results/res2026q2/cpu2026-20260518-00252.cfg"">Config</A>"
CINT2026rate,Supermicro,"SuperServer SYS-222H-TN",589,559,0,0,128,2,2,"Intel Xeon 6767P",2400,"1,2 chips",64-bit,64-bit,"64 KB I + 48 KB D on chip per core","2 MB I+D on chip per core","336 MB I+D on chip per chip",None,"1 TB (16 x 64 GB 2Rx4 PC5-88/56B-M, running at 8000)",,"Ubuntu 24.04.3 LTS, 6.8.0-90-generic",ext4,"C/C++: Version 2025.3 of Intel oneAPI DPC++/C++, Compiler for Linux;, Fortran: Version 2025.3 of Intel Fortran, Compiler for Linux",Vendor,Feb-2025,Nov-2025,13,"Intel Corporation","Intel Corporation",Feb-2026,May-2026,Aug-2026,"<A HREF=""/cpu2026/results/res2026q2/cpu2026-20260210-00150.html"">HTML</A> <A HREF=""/cpu2026/results/res2026q2/cpu2026-20260210-00150.csv"">CSV</A> <A HREF=""/cpu2026/results/res2026q2/cpu2026-20260210-00150.pdf"">PDF</A> <A HREF=""/cpu2026/results/res2026q2/cpu2026-20260210-00150.ps"">PS</A> <A HREF=""/cpu2026/results/res2026q2/cpu2026-20260210-00150.txt"">Text</A> <A HREF=""/cpu2026/results/res2026q2/cpu2026-20260210-00150.cfg"">Config</A>"
CINT2026rate,Supermicro,"SuperServer SYS-222H-TN",692,654,0,0,172,2,2,"Intel Xeon 6787P",2000,"1,2 chips",64-bit,64-bit,"64 KB I + 48 KB D on chip per core","2 MB I+D on chip per core","336 MB I+D on chip per chip",None,"1 TB (16 x 64 GB 2Rx4 PC5-88/56B-M, running at 8000)",,"Ubuntu 24.04.3 LTS, 6.8.0-90-generic",ext4,"C/C++: Version 2025.3 of Intel oneAPI DPC++/C++, Compiler for Linux;, Fortran: Version 2025.3 of Intel Fortran, Compiler for Linux",Vendor,Feb-2025,Nov-2025,13,"Intel Corporation","Intel Corporation",Feb-2026,May-2026,Aug-2026,"<A HREF=""/cpu2026/results/res2026q2/cpu2026-20260210-00152.html"">HTML</A> <A HREF=""/cpu2026/results/res2026q2/cpu2026-20260210-00152.csv"">CSV</A> <A HREF=""/cpu2026/results/res2026q2/cpu2026-20260210-00152.pdf"">PDF</A> <A HREF=""/cpu2026/results/res2026q2/cpu2026-20260210-00152.ps"">PS</A> <A HREF=""/cpu2026/results/res2026q2/cpu2026-20260210-00152.txt"">Text</A> <A HREF=""/cpu2026/results/res2026q2/cpu2026-20260210-00152.cfg"">Config</A>"
CINT2026rate,Supermicro,"WIO A+ Server AS -1015SV-WTNRT (H13SVW-NT , AMD EPYC 8534P)",199,199,0,0,64,1,2,"AMD EPYC 8534P",2300,"1 chip",64-bit,64-bit,"32 KB I + 32 KB D on chip per core","1 MB I+D on chip per core","128 MB I+D on chip per chip, 16 MB shared / 8 cores",None,"384 GB (6 x 64 GB 2Rx4 PC5-4800B-R)",,"Ubuntu 24.04 LTS, 6.8.0-90-generic",ext4,"C/C++/Fortran: Version 5.1.0 of AOCC",Vendor,Oct-2024,Jan-2026,1176,Supermicro,Supermicro,Feb-2026,May-2026,Aug-2026,"<A HREF=""/cpu2026/results/res2026q2/cpu2026-20260210-00238.html"">HTML</A> <A HREF=""/cpu2026/results/res2026q2/cpu2026-20260210-00238.csv"">CSV</A> <A HREF=""/cpu2026/results/res2026q2/cpu2026-20260210-00238.pdf"">PDF</A> <A HREF=""/cpu2026/results/res2026q2/cpu2026-20260210-00238.ps"">PS</A> <A HREF=""/cpu2026/results/res2026q2/cpu2026-20260210-00238.txt"">Text</A> <A HREF=""/cpu2026/results/res2026q2/cpu2026-20260210-00238.cfg"">Config</A>"
CINT2026rate,"ZTE Corporation","ZTE R5300G6 Server System (2.0 GHz, Intel Xeon 6787P)",779,747,0,0,172,2,2,"Intel Xeon 6787P",2000,"1,2 chips",64-bit,64-bit,"64 KB I + 48 KB D on chip per core","2 MB I+D on chip per core","336 MB I+D on chip per chip",None,"1 TB (16 x 64 GB 4Rx8 PC5-88/64B-M, running at 8000)",,"SUSE Linux Enterprise Server 15 SP6, 6.4.0-150600.21-default",ext4,"C/C++: Version 2026.0 of Intel oneAPI DPC++/C++, Compiler for Linux;, Fortran: Version 2026.0 of Intel Fortran, Compiler for Linux",Vendor,May-2025,May-2026,9061,"ZTE Corporation","ZTE Corporation",Jun-2026,Aug-2026,Aug-2026,"<A HREF=""/cpu2026/results/res2026q3/cpu2026-20260702-00350.html"">HTML</A> <A HREF=""/cpu2026/results/res2026q3/cpu2026-20260702-00350.csv"">CSV</A> <A HREF=""/cpu2026/results/res2026q3/cpu2026-20260702-00350.pdf"">PDF</A> <A HREF=""/cpu2026/results/res2026q3/cpu2026-20260702-00350.ps"">PS</A> <A HREF=""/cpu2026/results/res2026q3/cpu2026-20260702-00350.txt"">Text</A> <A HREF=""/cpu2026/results/res2026q3/cpu2026-20260702-00350.cfg"">Config</A>"
CINT2026rate,xFusion,"FusionServer 1288 V8 (Intel Xeon 6787P)",0,748,0,0,172,2,2,"Intel Xeon 6787P",2000,"1,2 chips",64-bit,"Not Applicable","64 KB I + 48 KB D on chip per core","2 MB I+D on chip per core","336 MB I+D on chip per chip",None,"1 TB (16 x 64 GB 2Rx4 PC5-88/64B-H, running at 8000)",,"Red Hat Enterprise Linux 9.4 (Plow), 5.14.0-427.13.1.el9_4.x86_64",xfs,"C/C++: Version 2026.0 of Intel oneAPI DPC++/C++, Compiler for Linux;, Fortran: Version 2026.0 of Intel Fortran, Compiler for Linux",Vendor,May-2025,Apr-2026,6488,xFusion,xFusion,Jul-2026,Aug-2026,Aug-2026,"<A HREF=""/cpu2026/results/res2026q3/cpu2026-20260726-00385.html"">HTML</A> <A HREF=""/cpu2026/results/res2026q3/cpu2026-20260726-00385.csv"">CSV</A> <A HREF=""/cpu2026/results/res2026q3/cpu2026-20260726-00385.pdf"">PDF</A> <A HREF=""/cpu2026/results/res2026q3/cpu2026-20260726-00385.ps"">PS</A> <A HREF=""/cpu2026/results/res2026q3/cpu2026-20260726-00385.txt"">Text</A> <A HREF=""/cpu2026/results/res2026q3/cpu2026-20260726-00385.cfg"">Config</A>"
CINT2026rate,xFusion,"FusionServer 2288 V8 (Intel Xeon 6787P)",0,748,0,0,172,2,2,"Intel Xeon 6787P",2000,"1,2 chips",64-bit,"Not Applicable","64 KB I + 48 KB D on chip per core","2 MB I+D on chip per core","336 MB I+D on chip per chip",None,"1 TB (16 x 64 GB 2Rx4 PC5-88/64B-H, running at 8000)",,"Red Hat Enterprise Linux 9.4 (Plow), 5.14.0-427.13.1.el9_4.x86_64",xfs,"C/C++: Version 2026.0 of Intel oneAPI DPC++/C++, Compiler for Linux;, Fortran: Version 2026.0 of Intel Fortran, Compiler for Linux",Vendor,May-2025,Apr-2026,6488,xFusion,xFusion,Jul-2026,Aug-2026,Aug-2026,"<A HREF=""/cpu2026/results/res2026q3/cpu2026-20260726-00389.html"">HTML</A> <A HREF=""/cpu2026/results/res2026q3/cpu2026-20260726-00389.csv"">CSV</A> <A HREF=""/cpu2026/results/res2026q3/cpu2026-20260726-00389.pdf"">PDF</A> <A HREF=""/cpu2026/results/res2026q3/cpu2026-20260726-00389.ps"">PS</A> <A HREF=""/cpu2026/results/res2026q3/cpu2026-20260726-00389.txt"">Text</A> <A HREF=""/cpu2026/results/res2026q3/cpu2026-20260726-00389.cfg"">Config</A>"
CINT2026rate,xFusion,"FusionServer 2288H V7 (Intel Xeon Platinum 8490H)",439,419,0,0,120,2,2,"Intel Xeon Platinum 8490H",1900,"1,2 chips",64-bit,64-bit,"32 KB I + 48 KB D on chip per core","2 MB I+D on chip per core","112.5 MB I+D on chip per chip",None,"512 GB (16 x 32 GB 2Rx8 PC5-4800B-R)",,"Red Hat Enterprise Linux release 9.2 (Plow), 5.14.0-284.11.1.el9_2.x86_64",xfs,"C/C++: Version 2026.0 of Intel oneAPI DPC++/C++, Compiler for Linux;, Fortran: Version 2026.0 of Intel Fortran, Compiler for Linux",Vendor,Jan-2023,Apr-2026,6488,xFusion,xFusion,Jun-2026,Jun-2026,Aug-2026,"<A HREF=""/cpu2026/results/res2026q2/cpu2026-20260616-00315.html"">HTML</A> <A HREF=""/cpu2026/results/res2026q2/cpu2026-20260616-00315.csv"">CSV</A> <A HREF=""/cpu2026/results/res2026q2/cpu2026-20260616-00315.pdf"">PDF</A> <A HREF=""/cpu2026/results/res2026q2/cpu2026-20260616-00315.ps"">PS</A> <A HREF=""/cpu2026/results/res2026q2/cpu2026-20260616-00315.txt"">Text</A> <A HREF=""/cpu2026/results/res2026q2/cpu2026-20260616-00315.cfg"">Config</A>"
CFP2026rate,"ASUSTeK Computer Inc.","ASUS RS520QA-E13-RS8U (2.25 GHz, AMD EPYC 9965)",596,561,0,0,192,1,2,"AMD EPYC 9965",2250,"1 chip",64-bit,64-bit,"32 KB I + 48 KB D on chip per core","1 MB I+D on chip per core","384 MB I+D on chip per chip, 32 MB shared / 16 cores",None,"384 GB (12 x 32 GB 2Rx4 PC5-6400B-R)",,"SUSE Linux Enterprise Server 15 SP6 (x86_64), Kernel 6.4.0-150600.21-default",xfs,"C/C++/Fortran: Version 5.2.0 of AOCC",Vendor,Jun-2025,May-2026,9016,"ASUSTeK Computer Inc.","ASUSTeK Computer Inc.",Jul-2026,Aug-2026,Aug-2026,"<A HREF=""/cpu2026/results/res2026q3/cpu2026-20260810-00421.html"">HTML</A> <A HREF=""/cpu2026/results/res2026q3/cpu2026-20260810-00421.csv"">CSV</A> <A HREF=""/cpu2026/results/res2026q3/cpu2026-20260810-00421.pdf"">PDF</A> <A HREF=""/cpu2026/results/res2026q3/cpu2026-20260810-00421.ps"">PS</A> <A HREF=""/cpu2026/results/res2026q3/cpu2026-20260810-00421.txt"">Text</A> <A HREF=""/cpu2026/results/res2026q3/cpu2026-20260810-00421.cfg"">Config</A>"
CFP2026rate,"ASUSTeK Computer Inc.","ASUS RS720-E12-RS8G (2.00 GHz, Intel Xeon 6787P)",789,771,0,0,172,2,2,"Intel Xeon 6787P",2000,"1, 2 chip(s)",64-bit,64-bit,"64 KB I + 48 KB D on chip per core","2 MB I+D on chip per core","336 MB I+D on chip per chip",None,"1 TB (16 x 64 GB 2Rx4 PC5-88/44B-M, running at 8000)",,"SUSE Linux Enterprise Server 15 SP6, Kernel 6.4.0-150600.21-default",xfs,"C/C++: Version 2026.0 of Intel oneAPI DPC++/C++, Compiler for Linux;, Fortran: Version 2026.0 of Intel Fortran, Compiler for Linux",Vendor,Jul-2025,Apr-2026,9016,"ASUSTeK Computer Inc.","ASUSTeK Computer Inc.",Aug-2026,Aug-2026,Aug-2026,"<A HREF=""/cpu2026/results/res2026q3/cpu2026-20260810-00433.html"">HTML</A> <A HREF=""/cpu2026/results/res2026q3/cpu2026-20260810-00433.csv"">CSV</A> <A HREF=""/cpu2026/results/res2026q3/cpu2026-20260810-00433.pdf"">PDF</A> <A HREF=""/cpu2026/results/res2026q3/cpu2026-20260810-00433.ps"">PS</A> <A HREF=""/cpu2026/results/res2026q3/cpu2026-20260810-00433.txt"">Text</A> <A HREF=""/cpu2026/results/res2026q3/cpu2026-20260810-00433.cfg"">Config</A>"
CFP2026rate,"ASUSTeK Computer Inc.","ASUS RS720A-E13-RS8U (2.25 GHz, AMD EPYC 9965)",1180,1110,0,0,384,2,2,"AMD EPYC 9965",2250,"1,2 chips",64-bit,64-bit,"32 KB I + 48 KB D on chip per core","1 MB I+D on chip per core","384 MB I+D on chip per chip, 32 MB shared / 16 cores",None,"768 GB (24 x 32 GB 2Rx4 PC5-6400B-R)",,"SUSE Linux Enterprise Server 15 SP6 (x86_64), Kernel 6.4.0-150600.21-default",xfs,"C/C++/Fortran: Version 5.2.0 of AOCC",Vendor,Mar-2025,May-2026,9016,"ASUSTeK Computer Inc.","ASUSTeK Computer Inc.",Jun-2026,Jun-2026,Aug-2026,"<A HREF=""/cpu2026/results/res2026q2/cpu2026-20260615-00314.html"">HTML</A> <A HREF=""/cpu2026/results/res2026q2/cpu2026-20260615-00314.csv"">CSV</A> <A HREF=""/cpu2026/results/res2026q2/cpu2026-20260615-00314.pdf"">PDF</A> <A HREF=""/cpu2026/results/res2026q2/cpu2026-20260615-00314.ps"">PS</A> <A HREF=""/cpu2026/results/res2026q2/cpu2026-20260615-00314.txt"">Text</A> <A HREF=""/cpu2026/results/res2026q2/cpu2026-20260615-00314.cfg"">Config</A>"
CFP2026rate,Apple,"MacBook Pro (16-inch, M5 Pro) 1-copy SPECrate",0,10.9,0,0,18,1,1,"Apple M5 Pro",4600,"1 chip",64-bit,"Not Applicable","192 KB I + 128 KB D on chip per core (Super); 128 KB I + 64 KB D on chip per core (Performance)","32 MB I+D on chip per chip, (16 MB per 6 Super cores, 8 MB per 6 Performance cores)","None disclosed","None disclosed","64.0 GB",,"macOS 26.4.1 (25E253)",apfs,"C/C++: Version 22.1.3 of LLVM;, Fortran: Version 22.1.3 of Homebrew flang",Community,Mar-2026,Apr-2026,7,"SPEC CPU Supporting Contributor jhenning","SPEC CPU Supporting Contributor jhenning",Apr-2026,May-2026,Aug-2026,"<A HREF=""/cpu2026/results/res2026q2/cpu2026-20260422-00245.html"">HTML</A> <A HREF=""/cpu2026/results/res2026q2/cpu2026-20260422-00245.csv"">CSV</A> <A HREF=""/cpu2026/results/res2026q2/cpu2026-20260422-00245.pdf"">PDF</A> <A HREF=""/cpu2026/results/res2026q2/cpu2026-20260422-00245.ps"">PS</A> <A HREF=""/cpu2026/results/res2026q2/cpu2026-20260422-00245.txt"">Text</A> <A HREF=""/cpu2026/results/res2026q2/cpu2026-20260422-00245.cfg"">Config</A>"
CFP2026rate,Apple,"MacBook Pro (16-inch, M5 Pro) 18-copy SPECrate",0,90.7,0,0,18,1,1,"Apple M5 Pro",4600,"1 chip",64-bit,"Not Applicable","192 KB I + 128 KB D on chip per core (Super); 128 KB I + 64 KB D on chip per core (Performance)","32 MB I+D on chip per chip, (16 MB per 6 Super cores, 8 MB per 6 Performance cores)","None disclosed","None disclosed","64.0 GB",,"macOS 26.4.1 (25E253)",apfs,"C/C++: Version 22.1.3 of LLVM;, Fortran: Version 22.1.3 of Homebrew flang",Community,Mar-2026,Apr-2026,7,"SPEC CPU Supporting Contributor jhenning","SPEC CPU Supporting Contributor jhenning",Apr-2026,May-2026,Aug-2026,"<A HREF=""/cpu2026/results/res2026q2/cpu2026-20260422-00244.html"">HTML</A> <A HREF=""/cpu2026/results/res2026q2/cpu2026-20260422-00244.csv"">CSV</A> <A HREF=""/cpu2026/results/res2026q2/cpu2026-20260422-00244.pdf"">PDF</A> <A HREF=""/cpu2026/results/res2026q2/cpu2026-20260422-00244.ps"">PS</A> <A HREF=""/cpu2026/results/res2026q2/cpu2026-20260422-00244.txt"">Text</A> <A HREF=""/cpu2026/results/res2026q2/cpu2026-20260422-00244.cfg"">Config</A>"
CFP2026rate,"Cisco Systems","Cisco UCS C240 M8 (Intel Xeon 6787P 2.0 GHz processor)",653,639,0,0,172,2,2,"Intel Xeon 6787P",2000,"1,2 Chips",64-bit,64-bit,"64 KB I + 48 KB D on chip per core","2 MB I+D on chip per core","336 MB I+D on chip per chip",None,"1 TB (16 x 64 GB 2Rx4 PC5-6400B-R)",,"SUSE Linux Enterprise Server 15 SP6, 6.4.0-150600.21-default",xfs,"C/C++: Version 2026.0 of Intel oneAPI DPC++/C++, Compiler for Linux;, Fortran: Version 2026.0 of Intel Fortran, Compiler for Linux",Vendor,May-2025,Apr-2026,9019,"Cisco Systems","Cisco Systems",Jun-2026,Jul-2026,Aug-2026,"<A HREF=""/cpu2026/results/res2026q3/cpu2026-20260615-00313.html"">HTML</A> <A HREF=""/cpu2026/results/res2026q3/cpu2026-20260615-00313.csv"">CSV</A> <A HREF=""/cpu2026/results/res2026q3/cpu2026-20260615-00313.pdf"">PDF</A> <A HREF=""/cpu2026/results/res2026q3/cpu2026-20260615-00313.ps"">PS</A> <A HREF=""/cpu2026/results/res2026q3/cpu2026-20260615-00313.txt"">Text</A> <A HREF=""/cpu2026/results/res2026q3/cpu2026-20260615-00313.cfg"">Config</A>"
CFP2026rate,"Cisco Systems","Cisco UCS C245 M8 (AMD EPYC 9845 2.10 GHz Processor)",788,788,0,0,320,2,2,"AMD EPYC 9845",2100,"1,2 chips",64-bit,64-bit,"32 KB I + 48 KB D on chip per core","1 MB I+D on chip per core","320 MB I+D on chip per chip, 32 MB shared / 16 cores",None,"3 TB (24 x 128 GB 2Rx4 PC5-6400B-R, running at 6000)",,"SUSE Linux Enterprise Server 15 SP6, kernel version, 6.4.0-150600.21-default",btrfs,"C/C++/Fortran: Version 5.1.0 of AOCC",Vendor,Feb-2025,Jan-2026,9019,"Cisco Systems","Cisco Systems",Feb-2026,May-2026,Aug-2026,"<A HREF=""/cpu2026/results/res2026q2/cpu2026-20260210-00024.html"">HTML</A> <A HREF=""/cpu2026/results/res2026q2/cpu2026-20260210-00024.csv"">CSV</A> <A HREF=""/cpu2026/results/res2026q2/cpu2026-20260210-00024.pdf"">PDF</A> <A HREF=""/cpu2026/results/res2026q2/cpu2026-20260210-00024.ps"">PS</A> <A HREF=""/cpu2026/results/res2026q2/cpu2026-20260210-00024.txt"">Text</A> <A HREF=""/cpu2026/results/res2026q2/cpu2026-20260210-00024.cfg"">Config</A>"
CFP2026rate,"Cisco Systems","Cisco UCS C245 M8 (AMD EPYC 9845, 2.10 GHz Processor)",871,871,0,0,320,2,2,"AMD EPYC 9845",2100,"1,2 chips",64-bit,64-bit,"32 KB I + 48 KB D on chip per core","1 MB I+D on chip per core","320 MB I+D on chip per chip, 32 MB shared / 16 cores",None,"3 TB (24 x 128 GB 2Rx4 PC5-6400B-R, running at 6000)",,"SUSE Linux Enterprise Server 15 SP6, kernel version",btrfs,"C/C++/Fortran: Version 5.1.0 of AOCC",Vendor,Feb-2025,Apr-2026,9999,"Cisco Systems","Cisco Systems",Jun-2026,Jul-2026,Aug-2026,"<A HREF=""/cpu2026/results/res2026q3/cpu2026-20260616-00317.html"">HTML</A> <A HREF=""/cpu2026/results/res2026q3/cpu2026-20260616-00317.csv"">CSV</A> <A HREF=""/cpu2026/results/res2026q3/cpu2026-20260616-00317.pdf"">PDF</A> <A HREF=""/cpu2026/results/res2026q3/cpu2026-20260616-00317.ps"">PS</A> <A HREF=""/cpu2026/results/res2026q3/cpu2026-20260616-00317.txt"">Text</A> <A HREF=""/cpu2026/results/res2026q3/cpu2026-20260616-00317.cfg"">Config</A>"
CFP2026rate,"Cisco Systems","Cisco UCS X210c M8 (Intel Xeon 6787P 2.0 GHz)",602,585,0,0,172,2,2,"Intel Xeon 6787P",2000,"1,2 chips",64-bit,64-bit,"64 KB I + 48 KB D on chip per core","2 MB I+D on chip per core","336 MB I+D on chip per chip",None,"1 TB (16 x 64 GB 2Rx4 PC5-6400B-R)",,"Ubuntu 22.04.5 LTS, 5.15.0-48-generic",xfs,"C/C++: Version 2025.3 of Intel oneAPI DPC++/C++, Compiler for Linux;, Fortran: Version 2025.3 of Intel Fortran, Compiler for Linux;",Vendor,Feb-2025,Jan-2026,9019,"Cisco Systems","Cisco Systems",Feb-2026,May-2026,Aug-2026,"<A HREF=""/cpu2026/results/res2026q2/cpu2026-20260210-00026.html"">HTML</A> <A HREF=""/cpu2026/results/res2026q2/cpu2026-20260210-00026.csv"">CSV</A> <A HREF=""/cpu2026/results/res2026q2/cpu2026-20260210-00026.pdf"">PDF</A> <A HREF=""/cpu2026/results/res2026q2/cpu2026-20260210-00026.ps"">PS</A> <A HREF=""/cpu2026/results/res2026q2/cpu2026-20260210-00026.txt"">Text</A> <A HREF=""/cpu2026/results/res2026q2/cpu2026-20260210-00026.cfg"">Config</A>"
CFP2026rate,"Cisco Systems","Cisco UCS X215c M8 (AMD EPYC 9575F 3.30 GHz Processor)",668,668,0,0,128,2,2,"AMD EPYC 9575F",3300,"1,2 chips",64-bit,64-bit,"32 KB I + 48 KB D on chip per core","1 MB I+D on chip per core","256 MB I+D on chip per chip, 32 MB shared / 8 cores",None,"1536 GB (24 x 64 GB 2Rx4 PC5-6400B-R, running at 5600)",,"SUSE Linux Enterprise Server 15 SP6, kernel version, 6.4.0-150600.21-default",xfs,"C/C++/Fortran: Version 5.1.0 of AOCC",Vendor,Feb-2025,Jan-2026,9019,"Cisco Systems","Cisco Systems",Feb-2026,May-2026,Aug-2026,"<A HREF=""/cpu2026/results/res2026q2/cpu2026-20260210-00029.html"">HTML</A> <A HREF=""/cpu2026/results/res2026q2/cpu2026-20260210-00029.csv"">CSV</A> <A HREF=""/cpu2026/results/res2026q2/cpu2026-20260210-00029.pdf"">PDF</A> <A HREF=""/cpu2026/results/res2026q2/cpu2026-20260210-00029.ps"">PS</A> <A HREF=""/cpu2026/results/res2026q2/cpu2026-20260210-00029.txt"">Text</A> <A HREF=""/cpu2026/results/res2026q2/cpu2026-20260210-00029.cfg"">Config</A>"
CFP2026rate,"Cisco Systems","Cisco UCS X410c M8 (Intel Xeon 6788P 2.0 GHz processor)",1210,1180,0,0,344,4,2,"Intel Xeon 6788P",2000,"2,4 Chips",64-bit,64-bit,"64 KB I + 48 KB D on chip per core","2 MB I+D on chip per core","336 MB I+D on chip per chip",None,"2 TB (32 x 64 GB 2Rx4 PC5-6400B-R)",,"SUSE Linux Enterprise Server 15 SP6, 6.4.0-150600.21-default",btrfs,"C/C++: Version 2026.0 of Intel oneAPI DPC++/C++, Compiler for Linux;, Fortran: Version 2026.0 of Intel Fortran, Compiler for Linux",Vendor,May-2025,Apr-2026,9019,"Cisco Systems","Cisco Systems",May-2026,Jun-2026,Aug-2026,"<A HREF=""/cpu2026/results/res2026q2/cpu2026-20260602-00287.html"">HTML</A> <A HREF=""/cpu2026/results/res2026q2/cpu2026-20260602-00287.csv"">CSV</A> <A HREF=""/cpu2026/results/res2026q2/cpu2026-20260602-00287.pdf"">PDF</A> <A HREF=""/cpu2026/results/res2026q2/cpu2026-20260602-00287.ps"">PS</A> <A HREF=""/cpu2026/results/res2026q2/cpu2026-20260602-00287.txt"">Text</A> <A HREF=""/cpu2026/results/res2026q2/cpu2026-20260602-00287.cfg"">Config</A>"
CFP2026rate,"Cisco Systems","Cisco UCS X410c M8 (Intel Xeon 6788P 2.0 GHz processor)",1130,1100,0,0,172,4,2,"Intel Xeon 6788P",2000,"1,2,3,4 chips",64-bit,64-bit,"64 KB I + 48 KB D on chip per core","2 MB I+D on chip per core","336 MB I+D on chip per chip",None,"2 TB (32 x 64 GB 2Rx4 PC5-6400B-R)",,"Red Hat Enterprise Linux 10.0 (Coughlan), 6.12.0-55.9.1.el10_0.x86_64",xfs,"C/C++: Version 2025.3 of Intel oneAPI DPC++/C++, Compiler for Linux;, Fortran: Version 2025.3 of Intel Fortran, Compiler for Linux;",Vendor,Feb-2026,Jan-2026,9019,"Cisco Systems","Cisco Systems",Feb-2026,May-2026,Aug-2026,"<A HREF=""/cpu2026/results/res2026q2/cpu2026-20260210-00027.html"">HTML</A> <A HREF=""/cpu2026/results/res2026q2/cpu2026-20260210-00027.csv"">CSV</A> <A HREF=""/cpu2026/results/res2026q2/cpu2026-20260210-00027.pdf"">PDF</A> <A HREF=""/cpu2026/results/res2026q2/cpu2026-20260210-00027.ps"">PS</A> <A HREF=""/cpu2026/results/res2026q2/cpu2026-20260210-00027.txt"">Text</A> <A HREF=""/cpu2026/results/res2026q2/cpu2026-20260210-00027.cfg"">Config</A>"
CFP2026rate,"Cisco Systems","Cisco UCS XE130c M8 (Intel Xeon 6503P-B processor)",64.7,63.1,0,0,12,1,2,"Intel Xeon 6503P-B",2000,"1 Chips",64-bit,64-bit,"64 KB I + 48 KB D on chip per core","2 MB I+D on chip per core","48 MB I+D on chip per chip",None,"512 GB (8 x 64 GB 2Rx4 PC5-6400B-R, running at 4800)",,"SUSE Linux Enterprise Server 15 SP7, 6.4.0-150700.51-default",xfs,"C/C++: Version 2026.0 of Intel oneAPI DPC++/C++, Compiler for Linux;, Fortran: Version 2026.0 of Intel Fortran, Compiler for Linux",Vendor,Feb-2025,Apr-2026,9019,"Cisco Systems","Cisco Systems",Aug-2026,Aug-2026,Aug-2026,"<A HREF=""/cpu2026/results/res2026q3/cpu2026-20260811-00457.html"">HTML</A> <A HREF=""/cpu2026/results/res2026q3/cpu2026-20260811-00457.csv"">CSV</A> <A HREF=""/cpu2026/results/res2026q3/cpu2026-20260811-00457.pdf"">PDF</A> <A HREF=""/cpu2026/results/res2026q3/cpu2026-20260811-00457.ps"">PS</A> <A HREF=""/cpu2026/results/res2026q3/cpu2026-20260811-00457.txt"">Text</A> <A HREF=""/cpu2026/results/res2026q3/cpu2026-20260811-00457.cfg"">Config</A>"
CFP2026rate,"Cisco Systems","Cisco UCS XE130c M8 (Intel Xeon 6513P-B processor)",93.4,91.2,0,0,20,1,2,"Intel Xeon 6513P-B",2000,"1 Chips",64-bit,64-bit,"64 KB I + 48 KB D on chip per core","2 MB I+D on chip per core","80 MB I+D on chip per chip",None,"512 GB (8 x 64 GB 2Rx4 PC5-6400B-R, running at 5200)",,"SUSE Linux Enterprise Server 15 SP7, 6.4.0-150700.51-default",xfs,"C/C++: Version 2026.0 of Intel oneAPI DPC++/C++, Compiler for Linux;, Fortran: Version 2026.0 of Intel Fortran, Compiler for Linux",Vendor,Feb-2025,Apr-2026,9019,"Cisco Systems","Cisco Systems",Aug-2026,Aug-2026,Aug-2026,"<A HREF=""/cpu2026/results/res2026q3/cpu2026-20260811-00456.html"">HTML</A> <A HREF=""/cpu2026/results/res2026q3/cpu2026-20260811-00456.csv"">CSV</A> <A HREF=""/cpu2026/results/res2026q3/cpu2026-20260811-00456.pdf"">PDF</A> <A HREF=""/cpu2026/results/res2026q3/cpu2026-20260811-00456.ps"">PS</A> <A HREF=""/cpu2026/results/res2026q3/cpu2026-20260811-00456.txt"">Text</A> <A HREF=""/cpu2026/results/res2026q3/cpu2026-20260811-00456.cfg"">Config</A>"
CFP2026rate,"Cisco Systems","Cisco UCS XE130c M8 (Intel Xeon 6543P-B processor)",120,117,0,0,32,1,2,"Intel Xeon 6543P-B",2000,"1 Chips",64-bit,64-bit,"64 KB I + 48 KB D on chip per core","2 MB I+D on chip per core","128 MB I+D on chip per chip",None,"512 GB (8 x 64 GB 2Rx4 PC5-6400B-R, running at 5200)",,"SUSE Linux Enterprise Server 15 SP7, 6.4.0-150700.51-default",xfs,"C/C++: Version 2026.0 of Intel oneAPI DPC++/C++, Compiler for Linux;, Fortran: Version 2026.0 of Intel Fortran, Compiler for Linux",Vendor,Feb-2025,Apr-2026,9019,"Cisco Systems","Cisco Systems",Aug-2026,Aug-2026,Aug-2026,"<A HREF=""/cpu2026/results/res2026q3/cpu2026-20260811-00455.html"">HTML</A> <A HREF=""/cpu2026/results/res2026q3/cpu2026-20260811-00455.csv"">CSV</A> <A HREF=""/cpu2026/results/res2026q3/cpu2026-20260811-00455.pdf"">PDF</A> <A HREF=""/cpu2026/results/res2026q3/cpu2026-20260811-00455.ps"">PS</A> <A HREF=""/cpu2026/results/res2026q3/cpu2026-20260811-00455.txt"">Text</A> <A HREF=""/cpu2026/results/res2026q3/cpu2026-20260811-00455.cfg"">Config</A>"
CFP2026rate,"Compal Electronics, Inc.","SR224-2A AMD EPYC 9755",1030,1000,0,0,256,2,1,"AMD EPYC 9755",2700,"1,2 chips",64-bit,64-bit,"32 KB I + 48 KB D on chip per core","1 MB I+D on chip per core","512 MB I+D on chip per chip, 32 MB shared / 8 cores",None,"768 GB (24 x 32 GB 2Rx8 PC5-6400B-R)  ",,"SUSE Linux Enterprise Server 15 SP7, kernel version, 6.4.0-150700.51-default",btrfs,"C/C++/Fortran: Version 5.2.0 of AOCC",Vendor,Jul-2025,May-2026,6857,"Compal Electronics, Inc.","Compal Electronics, Inc.",Aug-2026,Aug-2026,Aug-2026,"<A HREF=""/cpu2026/results/res2026q3/cpu2026-20260810-00420.html"">HTML</A> <A HREF=""/cpu2026/results/res2026q3/cpu2026-20260810-00420.csv"">CSV</A> <A HREF=""/cpu2026/results/res2026q3/cpu2026-20260810-00420.pdf"">PDF</A> <A HREF=""/cpu2026/results/res2026q3/cpu2026-20260810-00420.ps"">PS</A> <A HREF=""/cpu2026/results/res2026q3/cpu2026-20260810-00420.txt"">Text</A> <A HREF=""/cpu2026/results/res2026q3/cpu2026-20260810-00420.cfg"">Config</A>"
CFP2026rate,"Compal Electronics, Inc.","SR224-2A AMD EPYC 9845",939,914,0,0,320,2,1,"AMD EPYC 9845",2100,"1,2 chips",64-bit,64-bit,"32 KB I + 48 KB D on chip per core","1 MB I+D on chip per core","320 MB I+D on chip per chip, 32 MB shared / 16 cores",None,"3 TB (24 x 128 GB 2Rx4 PC5-6400B-R)  ",,"SUSE Linux Enterprise Server 15 SP6, kernel version, 6.4.0-150600.21-default",btrfs,"C/C++/Fortran: Version 5.2.0 of AOCC",Vendor,Jul-2025,May-2026,6857,"Compal Electronics, Inc.","Compal Electronics, Inc.",Jul-2026,Aug-2026,Aug-2026,"<A HREF=""/cpu2026/results/res2026q3/cpu2026-20260714-00381.html"">HTML</A> <A HREF=""/cpu2026/results/res2026q3/cpu2026-20260714-00381.csv"">CSV</A> <A HREF=""/cpu2026/results/res2026q3/cpu2026-20260714-00381.pdf"">PDF</A> <A HREF=""/cpu2026/results/res2026q3/cpu2026-20260714-00381.ps"">PS</A> <A HREF=""/cpu2026/results/res2026q3/cpu2026-20260714-00381.txt"">Text</A> <A HREF=""/cpu2026/results/res2026q3/cpu2026-20260714-00381.cfg"">Config</A>"
CFP2026rate,"Compal Electronics, Inc.","SR224-2A AMD EPYC 9965",1120,1050,0,0,384,2,2,"AMD EPYC 9965",2250,"1,2 chips",64-bit,64-bit,"32 KB I + 48 KB D on chip per core","1 MB I+D on chip per core","384 MB I+D on chip per chip, 32 MB shared / 16 cores",None,"768 GB (24 x 32 GB 2Rx8 PC5-6400B-R)  ",,"SUSE Linux Enterprise Server 15 SP7, kernel version, 6.4.0-150700.51-default",btrfs,"C/C++/Fortran: Version 5.2.0 of AOCC",Vendor,Jul-2025,May-2026,6857,"Compal Electronics, Inc.","Compal Electronics, Inc.",Jul-2026,Aug-2026,Aug-2026,"<A HREF=""/cpu2026/results/res2026q3/cpu2026-20260803-00415.html"">HTML</A> <A HREF=""/cpu2026/results/res2026q3/cpu2026-20260803-00415.csv"">CSV</A> <A HREF=""/cpu2026/results/res2026q3/cpu2026-20260803-00415.pdf"">PDF</A> <A HREF=""/cpu2026/results/res2026q3/cpu2026-20260803-00415.ps"">PS</A> <A HREF=""/cpu2026/results/res2026q3/cpu2026-20260803-00415.txt"">Text</A> <A HREF=""/cpu2026/results/res2026q3/cpu2026-20260803-00415.cfg"">Config</A>"
CFP2026rate,"Dell Inc.","PowerEdge M7725 (AMD EPYC 9755 128-Core Processor)",991,991,0,0,256,2,1,"AMD EPYC 9755",2700,"1,2 chips",64-bit,64-bit,"32 KB I + 48 KB D on chip per core","1 MB I+D on chip per core","512 MB I+D on chip per chip, 32 MB shared / 8 cores",None,"1536 GB (24 x 64 GB 2Rx4 PC5-6400B-R)",,"Ubuntu 24.04.1 LTS, 6.8.0-57-generic",tmpfs,"C/C++/Fortran: Version 5.1.0 of AOCC",Vendor,Jan-2025,Jan-2026,6573,"Dell Inc.","Dell Inc.",Feb-2026,May-2026,Aug-2026,"<A HREF=""/cpu2026/results/res2026q2/cpu2026-20260210-00031.html"">HTML</A> <A HREF=""/cpu2026/results/res2026q2/cpu2026-20260210-00031.csv"">CSV</A> <A HREF=""/cpu2026/results/res2026q2/cpu2026-20260210-00031.pdf"">PDF</A> <A HREF=""/cpu2026/results/res2026q2/cpu2026-20260210-00031.ps"">PS</A> <A HREF=""/cpu2026/results/res2026q2/cpu2026-20260210-00031.txt"">Text</A> <A HREF=""/cpu2026/results/res2026q2/cpu2026-20260210-00031.cfg"">Config</A>"
CFP2026rate,"Dell Inc.","PowerEdge M7725 (AMD EPYC 9965 192-Core Processor)",1010,1010,0,0,384,2,1,"AMD EPYC 9965",2250,"1,2 chips",64-bit,64-bit,"32 KB I + 48 KB D on chip per core","1 MB I+D on chip per core","384 MB I+D on chip per chip, 32 MB shared / 16 cores",None,"1536 GB (24 x 64 GB 2Rx4 PC5-6400B-R)",,"Ubuntu 24.04.1 LTS, 6.8.0-57-generic",tmpfs,"C/C++/Fortran: Version 5.1.0 of AOCC",Vendor,Jan-2025,Jan-2026,6573,"Dell Inc.","Dell Inc.",Feb-2026,May-2026,Aug-2026,"<A HREF=""/cpu2026/results/res2026q2/cpu2026-20260210-00035.html"">HTML</A> <A HREF=""/cpu2026/results/res2026q2/cpu2026-20260210-00035.csv"">CSV</A> <A HREF=""/cpu2026/results/res2026q2/cpu2026-20260210-00035.pdf"">PDF</A> <A HREF=""/cpu2026/results/res2026q2/cpu2026-20260210-00035.ps"">PS</A> <A HREF=""/cpu2026/results/res2026q2/cpu2026-20260210-00035.txt"">Text</A> <A HREF=""/cpu2026/results/res2026q2/cpu2026-20260210-00035.cfg"">Config</A>"
CFP2026rate,"Dell Inc.","PowerEdge R570 (Intel Xeon 6787P)",323,314,0,0,86,1,2,"Intel Xeon 6787P",2000,"1 chip",64-bit,64-bit,"64 KB I + 48 KB D on chip per core","2 MB I+D on chip per core","336 MB I+D on chip per chip",None,"512 GB (8 x 64 GB 2Rx4 PC5-6400B-R)",,"SUSE Linux Enterprise Server 15 SP6, 6.4.0-150600.21-default",tmpfs,"C/C++: Version 2025.3 of Intel oneAPI DPC++/C++, Compiler for Linux;, Fortran: Version 2025.3 of Intel Fortran, Compiler for Linux",Vendor,Mar-2025,Nov-2025,6573,"Dell Inc.","Dell Inc.",Feb-2026,May-2026,Aug-2026,"<A HREF=""/cpu2026/results/res2026q2/cpu2026-20260210-00039.html"">HTML</A> <A HREF=""/cpu2026/results/res2026q2/cpu2026-20260210-00039.csv"">CSV</A> <A HREF=""/cpu2026/results/res2026q2/cpu2026-20260210-00039.pdf"">PDF</A> <A HREF=""/cpu2026/results/res2026q2/cpu2026-20260210-00039.ps"">PS</A> <A HREF=""/cpu2026/results/res2026q2/cpu2026-20260210-00039.txt"">Text</A> <A HREF=""/cpu2026/results/res2026q2/cpu2026-20260210-00039.cfg"">Config</A>"
CFP2026rate,"Dell Inc.","PowerEdge R7625 (AMD EPYC 9654 96-Core Processor)",627,627,0,0,192,2,1,"AMD EPYC 9654",2400,"1,2 chips",64-bit,64-bit,"32 KB I + 32 KB D on chip per core","1 MB I+D on chip per core","384 MB I+D on chip per chip, 32 MB shared / 8 cores",None,"2304 GB (24 x 96 GB 2Rx4 PC5-5600B-R, running at 4800)",,"Ubuntu 24.04 LTS, 6.8.0-44-generic",tmpfs,"C/C++/Fortran: Version 5.1.0 of AOCC",Vendor,Nov-2022,Jan-2026,6573,"Dell Inc.","Dell Inc.",Feb-2026,May-2026,Aug-2026,"<A HREF=""/cpu2026/results/res2026q2/cpu2026-20260210-00043.html"">HTML</A> <A HREF=""/cpu2026/results/res2026q2/cpu2026-20260210-00043.csv"">CSV</A> <A HREF=""/cpu2026/results/res2026q2/cpu2026-20260210-00043.pdf"">PDF</A> <A HREF=""/cpu2026/results/res2026q2/cpu2026-20260210-00043.ps"">PS</A> <A HREF=""/cpu2026/results/res2026q2/cpu2026-20260210-00043.txt"">Text</A> <A HREF=""/cpu2026/results/res2026q2/cpu2026-20260210-00043.cfg"">Config</A>"
CFP2026rate,"Dell Inc.","PowerEdge R7625 (AMD EPYC 9754 128-Core Processor)",662,662,0,0,256,2,2,"AMD EPYC 9754",2250,"1,2 chips",64-bit,64-bit,"32 KB I + 32 KB D on chip per core","1 MB I+D on chip per core","256 MB I+D on chip per chip, 16 MB shared / 8 cores",None,"1536 GB (24 x 64 GB 2Rx4 PC5-4800B-R)",,"Ubuntu 24.04 LTS, 6.8.0-44-generic",tmpfs,"C/C++/Fortran: Version 5.1.0 of AOCC",Vendor,Nov-2024,Jan-2026,6573,"Dell Inc.","Dell Inc.",Feb-2026,May-2026,Aug-2026,"<A HREF=""/cpu2026/results/res2026q2/cpu2026-20260210-00047.html"">HTML</A> <A HREF=""/cpu2026/results/res2026q2/cpu2026-20260210-00047.csv"">CSV</A> <A HREF=""/cpu2026/results/res2026q2/cpu2026-20260210-00047.pdf"">PDF</A> <A HREF=""/cpu2026/results/res2026q2/cpu2026-20260210-00047.ps"">PS</A> <A HREF=""/cpu2026/results/res2026q2/cpu2026-20260210-00047.txt"">Text</A> <A HREF=""/cpu2026/results/res2026q2/cpu2026-20260210-00047.cfg"">Config</A>"
CFP2026rate,"Dell Inc.","PowerEdge R770 (Intel Xeon 6732P)",404,392,0,0,64,2,2,"Intel Xeon 6732P",3800,"1,2 chips",64-bit,64-bit,"64 KB I + 48 KB D on chip per core","2 MB I+D on chip per core","144 MB I+D on chip per chip",None,"1 TB (16 x 64 GB 2Rx4 PC5-6400B-R)",,"SUSE Linux Enterprise Server 15 SP6, 6.4.0-150600.21-default",tmpfs,"C/C++: Version 2025.3 of Intel oneAPI DPC++/C++, Compiler for Linux;, Fortran: Version 2025.3 of Intel Fortran, Compiler for Linux",Vendor,Mar-2025,Nov-2025,6573,"Dell Inc.","Dell Inc.",Feb-2026,May-2026,Aug-2026,"<A HREF=""/cpu2026/results/res2026q2/cpu2026-20260210-00051.html"">HTML</A> <A HREF=""/cpu2026/results/res2026q2/cpu2026-20260210-00051.csv"">CSV</A> <A HREF=""/cpu2026/results/res2026q2/cpu2026-20260210-00051.pdf"">PDF</A> <A HREF=""/cpu2026/results/res2026q2/cpu2026-20260210-00051.ps"">PS</A> <A HREF=""/cpu2026/results/res2026q2/cpu2026-20260210-00051.txt"">Text</A> <A HREF=""/cpu2026/results/res2026q2/cpu2026-20260210-00051.cfg"">Config</A>"
CFP2026rate,"Dell Inc.","PowerEdge R770 (Intel Xeon 6780E)",502,489,0,0,288,2,1,"Intel Xeon 6780E",2200,"1,2 chips",64-bit,64-bit,"64 KB I + 32 KB D on chip per core","4 MB I+D on chip per core","108 MB I+D on chip per chip",None,"1 TB (16 x 64 GB 2Rx4 PC5-6400B-R)",,"SUSE Linux Enterprise Server 15 SP6, 6.4.0-150600.21-default",tmpfs,"C/C++: Version 2025.3 of Intel oneAPI DPC++/C++, Compiler for Linux;, Fortran: Version 2025.3 of Intel Fortran, Compiler for Linux",Vendor,Mar-2025,Nov-2025,6573,"Dell Inc.","Dell Inc.",Feb-2026,May-2026,Aug-2026,"<A HREF=""/cpu2026/results/res2026q2/cpu2026-20260210-00055.html"">HTML</A> <A HREF=""/cpu2026/results/res2026q2/cpu2026-20260210-00055.csv"">CSV</A> <A HREF=""/cpu2026/results/res2026q2/cpu2026-20260210-00055.pdf"">PDF</A> <A HREF=""/cpu2026/results/res2026q2/cpu2026-20260210-00055.ps"">PS</A> <A HREF=""/cpu2026/results/res2026q2/cpu2026-20260210-00055.txt"">Text</A> <A HREF=""/cpu2026/results/res2026q2/cpu2026-20260210-00055.cfg"">Config</A>"
CFP2026rate,"Dell Inc.","PowerEdge R770 (Intel Xeon 6787P)",488,474,49,47.6,172,2,2,"Intel Xeon 6787P",2000,"1,2 chips",64-bit,64-bit,"64 KB I + 48 KB D on chip per core","2 MB I+D on chip per core","336 MB I+D on chip per chip",None,"1 TB (16 x 64 GB 2Rx4 PC5-6400B-R, running at 5200)",,"SUSE Linux Enterprise Server 15 SP6, 6.4.0-150600.21-default",tmpfs,"C/C++: Version 2025.3 of Intel oneAPI DPC++/C++, Compiler for Linux;, Fortran: Version 2025.3 of Intel Fortran, Compiler for Linux",Vendor,Mar-2025,Nov-2025,6573,"Dell Inc.","Dell Inc.",Feb-2026,May-2026,Aug-2026,"<A HREF=""/cpu2026/results/res2026q2/cpu2026-20260210-00059.html"">HTML</A> <A HREF=""/cpu2026/results/res2026q2/cpu2026-20260210-00059.csv"">CSV</A> <A HREF=""/cpu2026/results/res2026q2/cpu2026-20260210-00059.pdf"">PDF</A> <A HREF=""/cpu2026/results/res2026q2/cpu2026-20260210-00059.ps"">PS</A> <A HREF=""/cpu2026/results/res2026q2/cpu2026-20260210-00059.txt"">Text</A> <A HREF=""/cpu2026/results/res2026q2/cpu2026-20260210-00059.cfg"">Config</A>"
CFP2026rate,"Dell Inc.","PowerEdge R770 (Intel Xeon 6787P)",637,619,0,0,172,2,2,"Intel Xeon 6787P",2000,"1,2 chips",64-bit,64-bit,"64 KB I + 48 KB D on chip per core","2 MB I+D on chip per core","336 MB I+D on chip per chip",None,"1 TB (16 x 64 GB 2Rx4 PC5-6400B-R)",,"SUSE Linux Enterprise Server 15 SP6, 6.4.0-150600.21-default",tmpfs,"C/C++: Version 2025.3 of Intel oneAPI DPC++/C++, Compiler for Linux;, Fortran: Version 2025.3 of Intel Fortran, Compiler for Linux",Vendor,Mar-2025,Nov-2025,6573,"Dell Inc.","Dell Inc.",Feb-2026,May-2026,Aug-2026,"<A HREF=""/cpu2026/results/res2026q2/cpu2026-20260210-00060.html"">HTML</A> <A HREF=""/cpu2026/results/res2026q2/cpu2026-20260210-00060.csv"">CSV</A> <A HREF=""/cpu2026/results/res2026q2/cpu2026-20260210-00060.pdf"">PDF</A> <A HREF=""/cpu2026/results/res2026q2/cpu2026-20260210-00060.ps"">PS</A> <A HREF=""/cpu2026/results/res2026q2/cpu2026-20260210-00060.txt"">Text</A> <A HREF=""/cpu2026/results/res2026q2/cpu2026-20260210-00060.cfg"">Config</A>"
CFP2026rate,"Dell Inc.","PowerEdge R770AP (Intel Xeon 6952P)",834,811,0,0,192,2,2,"Intel Xeon 6952P",2100,"1,2 chips",64-bit,64-bit,"64 KB I + 48 KB D on chip per core","2 MB I+D on chip per core","480 MB I+D on chip per chip",None,"768 GB (24 x 32 GB 2Rx8 PC5-6400B-R)",,"SUSE Linux Enterprise Server 16.0, 6.12.0-160000.5-default",tmpfs,"C/C++: Version 2025.3 of Intel oneAPI DPC++/C++, Compiler for Linux;, Fortran: Version 2025.3 of Intel Fortran, Compiler for Linux",Vendor,Dec-2025,Nov-2025,6573,"Dell Inc.","Dell Inc.",Feb-2026,May-2026,Aug-2026,"<A HREF=""/cpu2026/results/res2026q2/cpu2026-20260210-00067.html"">HTML</A> <A HREF=""/cpu2026/results/res2026q2/cpu2026-20260210-00067.csv"">CSV</A> <A HREF=""/cpu2026/results/res2026q2/cpu2026-20260210-00067.pdf"">PDF</A> <A HREF=""/cpu2026/results/res2026q2/cpu2026-20260210-00067.ps"">PS</A> <A HREF=""/cpu2026/results/res2026q2/cpu2026-20260210-00067.txt"">Text</A> <A HREF=""/cpu2026/results/res2026q2/cpu2026-20260210-00067.cfg"">Config</A>"
CFP2026rate,"Dell Inc.","PowerEdge R770AP (Intel Xeon 6978P)",925,900,0,0,240,2,2,"Intel Xeon 6978P",2100,"1,2 chips",64-bit,64-bit,"64 KB I + 48 KB D on chip per core","2 MB I+D on chip per core","504 MB I+D on chip per chip",None,"1536 GB (24 x 64 GB 2Rx4 PC5-6400B-R)",,"SUSE Linux Enterprise Server 16.0, 6.12.0-160000.5-default",tmpfs,"C/C++: Version 2025.3 of Intel oneAPI DPC++/C++, Compiler for Linux;, Fortran: Version 2025.3 of Intel Fortran, Compiler for Linux",Vendor,Dec-2025,Nov-2025,6573,"Dell Inc.","Dell Inc.",Feb-2026,May-2026,Aug-2026,"<A HREF=""/cpu2026/results/res2026q2/cpu2026-20260210-00071.html"">HTML</A> <A HREF=""/cpu2026/results/res2026q2/cpu2026-20260210-00071.csv"">CSV</A> <A HREF=""/cpu2026/results/res2026q2/cpu2026-20260210-00071.pdf"">PDF</A> <A HREF=""/cpu2026/results/res2026q2/cpu2026-20260210-00071.ps"">PS</A> <A HREF=""/cpu2026/results/res2026q2/cpu2026-20260210-00071.txt"">Text</A> <A HREF=""/cpu2026/results/res2026q2/cpu2026-20260210-00071.cfg"">Config</A>"
CFP2026rate,"Dell Inc.","PowerEdge R770AP (Intel Xeon 6980P)",933,910,0,0,256,2,2,"Intel Xeon 6980P",2000,"1,2 chips",64-bit,64-bit,"64 KB I + 48 KB D on chip per core","2 MB I+D on chip per core","504 MB I+D on chip per chip",None,"1536 GB (24 x 64 GB 2Rx4 PC5-6400B-R)",,"SUSE Linux Enterprise Server 16.0, 6.12.0-160000.5-default",tmpfs,"C/C++: Version 2025.3 of Intel oneAPI DPC++/C++, Compiler for Linux;, Fortran: Version 2025.3 of Intel Fortran, Compiler for Linux",Vendor,Dec-2025,Nov-2025,6573,"Dell Inc.","Dell Inc.",Feb-2026,May-2026,Aug-2026,"<A HREF=""/cpu2026/results/res2026q2/cpu2026-20260210-00075.html"">HTML</A> <A HREF=""/cpu2026/results/res2026q2/cpu2026-20260210-00075.csv"">CSV</A> <A HREF=""/cpu2026/results/res2026q2/cpu2026-20260210-00075.pdf"">PDF</A> <A HREF=""/cpu2026/results/res2026q2/cpu2026-20260210-00075.ps"">PS</A> <A HREF=""/cpu2026/results/res2026q2/cpu2026-20260210-00075.txt"">Text</A> <A HREF=""/cpu2026/results/res2026q2/cpu2026-20260210-00075.cfg"">Config</A>"
CFP2026rate,"Dell Inc.","PowerEdge R7715 (AMD EPYC 9845 160-Core Processor)",414,414,0,0,160,1,1,"AMD EPYC 9845",2100,"1 chip",64-bit,64-bit,"32 KB I + 48 KB D on chip per core","1 MB I+D on chip per core","320 MB I+D on chip per chip, 32 MB shared / 16 cores",None,"768 GB (12 x 64 GB 2Rx4 PC5-6400B-R, running at 5200)",,"Ubuntu 24.04.2 LTS, 6.8.0-85-generic",tmpfs,"C/C++/Fortran: Version 5.1.0 of AOCC",Vendor,Mar-2025,Jan-2026,6573,"Dell Inc.","Dell Inc.",Feb-2026,May-2026,Aug-2026,"<A HREF=""/cpu2026/results/res2026q2/cpu2026-20260210-00079.html"">HTML</A> <A HREF=""/cpu2026/results/res2026q2/cpu2026-20260210-00079.csv"">CSV</A> <A HREF=""/cpu2026/results/res2026q2/cpu2026-20260210-00079.pdf"">PDF</A> <A HREF=""/cpu2026/results/res2026q2/cpu2026-20260210-00079.ps"">PS</A> <A HREF=""/cpu2026/results/res2026q2/cpu2026-20260210-00079.txt"">Text</A> <A HREF=""/cpu2026/results/res2026q2/cpu2026-20260210-00079.cfg"">Config</A>"
CFP2026rate,"Dell Inc.","PowerEdge R7725 (AMD EPYC 9755 128-Core Processor)",860,860,61.6,61.6,256,2,2,"AMD EPYC 9755",2700,"1,2 chips",64-bit,64-bit,"32 KB I + 48 KB D on chip per core","1 MB I+D on chip per core","512 MB I+D on chip per chip, 32 MB shared / 8 cores",None,"1536 GB (24 x 64 GB 2Rx4 PC5-6400B-R)",,"Ubuntu 24.04 LTS, 6.8.0-87-generic",tmpfs,"C/C++/Fortran: Version 5.1.0 of AOCC",Vendor,Nov-2024,Jan-2026,6573,"Dell Inc.","Dell Inc.",Feb-2026,May-2026,Aug-2026,"<A HREF=""/cpu2026/results/res2026q2/cpu2026-20260210-00083.html"">HTML</A> <A HREF=""/cpu2026/results/res2026q2/cpu2026-20260210-00083.csv"">CSV</A> <A HREF=""/cpu2026/results/res2026q2/cpu2026-20260210-00083.pdf"">PDF</A> <A HREF=""/cpu2026/results/res2026q2/cpu2026-20260210-00083.ps"">PS</A> <A HREF=""/cpu2026/results/res2026q2/cpu2026-20260210-00083.txt"">Text</A> <A HREF=""/cpu2026/results/res2026q2/cpu2026-20260210-00083.cfg"">Config</A>"
CFP2026rate,"Dell Inc.","PowerEdge R7725 (AMD EPYC 9755 128-Core Processor)",988,988,0,0,256,2,2,"AMD EPYC 9755",2700,"1,2 chips",64-bit,64-bit,"32 KB I + 48 KB D on chip per core","1 MB I+D on chip per core","512 MB I+D on chip per chip, 32 MB shared / 8 cores",None,"1536 GB (24 x 64 GB 2Rx4 PC5-6400B-R)",,"Ubuntu 24.04.2 LTS, 6.8.0-55-generic",tmpfs,"C/C++/Fortran: Version 5.1.0 of AOCC",Vendor,Mar-2025,Jan-2026,6573,"Dell Inc.","Dell Inc.",Feb-2026,May-2026,Aug-2026,"<A HREF=""/cpu2026/results/res2026q2/cpu2026-20260210-00084.html"">HTML</A> <A HREF=""/cpu2026/results/res2026q2/cpu2026-20260210-00084.csv"">CSV</A> <A HREF=""/cpu2026/results/res2026q2/cpu2026-20260210-00084.pdf"">PDF</A> <A HREF=""/cpu2026/results/res2026q2/cpu2026-20260210-00084.ps"">PS</A> <A HREF=""/cpu2026/results/res2026q2/cpu2026-20260210-00084.txt"">Text</A> <A HREF=""/cpu2026/results/res2026q2/cpu2026-20260210-00084.cfg"">Config</A>"
CFP2026rate,"Dell Inc.","PowerEdge R7725 (AMD EPYC 9965 192-Core Processor)",993,993,0,0,384,2,2,"AMD EPYC 9965",2250,"1,2 chips",64-bit,64-bit,"32 KB I + 48 KB D on chip per core","1 MB I+D on chip per core","384 MB I+D on chip per chip, 32 MB shared / 16 cores",None,"1536 GB (24 x 64 GB 2Rx4 PC5-6400B-R)",,"Ubuntu 24.04.2 LTS, 6.8.0-55-generic",tmpfs,"C/C++/Fortran: Version 5.1.0 of AOCC",Vendor,Mar-2025,Jan-2026,6573,"Dell Inc.","Dell Inc.",Feb-2026,May-2026,Aug-2026,"<A HREF=""/cpu2026/results/res2026q2/cpu2026-20260210-00089.html"">HTML</A> <A HREF=""/cpu2026/results/res2026q2/cpu2026-20260210-00089.csv"">CSV</A> <A HREF=""/cpu2026/results/res2026q2/cpu2026-20260210-00089.pdf"">PDF</A> <A HREF=""/cpu2026/results/res2026q2/cpu2026-20260210-00089.ps"">PS</A> <A HREF=""/cpu2026/results/res2026q2/cpu2026-20260210-00089.txt"">Text</A> <A HREF=""/cpu2026/results/res2026q2/cpu2026-20260210-00089.cfg"">Config</A>"
CFP2026rate,"Dell Inc.","PowerEdge XR8720t (Intel Xeon 6776P-B)",293,285,0,0,72,1,2,"Intel Xeon 6776P-B",2300,"1 chip",64-bit,64-bit,"64 KB I + 48 KB D on chip per core","2 MB I+D on chip per core","288 MB I+D on chip per chip",None,"512 GB (8 x 64 GB 2Rx4 PC5-6400B-R)",,"Red Hat Enterprise Linux 10.0 (Coughlan), 6.12.0-55.9.1.el10_0.x86_64",tmpfs,"C/C++: Version 2025.3 of Intel oneAPI DPC++/C++, Compiler for Linux;, Fortran: Version 2025.3 of Intel Fortran, Compiler for Linux",Vendor,Mar-2026,Nov-2025,6573,"Dell Inc.","Dell Inc.",Feb-2026,May-2026,Aug-2026,"<A HREF=""/cpu2026/results/res2026q2/cpu2026-20260210-00093.html"">HTML</A> <A HREF=""/cpu2026/results/res2026q2/cpu2026-20260210-00093.csv"">CSV</A> <A HREF=""/cpu2026/results/res2026q2/cpu2026-20260210-00093.pdf"">PDF</A> <A HREF=""/cpu2026/results/res2026q2/cpu2026-20260210-00093.ps"">PS</A> <A HREF=""/cpu2026/results/res2026q2/cpu2026-20260210-00093.txt"">Text</A> <A HREF=""/cpu2026/results/res2026q2/cpu2026-20260210-00093.cfg"">Config</A>"
CFP2026rate,"Fsas Technologies Inc.","PRIMERGY RX1330 M6, Intel Xeon 6315P, 2.8 GHz",0,29.1,0,0,4,1,1,"Xeon 6315P",2800,"1 chip",64-bit,"Not Applicable","32 KB I + 48 KB D on chip per core","2 MB I+D on chip per core","12 MB I+D on chip per chip",None,"64 GB (2 x 32 GB 2Rx8 PC5-4800B-E, running at 4400)",,"SUSE Linux Enterprise Server 15 SP6, 6.4.0-150600.21-default",xfs,"C/C++: Version 2026.0 of Intel oneAPI DPC++/C++, Compiler for Linux;, Fortran: Version 2026.0 of Intel Fortran, Compiler for Linux",Vendor,Apr-2025,Apr-2026,19,"Fsas Technologies Inc.",Fujitsu,Jun-2026,Jul-2026,Aug-2026,"<A HREF=""/cpu2026/results/res2026q3/cpu2026-20260629-00324.html"">HTML</A> <A HREF=""/cpu2026/results/res2026q3/cpu2026-20260629-00324.csv"">CSV</A> <A HREF=""/cpu2026/results/res2026q3/cpu2026-20260629-00324.pdf"">PDF</A> <A HREF=""/cpu2026/results/res2026q3/cpu2026-20260629-00324.ps"">PS</A> <A HREF=""/cpu2026/results/res2026q3/cpu2026-20260629-00324.txt"">Text</A> <A HREF=""/cpu2026/results/res2026q3/cpu2026-20260629-00324.cfg"">Config</A>"
CFP2026rate,"Fsas Technologies Inc.","PRIMERGY RX1330 M6, Intel Xeon 6325P, 3.5 GHz",0,30.1,0,0,4,1,2,"Xeon 6325P",3500,"1 chip",64-bit,"Not Applicable","32 KB I + 48 KB D on chip per core","2 MB I+D on chip per core","12 MB I+D on chip per chip",None,"64 GB (2 x 32 GB 2Rx8 PC5-4800B-E, running at 4400)",,"SUSE Linux Enterprise Server 15 SP6, 6.4.0-150600.21-default",xfs,"C/C++: Version 2026.0 of Intel oneAPI DPC++/C++, Compiler for Linux;, Fortran: Version 2026.0 of Intel Fortran, Compiler for Linux",Vendor,Apr-2025,Apr-2026,19,"Fsas Technologies Inc.",Fujitsu,Jun-2026,Jul-2026,Aug-2026,"<A HREF=""/cpu2026/results/res2026q3/cpu2026-20260629-00335.html"">HTML</A> <A HREF=""/cpu2026/results/res2026q3/cpu2026-20260629-00335.csv"">CSV</A> <A HREF=""/cpu2026/results/res2026q3/cpu2026-20260629-00335.pdf"">PDF</A> <A HREF=""/cpu2026/results/res2026q3/cpu2026-20260629-00335.ps"">PS</A> <A HREF=""/cpu2026/results/res2026q3/cpu2026-20260629-00335.txt"">Text</A> <A HREF=""/cpu2026/results/res2026q3/cpu2026-20260629-00335.cfg"">Config</A>"
CFP2026rate,"Fsas Technologies Inc.","PRIMERGY RX1330 M6, Intel Xeon 6333P, 3.1 GHz",0,38.5,0,0,6,1,2,"Xeon 6333P",3100,"1 chip",64-bit,"Not Applicable","32 KB I + 48 KB D on chip per core","2 MB I+D on chip per core","18 MB I+D on chip per chip",None,"64 GB (2 x 32 GB 2Rx8 PC5-4800B-E, running at 4400)",,"SUSE Linux Enterprise Server 15 SP6, 6.4.0-150600.21-default",xfs,"C/C++: Version 2026.0 of Intel oneAPI DPC++/C++, Compiler for Linux;, Fortran: Version 2026.0 of Intel Fortran, Compiler for Linux",Vendor,Apr-2025,Apr-2026,19,"Fsas Technologies Inc.",Fujitsu,Jun-2026,Jul-2026,Aug-2026,"<A HREF=""/cpu2026/results/res2026q3/cpu2026-20260629-00336.html"">HTML</A> <A HREF=""/cpu2026/results/res2026q3/cpu2026-20260629-00336.csv"">CSV</A> <A HREF=""/cpu2026/results/res2026q3/cpu2026-20260629-00336.pdf"">PDF</A> <A HREF=""/cpu2026/results/res2026q3/cpu2026-20260629-00336.ps"">PS</A> <A HREF=""/cpu2026/results/res2026q3/cpu2026-20260629-00336.txt"">Text</A> <A HREF=""/cpu2026/results/res2026q3/cpu2026-20260629-00336.cfg"">Config</A>"
CFP2026rate,"Fsas Technologies Inc.","PRIMERGY RX1330 M6, Intel Xeon 6337P, 3.5 GHz",0,41.2,0,0,6,1,2,"Xeon 6337P",3500,"1 chip",64-bit,"Not Applicable","32 KB I + 48 KB D on chip per core","2 MB I+D on chip per core","18 MB I+D on chip per chip",None,"64 GB (2 x 32 GB 2Rx8 PC5-4800B-E, running at 4400)",,"SUSE Linux Enterprise Server 15 SP6, 6.4.0-150600.21-default",xfs,"C/C++: Version 2026.0 of Intel oneAPI DPC++/C++, Compiler for Linux;, Fortran: Version 2026.0 of Intel Fortran, Compiler for Linux",Vendor,Apr-2025,Apr-2026,19,"Fsas Technologies Inc.",Fujitsu,Jun-2026,Jul-2026,Aug-2026,"<A HREF=""/cpu2026/results/res2026q3/cpu2026-20260629-00325.html"">HTML</A> <A HREF=""/cpu2026/results/res2026q3/cpu2026-20260629-00325.csv"">CSV</A> <A HREF=""/cpu2026/results/res2026q3/cpu2026-20260629-00325.pdf"">PDF</A> <A HREF=""/cpu2026/results/res2026q3/cpu2026-20260629-00325.ps"">PS</A> <A HREF=""/cpu2026/results/res2026q3/cpu2026-20260629-00325.txt"">Text</A> <A HREF=""/cpu2026/results/res2026q3/cpu2026-20260629-00325.cfg"">Config</A>"
CFP2026rate,"Fsas Technologies Inc.","PRIMERGY RX1330 M6, Intel Xeon 6349P, 3.6 GHz",0,42.8,0,0,6,1,2,"Xeon 6349P",3600,"1 chip",64-bit,"Not Applicable","32 KB I + 48 KB D on chip per core","2 MB I+D on chip per core","18 MB I+D on chip per chip",None,"64 GB (2 x 32 GB 2Rx8 PC5-4800B-E, running at 4400)",,"SUSE Linux Enterprise Server 15 SP6, 6.4.0-150600.21-default",xfs,"C/C++: Version 2026.0 of Intel oneAPI DPC++/C++, Compiler for Linux;, Fortran: Version 2026.0 of Intel Fortran, Compiler for Linux",Vendor,Apr-2025,Apr-2026,19,"Fsas Technologies Inc.",Fujitsu,Jun-2026,Jul-2026,Aug-2026,"<A HREF=""/cpu2026/results/res2026q3/cpu2026-20260629-00327.html"">HTML</A> <A HREF=""/cpu2026/results/res2026q3/cpu2026-20260629-00327.csv"">CSV</A> <A HREF=""/cpu2026/results/res2026q3/cpu2026-20260629-00327.pdf"">PDF</A> <A HREF=""/cpu2026/results/res2026q3/cpu2026-20260629-00327.ps"">PS</A> <A HREF=""/cpu2026/results/res2026q3/cpu2026-20260629-00327.txt"">Text</A> <A HREF=""/cpu2026/results/res2026q3/cpu2026-20260629-00327.cfg"">Config</A>"
CFP2026rate,"Fsas Technologies Inc.","PRIMERGY RX1330 M6, Intel Xeon 6353P, 2.7 GHz",0,43.5,0,0,8,1,2,"Xeon 6353P",2700,"1 chip",64-bit,"Not Applicable","32 KB I + 48 KB D on chip per core","2 MB I+D on chip per core","24 MB I+D on chip per chip",None,"64 GB (2 x 32 GB 2Rx8 PC5-4800B-E, running at 4400)",,"SUSE Linux Enterprise Server 15 SP6, 6.4.0-150600.21-default",xfs,"C/C++: Version 2026.0 of Intel oneAPI DPC++/C++, Compiler for Linux;, Fortran: Version 2026.0 of Intel Fortran, Compiler for Linux",Vendor,Apr-2025,Apr-2026,19,"Fsas Technologies Inc.",Fujitsu,Jun-2026,Jul-2026,Aug-2026,"<A HREF=""/cpu2026/results/res2026q3/cpu2026-20260629-00328.html"">HTML</A> <A HREF=""/cpu2026/results/res2026q3/cpu2026-20260629-00328.csv"">CSV</A> <A HREF=""/cpu2026/results/res2026q3/cpu2026-20260629-00328.pdf"">PDF</A> <A HREF=""/cpu2026/results/res2026q3/cpu2026-20260629-00328.ps"">PS</A> <A HREF=""/cpu2026/results/res2026q3/cpu2026-20260629-00328.txt"">Text</A> <A HREF=""/cpu2026/results/res2026q3/cpu2026-20260629-00328.cfg"">Config</A>"
CFP2026rate,"Fsas Technologies Inc.","PRIMERGY RX1330 M6, Intel Xeon 6357P, 3.0 GHz",0,46.4,0,0,8,1,2,"Xeon 6357P",3000,"1 chip",64-bit,"Not Applicable","32 KB I + 48 KB D on chip per core","2 MB I+D on chip per core","24 MB I+D on chip per chip",None,"64 GB (2 x 32 GB 2Rx8 PC5-4800B-E, running at 4400)",,"SUSE Linux Enterprise Server 15 SP6, 6.4.0-150600.21-default",xfs,"C/C++: Version 2026.0 of Intel oneAPI DPC++/C++, Compiler for Linux;, Fortran: Version 2026.0 of Intel Fortran, Compiler for Linux",Vendor,Apr-2025,Apr-2026,19,"Fsas Technologies Inc.",Fujitsu,Jun-2026,Jul-2026,Aug-2026,"<A HREF=""/cpu2026/results/res2026q3/cpu2026-20260629-00330.html"">HTML</A> <A HREF=""/cpu2026/results/res2026q3/cpu2026-20260629-00330.csv"">CSV</A> <A HREF=""/cpu2026/results/res2026q3/cpu2026-20260629-00330.pdf"">PDF</A> <A HREF=""/cpu2026/results/res2026q3/cpu2026-20260629-00330.ps"">PS</A> <A HREF=""/cpu2026/results/res2026q3/cpu2026-20260629-00330.txt"">Text</A> <A HREF=""/cpu2026/results/res2026q3/cpu2026-20260629-00330.cfg"">Config</A>"
CFP2026rate,"Fsas Technologies Inc.","PRIMERGY RX1330 M6, Intel Xeon 6369P, 3.3 GHz",0,49.5,0,0,8,1,2,"Xeon 6369P",3300,"1 chip",64-bit,"Not Applicable","32 KB I + 48 KB D on chip per core","2 MB I+D on chip per core","24 MB I+D on chip per chip",None,"64 GB (2 x 32 GB 2Rx8 PC5-4800B-E, running at 4400)",,"SUSE Linux Enterprise Server 15 SP6, 6.4.0-150600.21-default",xfs,"C/C++: Version 2026.0 of Intel oneAPI DPC++/C++, Compiler for Linux;, Fortran: Version 2026.0 of Intel Fortran, Compiler for Linux",Vendor,Apr-2025,Apr-2026,19,"Fsas Technologies Inc.",Fujitsu,May-2026,Jun-2026,Aug-2026,"<A HREF=""/cpu2026/results/res2026q2/cpu2026-20260602-00302.html"">HTML</A> <A HREF=""/cpu2026/results/res2026q2/cpu2026-20260602-00302.csv"">CSV</A> <A HREF=""/cpu2026/results/res2026q2/cpu2026-20260602-00302.pdf"">PDF</A> <A HREF=""/cpu2026/results/res2026q2/cpu2026-20260602-00302.ps"">PS</A> <A HREF=""/cpu2026/results/res2026q2/cpu2026-20260602-00302.txt"">Text</A> <A HREF=""/cpu2026/results/res2026q2/cpu2026-20260602-00302.cfg"">Config</A>"
CFP2026rate,"Fsas Technologies Inc.","PRIMERGY RX1440 M2, AMD EPYC 9845, 2.10 GHz",0,427,0,0,160,1,1,"AMD EPYC 9845",2100,"1 chip",64-bit,"Not Applicable","32 KB I + 48 KB D on chip per core","1 MB I+D on chip per core","320 MB I+D on chip per chip, 32 MB shared / 16 cores",None,"384 GB (12 x 32 GB 2Rx8 PC5-6400B-R, running at 5200)",,"SUSE Linux Enterprise Server 15 SP6, kernel version, 6.4.0-150600.23.22-default",xfs,"C/C++/Fortran: Version 5.1.0 of AOCC",Vendor,Apr-2026,Jan-2026,19,"Fsas Technologies Inc.",Fujitsu,Jul-2026,Sep-2026,Sep-2026,"<A HREF=""/cpu2026/results/res2026q3/cpu2026-20260825-00499.html"">HTML</A> <A HREF=""/cpu2026/results/res2026q3/cpu2026-20260825-00499.csv"">CSV</A> <A HREF=""/cpu2026/results/res2026q3/cpu2026-20260825-00499.pdf"">PDF</A> <A HREF=""/cpu2026/results/res2026q3/cpu2026-20260825-00499.ps"">PS</A> <A HREF=""/cpu2026/results/res2026q3/cpu2026-20260825-00499.txt"">Text</A> <A HREF=""/cpu2026/results/res2026q3/cpu2026-20260825-00499.cfg"">Config</A>"
CFP2026rate,"Fsas Technologies Inc.","PRIMERGY RX2450 M2, AMD EPYC 9335, 3.00 GHz",0,463,0,0,64,2,2,"AMD EPYC 9335",3000,"1,2 chips",64-bit,"Not Applicable","32 KB I + 48 KB D on chip per core","1 MB I+D on chip per core","128 MB I+D on chip per chip, 32 MB shared / 8 cores",None,"768 GB (24 x 32 GB 2Rx8 PC5-6400B-R)",,"SUSE Linux Enterprise Server 15 SP6, kernel version, 6.4.0-150600.23.22-default",xfs,"C/C++/Fortran: Version 5.1.0 of AOCC",Vendor,Jul-2026,Jan-2026,19,"Fsas Technologies Inc.",Fujitsu,Aug-2026,Sep-2026,Sep-2026,"<A HREF=""/cpu2026/results/res2026q3/cpu2026-20260825-00500.html"">HTML</A> <A HREF=""/cpu2026/results/res2026q3/cpu2026-20260825-00500.csv"">CSV</A> <A HREF=""/cpu2026/results/res2026q3/cpu2026-20260825-00500.pdf"">PDF</A> <A HREF=""/cpu2026/results/res2026q3/cpu2026-20260825-00500.ps"">PS</A> <A HREF=""/cpu2026/results/res2026q3/cpu2026-20260825-00500.txt"">Text</A> <A HREF=""/cpu2026/results/res2026q3/cpu2026-20260825-00500.cfg"">Config</A>"
CFP2026rate,"Fsas Technologies Inc.","PRIMERGY RX2450 M2, AMD EPYC 9845, 2.10 GHz",0,925,0,0,320,2,1,"AMD EPYC 9845",2100,"1,2 chips",64-bit,"Not Applicable","32 KB I + 48 KB D on chip per core","1 MB I+D on chip per core","320 MB I+D on chip per chip, 32 MB shared / 16 cores",None,"768 GB (24 x 32 GB 2Rx8 PC5-6400B-R)",,"SUSE Linux Enterprise Server 15 SP6, kernel version, 6.4.0-150600.23.22-default",xfs,"C/C++/Fortran: Version 5.1.0 of AOCC",Vendor,Jan-2025,Jan-2026,19,"Fsas Technologies Inc.",Fujitsu,Jun-2026,Aug-2026,Aug-2026,"<A HREF=""/cpu2026/results/res2026q3/cpu2026-20260806-00417.html"">HTML</A> <A HREF=""/cpu2026/results/res2026q3/cpu2026-20260806-00417.csv"">CSV</A> <A HREF=""/cpu2026/results/res2026q3/cpu2026-20260806-00417.pdf"">PDF</A> <A HREF=""/cpu2026/results/res2026q3/cpu2026-20260806-00417.ps"">PS</A> <A HREF=""/cpu2026/results/res2026q3/cpu2026-20260806-00417.txt"">Text</A> <A HREF=""/cpu2026/results/res2026q3/cpu2026-20260806-00417.cfg"">Config</A>"
CFP2026rate,"Fsas Technologies Inc.","PRIMERGY RX2540 M8, Intel Xeon 6505P, 2.20GHz",0,178,0,0,24,2,2,"Intel Xeon 6505P",2200,"1,2 chips",64-bit,"Not Applicable","64 KB I + 48 KB D on chip per core","2 MB I+D on chip per core","48 MB I+D on chip per chip",None,"512 GB (16 x 32 GB 2Rx8 PC5-6400B-R)",,"SUSE Linux Enterprise Server 15 SP7, 6.4.0-150700.51-default",btrfs,"C/C++: Version 2026.0 of Intel oneAPI DPC++/C++, Compiler for Linux;, Fortran: Version 2026.0 of Intel Fortran, Compiler for Linux",Vendor,Oct-2025,Apr-2026,19,"Fsas Technologies Inc.",Fujitsu,Jun-2026,Jul-2026,Aug-2026,"<A HREF=""/cpu2026/results/res2026q3/cpu2026-20260630-00339.html"">HTML</A> <A HREF=""/cpu2026/results/res2026q3/cpu2026-20260630-00339.csv"">CSV</A> <A HREF=""/cpu2026/results/res2026q3/cpu2026-20260630-00339.pdf"">PDF</A> <A HREF=""/cpu2026/results/res2026q3/cpu2026-20260630-00339.ps"">PS</A> <A HREF=""/cpu2026/results/res2026q3/cpu2026-20260630-00339.txt"">Text</A> <A HREF=""/cpu2026/results/res2026q3/cpu2026-20260630-00339.cfg"">Config</A>"
CFP2026rate,"Fsas Technologies Inc.","PRIMERGY RX2540 M8, Intel Xeon 6507P, 3.50GHz",0,140,0,0,16,2,2,"Intel Xeon 6507P",3500,"1,2 chips",64-bit,"Not Applicable","64 KB I + 48 KB D on chip per core","2 MB I+D on chip per core","48 MB I+D on chip per chip",None,"512 GB (16 x 32 GB 2Rx8 PC5-6400B-R)",,"SUSE Linux Enterprise Server 15 SP7, 6.4.0-150700.51-default",btrfs,"C/C++: Version 2026.0 of Intel oneAPI DPC++/C++, Compiler for Linux;, Fortran: Version 2026.0 of Intel Fortran, Compiler for Linux",Vendor,Oct-2025,Apr-2026,19,"Fsas Technologies Inc.",Fujitsu,Jun-2026,Jul-2026,Aug-2026,"<A HREF=""/cpu2026/results/res2026q3/cpu2026-20260630-00340.html"">HTML</A> <A HREF=""/cpu2026/results/res2026q3/cpu2026-20260630-00340.csv"">CSV</A> <A HREF=""/cpu2026/results/res2026q3/cpu2026-20260630-00340.pdf"">PDF</A> <A HREF=""/cpu2026/results/res2026q3/cpu2026-20260630-00340.ps"">PS</A> <A HREF=""/cpu2026/results/res2026q3/cpu2026-20260630-00340.txt"">Text</A> <A HREF=""/cpu2026/results/res2026q3/cpu2026-20260630-00340.cfg"">Config</A>"
CFP2026rate,"Fsas Technologies Inc.","PRIMERGY RX2540 M8, Intel Xeon 6511P, 2.30GHz",0,137,0,0,16,1,2,"Intel Xeon 6511P",2300,"1 chip",64-bit,"Not Applicable","64 KB I + 48 KB D on chip per core","2 MB I+D on chip per core","72 MB I+D on chip per chip",None,"256 GB (8 x 32 GB 2Rx8 PC5-6400B-R)",,"SUSE Linux Enterprise Server 15 SP7, 6.4.0-150700.51-default",btrfs,"C/C++: Version 2026.0 of Intel oneAPI DPC++/C++, Compiler for Linux;, Fortran: Version 2026.0 of Intel Fortran, Compiler for Linux",Vendor,Oct-2025,Apr-2026,19,"Fsas Technologies Inc.",Fujitsu,Jun-2026,Jul-2026,Aug-2026,"<A HREF=""/cpu2026/results/res2026q3/cpu2026-20260630-00341.html"">HTML</A> <A HREF=""/cpu2026/results/res2026q3/cpu2026-20260630-00341.csv"">CSV</A> <A HREF=""/cpu2026/results/res2026q3/cpu2026-20260630-00341.pdf"">PDF</A> <A HREF=""/cpu2026/results/res2026q3/cpu2026-20260630-00341.ps"">PS</A> <A HREF=""/cpu2026/results/res2026q3/cpu2026-20260630-00341.txt"">Text</A> <A HREF=""/cpu2026/results/res2026q3/cpu2026-20260630-00341.cfg"">Config</A>"
CFP2026rate,"Fsas Technologies Inc.","PRIMERGY RX2540 M8, Intel Xeon 6515P, 2.30GHz",0,236,0,0,32,2,2,"Intel Xeon 6515P",2300,"1,2 chips",64-bit,"Not Applicable","64 KB I + 48 KB D on chip per core","2 MB I+D on chip per core","72 MB I+D on chip per chip",None,"512 GB (16 x 32 GB 2Rx8 PC5-6400B-R)",,"SUSE Linux Enterprise Server 15 SP7, 6.4.0-150700.51-default",btrfs,"C/C++: Version 2026.0 of Intel oneAPI DPC++/C++, Compiler for Linux;, Fortran: Version 2026.0 of Intel Fortran, Compiler for Linux",Vendor,Oct-2025,Apr-2026,19,"Fsas Technologies Inc.",Fujitsu,Jun-2026,Jul-2026,Aug-2026,"<A HREF=""/cpu2026/results/res2026q3/cpu2026-20260630-00342.html"">HTML</A> <A HREF=""/cpu2026/results/res2026q3/cpu2026-20260630-00342.csv"">CSV</A> <A HREF=""/cpu2026/results/res2026q3/cpu2026-20260630-00342.pdf"">PDF</A> <A HREF=""/cpu2026/results/res2026q3/cpu2026-20260630-00342.ps"">PS</A> <A HREF=""/cpu2026/results/res2026q3/cpu2026-20260630-00342.txt"">Text</A> <A HREF=""/cpu2026/results/res2026q3/cpu2026-20260630-00342.cfg"">Config</A>"
CFP2026rate,"Fsas Technologies Inc.","PRIMERGY RX2540 M8, Intel Xeon 6517P, 3.20GHz",0,242,0,0,32,2,2,"Intel Xeon 6517P",3200,"1,2 chips",64-bit,"Not Applicable","64 KB I + 48 KB D on chip per core","2 MB I+D on chip per core","72 MB I+D on chip per chip",None,"512 GB (16 x 32 GB 2Rx8 PC5-6400B-R)",,"SUSE Linux Enterprise Server 15 SP7, 6.4.0-150700.51-default",btrfs,"C/C++: Version 2026.0 of Intel oneAPI DPC++/C++, Compiler for Linux;, Fortran: Version 2026.0 of Intel Fortran, Compiler for Linux",Vendor,Oct-2025,Apr-2026,19,"Fsas Technologies Inc.",Fujitsu,Jun-2026,Jul-2026,Aug-2026,"<A HREF=""/cpu2026/results/res2026q3/cpu2026-20260630-00343.html"">HTML</A> <A HREF=""/cpu2026/results/res2026q3/cpu2026-20260630-00343.csv"">CSV</A> <A HREF=""/cpu2026/results/res2026q3/cpu2026-20260630-00343.pdf"">PDF</A> <A HREF=""/cpu2026/results/res2026q3/cpu2026-20260630-00343.ps"">PS</A> <A HREF=""/cpu2026/results/res2026q3/cpu2026-20260630-00343.txt"">Text</A> <A HREF=""/cpu2026/results/res2026q3/cpu2026-20260630-00343.cfg"">Config</A>"
CFP2026rate,"Fsas Technologies Inc.","PRIMERGY RX2540 M8, Intel Xeon 6520P, 2.40GHz",0,334,0,0,48,2,2,"Intel Xeon 6520P",2400,"1,2 chips",64-bit,"Not Applicable","64 KB I + 48 KB D on chip per core","2 MB I+D on chip per core","144 MB I+D on chip per chip",None,"512 GB (16 x 32 GB 2Rx8 PC5-6400B-R)",,"SUSE Linux Enterprise Server 15 SP7, 6.4.0-150700.51-default",btrfs,"C/C++: Version 2026.0 of Intel oneAPI DPC++/C++, Compiler for Linux;, Fortran: Version 2026.0 of Intel Fortran, Compiler for Linux",Vendor,Oct-2025,Apr-2026,19,"Fsas Technologies Inc.",Fujitsu,Jul-2026,Aug-2026,Aug-2026,"<A HREF=""/cpu2026/results/res2026q3/cpu2026-20260727-00391.html"">HTML</A> <A HREF=""/cpu2026/results/res2026q3/cpu2026-20260727-00391.csv"">CSV</A> <A HREF=""/cpu2026/results/res2026q3/cpu2026-20260727-00391.pdf"">PDF</A> <A HREF=""/cpu2026/results/res2026q3/cpu2026-20260727-00391.ps"">PS</A> <A HREF=""/cpu2026/results/res2026q3/cpu2026-20260727-00391.txt"">Text</A> <A HREF=""/cpu2026/results/res2026q3/cpu2026-20260727-00391.cfg"">Config</A>"
CFP2026rate,"Fsas Technologies Inc.","PRIMERGY RX2540 M8, Intel Xeon 6521P, 2.60GHz",0,186,0,0,24,1,2,"Intel Xeon 6521P",2600,"1 chip",64-bit,"Not Applicable","64 KB I + 48 KB D on chip per core","2 MB I+D on chip per core","144 MB I+D on chip per chip",None,"256 GB (8 x 32 GB 2Rx8 PC5-6400B-R)",,"SUSE Linux Enterprise Server 15 SP7, 6.4.0-150700.51-default",btrfs,"C/C++: Version 2026.0 of Intel oneAPI DPC++/C++, Compiler for Linux;, Fortran: Version 2026.0 of Intel Fortran, Compiler for Linux",Vendor,Oct-2025,Apr-2026,19,"Fsas Technologies Inc.",Fujitsu,Jun-2026,Aug-2026,Aug-2026,"<A HREF=""/cpu2026/results/res2026q3/cpu2026-20260727-00393.html"">HTML</A> <A HREF=""/cpu2026/results/res2026q3/cpu2026-20260727-00393.csv"">CSV</A> <A HREF=""/cpu2026/results/res2026q3/cpu2026-20260727-00393.pdf"">PDF</A> <A HREF=""/cpu2026/results/res2026q3/cpu2026-20260727-00393.ps"">PS</A> <A HREF=""/cpu2026/results/res2026q3/cpu2026-20260727-00393.txt"">Text</A> <A HREF=""/cpu2026/results/res2026q3/cpu2026-20260727-00393.cfg"">Config</A>"
CFP2026rate,"Fsas Technologies Inc.","PRIMERGY RX2540 M8, Intel Xeon 6530P, 2.30GHz",0,416,0,0,64,2,2,"Intel Xeon 6530P",2300,"1,2 chips",64-bit,"Not Applicable","64 KB I + 48 KB D on chip per core","2 MB I+D on chip per core","144 MB I+D on chip per chip",None,"512 GB (16 x 32 GB 2Rx8 PC5-6400B-R)",,"SUSE Linux Enterprise Server 15 SP7, 6.4.0-150700.51-default",btrfs,"C/C++: Version 2026.0 of Intel oneAPI DPC++/C++, Compiler for Linux;, Fortran: Version 2026.0 of Intel Fortran, Compiler for Linux",Vendor,Oct-2025,Apr-2026,19,"Fsas Technologies Inc.",Fujitsu,Jul-2026,Aug-2026,Aug-2026,"<A HREF=""/cpu2026/results/res2026q3/cpu2026-20260727-00395.html"">HTML</A> <A HREF=""/cpu2026/results/res2026q3/cpu2026-20260727-00395.csv"">CSV</A> <A HREF=""/cpu2026/results/res2026q3/cpu2026-20260727-00395.pdf"">PDF</A> <A HREF=""/cpu2026/results/res2026q3/cpu2026-20260727-00395.ps"">PS</A> <A HREF=""/cpu2026/results/res2026q3/cpu2026-20260727-00395.txt"">Text</A> <A HREF=""/cpu2026/results/res2026q3/cpu2026-20260727-00395.cfg"">Config</A>"
CFP2026rate,"Fsas Technologies Inc.","PRIMERGY RX2540 M8, Intel Xeon 6725P, 3.70GHz",0,269,0,0,16,2,2,"Intel Xeon 6725P",3700,"1,2 chips",64-bit,"Not Applicable","64 KB I + 48 KB D on chip per core","2 MB I+D on chip per core","192 MB I+D on chip per chip",None,"512 GB (16 x 32 GB 2Rx8 PC5-6400B-R)",,"SUSE Linux Enterprise Server 15 SP7, 6.4.0-150700.51-default",btrfs,"C/C++: Version 2026.0 of Intel oneAPI DPC++/C++, Compiler for Linux;, Fortran: Version 2026.0 of Intel Fortran, Compiler for Linux",Vendor,Jul-2026,Apr-2026,19,"Fsas Technologies Inc.",Fujitsu,Jun-2026,Jul-2026,Aug-2026,"<A HREF=""/cpu2026/results/res2026q3/cpu2026-20260714-00377.html"">HTML</A> <A HREF=""/cpu2026/results/res2026q3/cpu2026-20260714-00377.csv"">CSV</A> <A HREF=""/cpu2026/results/res2026q3/cpu2026-20260714-00377.pdf"">PDF</A> <A HREF=""/cpu2026/results/res2026q3/cpu2026-20260714-00377.ps"">PS</A> <A HREF=""/cpu2026/results/res2026q3/cpu2026-20260714-00377.txt"">Text</A> <A HREF=""/cpu2026/results/res2026q3/cpu2026-20260714-00377.cfg"">Config</A>"
CFP2026rate,"Fsas Technologies Inc.","PRIMERGY RX2540 M8, Intel Xeon 6730P, 2.50GHz",0,445,0,0,64,2,2,"Intel Xeon 6730P",2500,"1,2 chips",64-bit,"Not Applicable","64 KB I + 48 KB D on chip per core","2 MB I+D on chip per core","288 MB I+D on chip per chip",None,"512 GB (16 x 32 GB 2Rx8 PC5-6400B-R)",,"SUSE Linux Enterprise Server 15 SP7, 6.4.0-150700.51-default",btrfs,"C/C++: Version 2026.0 of Intel oneAPI DPC++/C++, Compiler for Linux;, Fortran: Version 2026.0 of Intel Fortran, Compiler for Linux",Vendor,Oct-2025,Apr-2026,19,"Fsas Technologies Inc.",Fujitsu,Jun-2026,Aug-2026,Aug-2026,"<A HREF=""/cpu2026/results/res2026q3/cpu2026-20260727-00396.html"">HTML</A> <A HREF=""/cpu2026/results/res2026q3/cpu2026-20260727-00396.csv"">CSV</A> <A HREF=""/cpu2026/results/res2026q3/cpu2026-20260727-00396.pdf"">PDF</A> <A HREF=""/cpu2026/results/res2026q3/cpu2026-20260727-00396.ps"">PS</A> <A HREF=""/cpu2026/results/res2026q3/cpu2026-20260727-00396.txt"">Text</A> <A HREF=""/cpu2026/results/res2026q3/cpu2026-20260727-00396.cfg"">Config</A>"
CFP2026rate,"Fsas Technologies Inc.","PRIMERGY RX2540 M8, Intel Xeon 6732P, 3.80GHz",0,433,0,0,64,2,2,"Intel Xeon 6732P",3800,"1,2 chips",64-bit,"Not Applicable","64 KB I + 48 KB D on chip per core","2 MB I+D on chip per core","144 MB I+D on chip per chip",None,"512 GB (16 x 32 GB 2Rx8 PC5-6400B-R)",,"SUSE Linux Enterprise Server 15 SP7, 6.4.0-150700.51-default",btrfs,"C/C++: Version 2026.0 of Intel oneAPI DPC++/C++, Compiler for Linux;, Fortran: Version 2026.0 of Intel Fortran, Compiler for Linux",Vendor,Jul-2025,Apr-2026,19,"Fsas Technologies Inc.",Fujitsu,Jun-2026,Jul-2026,Aug-2026,"<A HREF=""/cpu2026/results/res2026q3/cpu2026-20260714-00378.html"">HTML</A> <A HREF=""/cpu2026/results/res2026q3/cpu2026-20260714-00378.csv"">CSV</A> <A HREF=""/cpu2026/results/res2026q3/cpu2026-20260714-00378.pdf"">PDF</A> <A HREF=""/cpu2026/results/res2026q3/cpu2026-20260714-00378.ps"">PS</A> <A HREF=""/cpu2026/results/res2026q3/cpu2026-20260714-00378.txt"">Text</A> <A HREF=""/cpu2026/results/res2026q3/cpu2026-20260714-00378.cfg"">Config</A>"
CFP2026rate,"Fsas Technologies Inc.","PRIMERGY RX2540 M8, Intel Xeon 6737P, 2.90GHz",0,429,0,0,64,2,2,"Intel Xeon 6737P",2900,"1,2 chips",64-bit,"Not Applicable","64 KB I + 48 KB D on chip per core","2 MB I+D on chip per core","144 MB I+D on chip per chip",None,"512 GB (16 x 32 GB 2Rx8 PC5-6400B-R)",,"SUSE Linux Enterprise Server 15 SP7, 6.4.0-150700.51-default",btrfs,"C/C++: Version 2026.0 of Intel oneAPI DPC++/C++, Compiler for Linux;, Fortran: Version 2026.0 of Intel Fortran, Compiler for Linux",Vendor,Oct-2025,Apr-2026,19,"Fsas Technologies Inc.",Fujitsu,Jun-2026,Aug-2026,Aug-2026,"<A HREF=""/cpu2026/results/res2026q3/cpu2026-20260727-00398.html"">HTML</A> <A HREF=""/cpu2026/results/res2026q3/cpu2026-20260727-00398.csv"">CSV</A> <A HREF=""/cpu2026/results/res2026q3/cpu2026-20260727-00398.pdf"">PDF</A> <A HREF=""/cpu2026/results/res2026q3/cpu2026-20260727-00398.ps"">PS</A> <A HREF=""/cpu2026/results/res2026q3/cpu2026-20260727-00398.txt"">Text</A> <A HREF=""/cpu2026/results/res2026q3/cpu2026-20260727-00398.cfg"">Config</A>"
CFP2026rate,"Fsas Technologies Inc.","PRIMERGY RX2540 M8, Intel Xeon 6740P, 2.10GHz",0,542,0,0,96,2,2,"Intel Xeon 6740P",2100,"1,2 chips",64-bit,"Not Applicable","64 KB I + 48 KB D on chip per core","2 MB I+D on chip per core","288 MB I+D on chip per chip",None,"512 GB (16 x 32 GB 2Rx8 PC5-6400B-R)",,"SUSE Linux Enterprise Server 15 SP7, 6.4.0-150700.51-default",btrfs,"C/C++: Version 2026.0 of Intel oneAPI DPC++/C++, Compiler for Linux;, Fortran: Version 2026.0 of Intel Fortran, Compiler for Linux",Vendor,Oct-2025,Apr-2026,19,"Fsas Technologies Inc.",Fujitsu,Jun-2026,Aug-2026,Aug-2026,"<A HREF=""/cpu2026/results/res2026q3/cpu2026-20260727-00399.html"">HTML</A> <A HREF=""/cpu2026/results/res2026q3/cpu2026-20260727-00399.csv"">CSV</A> <A HREF=""/cpu2026/results/res2026q3/cpu2026-20260727-00399.pdf"">PDF</A> <A HREF=""/cpu2026/results/res2026q3/cpu2026-20260727-00399.ps"">PS</A> <A HREF=""/cpu2026/results/res2026q3/cpu2026-20260727-00399.txt"">Text</A> <A HREF=""/cpu2026/results/res2026q3/cpu2026-20260727-00399.cfg"">Config</A>"
CFP2026rate,"Fsas Technologies Inc.","PRIMERGY RX2540 M8, Intel Xeon 6741P, 2.50GHz",0,284,0,0,48,1,2,"Intel Xeon 6741P",2500,"1 chip",64-bit,"Not Applicable","64 KB I + 48 KB D on chip per core","2 MB I+D on chip per core","288 MB I+D on chip per chip",None,"256 GB (8 x 32 GB 2Rx8 PC5-6400B-R)",,"SUSE Linux Enterprise Server 15 SP7, 6.4.0-150700.51-default",btrfs,"C/C++: Version 2026.0 of Intel oneAPI DPC++/C++, Compiler for Linux;, Fortran: Version 2026.0 of Intel Fortran, Compiler for Linux",Vendor,Oct-2025,Apr-2026,19,"Fsas Technologies Inc.",Fujitsu,Jul-2026,Aug-2026,Aug-2026,"<A HREF=""/cpu2026/results/res2026q3/cpu2026-20260727-00401.html"">HTML</A> <A HREF=""/cpu2026/results/res2026q3/cpu2026-20260727-00401.csv"">CSV</A> <A HREF=""/cpu2026/results/res2026q3/cpu2026-20260727-00401.pdf"">PDF</A> <A HREF=""/cpu2026/results/res2026q3/cpu2026-20260727-00401.ps"">PS</A> <A HREF=""/cpu2026/results/res2026q3/cpu2026-20260727-00401.txt"">Text</A> <A HREF=""/cpu2026/results/res2026q3/cpu2026-20260727-00401.cfg"">Config</A>"
CFP2026rate,"Fsas Technologies Inc.","PRIMERGY RX2540 M8, Intel Xeon 6745P, 3.10GHz",0,470,0,0,64,2,2,"Intel Xeon 6745P",3100,"1,2 chips",64-bit,"Not Applicable","64 KB I + 48 KB D on chip per core","2 MB I+D on chip per core","336 MB I+D on chip per chip",None,"512 GB (16 x 32 GB 2Rx8 PC5-6400B-R)",,"SUSE Linux Enterprise Server 15 SP7, 6.4.0-150700.51-default",btrfs,"C/C++: Version 2026.0 of Intel oneAPI DPC++/C++, Compiler for Linux;, Fortran: Version 2026.0 of Intel Fortran, Compiler for Linux",Vendor,Oct-2025,Apr-2026,19,"Fsas Technologies Inc.",Fujitsu,May-2026,Aug-2026,Aug-2026,"<A HREF=""/cpu2026/results/res2026q3/cpu2026-20260727-00403.html"">HTML</A> <A HREF=""/cpu2026/results/res2026q3/cpu2026-20260727-00403.csv"">CSV</A> <A HREF=""/cpu2026/results/res2026q3/cpu2026-20260727-00403.pdf"">PDF</A> <A HREF=""/cpu2026/results/res2026q3/cpu2026-20260727-00403.ps"">PS</A> <A HREF=""/cpu2026/results/res2026q3/cpu2026-20260727-00403.txt"">Text</A> <A HREF=""/cpu2026/results/res2026q3/cpu2026-20260727-00403.cfg"">Config</A>"
CFP2026rate,"Fsas Technologies Inc.","PRIMERGY RX2540 M8, Intel Xeon 6747P, 2.70GHz",0,606,0,0,96,2,2,"Intel Xeon 6747P",2700,"1,2 chips",64-bit,"Not Applicable","64 KB I + 48 KB D on chip per core","2 MB I+D on chip per core","288 MB I+D on chip per chip",None,"512 GB (16 x 32 GB 2Rx8 PC5-88/56B-M, running at 8000)",,"SUSE Linux Enterprise Server 15 SP7, 6.4.0-150700.51-default",btrfs,"C/C++: Version 2026.0 of Intel oneAPI DPC++/C++, Compiler for Linux;, Fortran: Version 2026.0 of Intel Fortran, Compiler for Linux",Vendor,Oct-2025,Apr-2026,19,"Fsas Technologies Inc.",Fujitsu,Jun-2026,Aug-2026,Aug-2026,"<A HREF=""/cpu2026/results/res2026q3/cpu2026-20260727-00404.html"">HTML</A> <A HREF=""/cpu2026/results/res2026q3/cpu2026-20260727-00404.csv"">CSV</A> <A HREF=""/cpu2026/results/res2026q3/cpu2026-20260727-00404.pdf"">PDF</A> <A HREF=""/cpu2026/results/res2026q3/cpu2026-20260727-00404.ps"">PS</A> <A HREF=""/cpu2026/results/res2026q3/cpu2026-20260727-00404.txt"">Text</A> <A HREF=""/cpu2026/results/res2026q3/cpu2026-20260727-00404.cfg"">Config</A>"
CFP2026rate,"Fsas Technologies Inc.","PRIMERGY RX2540 M8, Intel Xeon 6760P, 2.20GHz",0,613,0,0,128,2,2,"Intel Xeon 6760P",2200,"1,2 chips",64-bit,"Not Applicable","64 KB I + 48 KB D on chip per core","2 MB I+D on chip per core","320 MB I+D on chip per chip",None,"512 GB (16 x 32 GB 2Rx8 PC5-6400B-R)",,"SUSE Linux Enterprise Server 15 SP7, 6.4.0-150700.51-default",btrfs,"C/C++: Version 2026.0 of Intel oneAPI DPC++/C++, Compiler for Linux;, Fortran: Version 2026.0 of Intel Fortran, Compiler for Linux",Vendor,Oct-2025,Apr-2026,19,"Fsas Technologies Inc.",Fujitsu,May-2026,Aug-2026,Aug-2026,"<A HREF=""/cpu2026/results/res2026q3/cpu2026-20260727-00406.html"">HTML</A> <A HREF=""/cpu2026/results/res2026q3/cpu2026-20260727-00406.csv"">CSV</A> <A HREF=""/cpu2026/results/res2026q3/cpu2026-20260727-00406.pdf"">PDF</A> <A HREF=""/cpu2026/results/res2026q3/cpu2026-20260727-00406.ps"">PS</A> <A HREF=""/cpu2026/results/res2026q3/cpu2026-20260727-00406.txt"">Text</A> <A HREF=""/cpu2026/results/res2026q3/cpu2026-20260727-00406.cfg"">Config</A>"
CFP2026rate,"Fsas Technologies Inc.","PRIMERGY RX2540 M8, Intel Xeon 6761P, 2.50GHz",0,346,0,0,64,1,2,"Intel Xeon 6761P",2500,"1 chip",64-bit,"Not Applicable","64 KB I + 48 KB D on chip per core","2 MB I+D on chip per core","336 MB I+D on chip per chip",None,"256 GB (8 x 32 GB 2Rx8 PC5-88/56B-M, running at 8000)",,"SUSE Linux Enterprise Server 15 SP7, 6.4.0-150700.51-default",btrfs,"C/C++: Version 2026.0 of Intel oneAPI DPC++/C++, Compiler for Linux;, Fortran: Version 2026.0 of Intel Fortran, Compiler for Linux",Vendor,Oct-2025,Apr-2026,19,"Fsas Technologies Inc.",Fujitsu,Jun-2026,Aug-2026,Aug-2026,"<A HREF=""/cpu2026/results/res2026q3/cpu2026-20260727-00408.html"">HTML</A> <A HREF=""/cpu2026/results/res2026q3/cpu2026-20260727-00408.csv"">CSV</A> <A HREF=""/cpu2026/results/res2026q3/cpu2026-20260727-00408.pdf"">PDF</A> <A HREF=""/cpu2026/results/res2026q3/cpu2026-20260727-00408.ps"">PS</A> <A HREF=""/cpu2026/results/res2026q3/cpu2026-20260727-00408.txt"">Text</A> <A HREF=""/cpu2026/results/res2026q3/cpu2026-20260727-00408.cfg"">Config</A>"
CFP2026rate,"Fsas Technologies Inc.","PRIMERGY RX2540 M8, Intel Xeon 6787P, 2.00GHz",0,730,0,0,172,2,2,"Intel Xeon 6787P",2000,"1,2 chips",64-bit,"Not Applicable","64 KB I + 48 KB D on chip per core","2 MB I+D on chip per core","336 MB I+D on chip per chip",None,"1 TB (16 x 64 GB 2Rx4 PC5-88/56B-M, running at 8000)",,"SUSE Linux Enterprise Server 15 SP7, 6.4.0-150700.51-default",btrfs,"C/C++: Version 2026.0 of Intel oneAPI DPC++/C++, Compiler for Linux;, Fortran: Version 2026.0 of Intel Fortran, Compiler for Linux",Vendor,Oct-2025,Apr-2026,19,"Fsas Technologies Inc.",Fujitsu,May-2026,Jun-2026,Aug-2026,"<A HREF=""/cpu2026/results/res2026q2/cpu2026-20260601-00273.html"">HTML</A> <A HREF=""/cpu2026/results/res2026q2/cpu2026-20260601-00273.csv"">CSV</A> <A HREF=""/cpu2026/results/res2026q2/cpu2026-20260601-00273.pdf"">PDF</A> <A HREF=""/cpu2026/results/res2026q2/cpu2026-20260601-00273.ps"">PS</A> <A HREF=""/cpu2026/results/res2026q2/cpu2026-20260601-00273.txt"">Text</A> <A HREF=""/cpu2026/results/res2026q2/cpu2026-20260601-00273.cfg"">Config</A>"
CFP2026rate,"Fsas Technologies Inc.","PRIMERGY RX4770 M8, Intel Xeon 6714P, 4.00GHz",0,267,0,0,32,4,2,"Intel Xeon 6714P",4000,"2,4 chips",64-bit,"Not Applicable","64 KB I + 48 KB D on chip per core","2 MB I+D on chip per core","48 MB I+D on chip per chip",None,"2 TB (32 x 64 GB 2Rx4 PC5-6400B-R)",,"SUSE Linux Enterprise Server 15 SP7, 6.4.0-150700.51-default",xfs,"C/C++: Version 2026.0 of Intel oneAPI DPC++/C++, Compiler for Linux;, Fortran: Version 2026.0 of Intel Fortran, Compiler for Linux",Vendor,Dec-2025,Apr-2026,19,"Fsas Technologies Inc.",Fujitsu,Jun-2026,Jul-2026,Aug-2026,"<A HREF=""/cpu2026/results/res2026q3/cpu2026-20260707-00354.html"">HTML</A> <A HREF=""/cpu2026/results/res2026q3/cpu2026-20260707-00354.csv"">CSV</A> <A HREF=""/cpu2026/results/res2026q3/cpu2026-20260707-00354.pdf"">PDF</A> <A HREF=""/cpu2026/results/res2026q3/cpu2026-20260707-00354.ps"">PS</A> <A HREF=""/cpu2026/results/res2026q3/cpu2026-20260707-00354.txt"">Text</A> <A HREF=""/cpu2026/results/res2026q3/cpu2026-20260707-00354.cfg"">Config</A>"
CFP2026rate,"Fsas Technologies Inc.","PRIMERGY RX4770 M8, Intel Xeon 6724P, 3.60GHz",0,466,0,0,64,4,2,"Intel Xeon 6724P",3600,"2,4 chips",64-bit,"Not Applicable","64 KB I + 48 KB D on chip per core","2 MB I+D on chip per core","72 MB I+D on chip per chip",None,"2 TB (32 x 64 GB 2Rx4 PC5-6400B-R)",,"SUSE Linux Enterprise Server 15 SP7, 6.4.0-150700.51-default",xfs,"C/C++: Version 2026.0 of Intel oneAPI DPC++/C++, Compiler for Linux;, Fortran: Version 2026.0 of Intel Fortran, Compiler for Linux",Vendor,Dec-2025,Apr-2026,19,"Fsas Technologies Inc.",Fujitsu,Jun-2026,Jul-2026,Aug-2026,"<A HREF=""/cpu2026/results/res2026q3/cpu2026-20260707-00355.html"">HTML</A> <A HREF=""/cpu2026/results/res2026q3/cpu2026-20260707-00355.csv"">CSV</A> <A HREF=""/cpu2026/results/res2026q3/cpu2026-20260707-00355.pdf"">PDF</A> <A HREF=""/cpu2026/results/res2026q3/cpu2026-20260707-00355.ps"">PS</A> <A HREF=""/cpu2026/results/res2026q3/cpu2026-20260707-00355.txt"">Text</A> <A HREF=""/cpu2026/results/res2026q3/cpu2026-20260707-00355.cfg"">Config</A>"
CFP2026rate,"Fsas Technologies Inc.","PRIMERGY RX4770 M8, Intel Xeon 6728P, 2.70GHz",0,672,0,0,96,4,2,"Intel Xeon 6728P",2700,"2,4 chips",64-bit,"Not Applicable","64 KB I + 48 KB D on chip per core","2 MB I+D on chip per core","144 MB I+D on chip per chip",None,"2 TB (32 x 64 GB 2Rx4 PC5-6400B-R)",,"SUSE Linux Enterprise Server 15 SP7, 6.4.0-150700.51-default",xfs,"C/C++: Version 2026.0 of Intel oneAPI DPC++/C++, Compiler for Linux;, Fortran: Version 2026.0 of Intel Fortran, Compiler for Linux",Vendor,Dec-2025,Apr-2026,19,"Fsas Technologies Inc.",Fujitsu,Jun-2026,Jul-2026,Aug-2026,"<A HREF=""/cpu2026/results/res2026q3/cpu2026-20260707-00357.html"">HTML</A> <A HREF=""/cpu2026/results/res2026q3/cpu2026-20260707-00357.csv"">CSV</A> <A HREF=""/cpu2026/results/res2026q3/cpu2026-20260707-00357.pdf"">PDF</A> <A HREF=""/cpu2026/results/res2026q3/cpu2026-20260707-00357.ps"">PS</A> <A HREF=""/cpu2026/results/res2026q3/cpu2026-20260707-00357.txt"">Text</A> <A HREF=""/cpu2026/results/res2026q3/cpu2026-20260707-00357.cfg"">Config</A>"
CFP2026rate,"Fsas Technologies Inc.","PRIMERGY RX4770 M8, Intel Xeon 6738P, 2.90GHz",0,800,0,0,128,4,2,"Intel Xeon 6738P",2900,"2,4 chips",64-bit,"Not Applicable","64 KB I + 48 KB D on chip per core","2 MB I+D on chip per core","144 MB I+D on chip per chip",None,"2 TB (32 x 64 GB 2Rx4 PC5-6400B-R)",,"SUSE Linux Enterprise Server 15 SP7, 6.4.0-150700.51-default",xfs,"C/C++: Version 2026.0 of Intel oneAPI DPC++/C++, Compiler for Linux;, Fortran: Version 2026.0 of Intel Fortran, Compiler for Linux",Vendor,Dec-2025,Apr-2026,19,"Fsas Technologies Inc.",Fujitsu,Jun-2026,Jul-2026,Aug-2026,"<A HREF=""/cpu2026/results/res2026q3/cpu2026-20260707-00358.html"">HTML</A> <A HREF=""/cpu2026/results/res2026q3/cpu2026-20260707-00358.csv"">CSV</A> <A HREF=""/cpu2026/results/res2026q3/cpu2026-20260707-00358.pdf"">PDF</A> <A HREF=""/cpu2026/results/res2026q3/cpu2026-20260707-00358.ps"">PS</A> <A HREF=""/cpu2026/results/res2026q3/cpu2026-20260707-00358.txt"">Text</A> <A HREF=""/cpu2026/results/res2026q3/cpu2026-20260707-00358.cfg"">Config</A>"
CFP2026rate,"Fsas Technologies Inc.","PRIMERGY RX4770 M8, Intel Xeon 6748P, 2.50GHz",0,989,0,0,192,4,2,"Intel Xeon 6748P",2500,"2,4 chips",64-bit,"Not Applicable","64 KB I + 48 KB D on chip per core","2 MB I+D on chip per core","192 MB I+D on chip per chip",None,"2 TB (32 x 64 GB 2Rx4 PC5-6400B-R)",,"SUSE Linux Enterprise Server 15 SP7, 6.4.0-150700.51-default",xfs,"C/C++: Version 2026.0 of Intel oneAPI DPC++/C++, Compiler for Linux;, Fortran: Version 2026.0 of Intel Fortran, Compiler for Linux",Vendor,Dec-2025,Apr-2026,19,"Fsas Technologies Inc.",Fujitsu,Jul-2026,Jul-2026,Aug-2026,"<A HREF=""/cpu2026/results/res2026q3/cpu2026-20260707-00360.html"">HTML</A> <A HREF=""/cpu2026/results/res2026q3/cpu2026-20260707-00360.csv"">CSV</A> <A HREF=""/cpu2026/results/res2026q3/cpu2026-20260707-00360.pdf"">PDF</A> <A HREF=""/cpu2026/results/res2026q3/cpu2026-20260707-00360.ps"">PS</A> <A HREF=""/cpu2026/results/res2026q3/cpu2026-20260707-00360.txt"">Text</A> <A HREF=""/cpu2026/results/res2026q3/cpu2026-20260707-00360.cfg"">Config</A>"
CFP2026rate,"Fsas Technologies Inc.","PRIMERGY RX4770 M8, Intel Xeon 6768P, 2.40GHz",0,1170,0,0,256,4,2,"Intel Xeon 6768P",2400,"2,4 chips",64-bit,"Not Applicable","64 KB I + 48 KB D on chip per core","2 MB I+D on chip per core","336 MB I+D on chip per chip",None,"2 TB (32 x 64 GB 2Rx4 PC5-6400B-R)",,"SUSE Linux Enterprise Server 15 SP7, 6.4.0-150700.51-default",xfs,"C/C++: Version 2026.0 of Intel oneAPI DPC++/C++, Compiler for Linux;, Fortran: Version 2026.0 of Intel Fortran, Compiler for Linux",Vendor,Dec-2025,Apr-2026,19,"Fsas Technologies Inc.",Fujitsu,Jun-2026,Jul-2026,Aug-2026,"<A HREF=""/cpu2026/results/res2026q3/cpu2026-20260707-00362.html"">HTML</A> <A HREF=""/cpu2026/results/res2026q3/cpu2026-20260707-00362.csv"">CSV</A> <A HREF=""/cpu2026/results/res2026q3/cpu2026-20260707-00362.pdf"">PDF</A> <A HREF=""/cpu2026/results/res2026q3/cpu2026-20260707-00362.ps"">PS</A> <A HREF=""/cpu2026/results/res2026q3/cpu2026-20260707-00362.txt"">Text</A> <A HREF=""/cpu2026/results/res2026q3/cpu2026-20260707-00362.cfg"">Config</A>"
CFP2026rate,"Fsas Technologies Inc.","PRIMERGY RX4770 M8, Intel Xeon 6788P, 2.00GHz",0,1240,0,0,344,4,1,"Intel Xeon 6788P",2000,"2,4 chips",64-bit,"Not Applicable","64 KB I + 48 KB D on chip per core","2 MB I+D on chip per core","336 MB I+D on chip per chip",None,"2 TB (32 x 64 GB 2Rx4 PC5-6400B-R)",,"SUSE Linux Enterprise Server 15 SP7, 6.4.0-150700.51-default",xfs,"C/C++: Version 2026.0 of Intel oneAPI DPC++/C++, Compiler for Linux;, Fortran: Version 2026.0 of Intel Fortran, Compiler for Linux",Vendor,Dec-2025,Apr-2026,19,"Fsas Technologies Inc.",Fujitsu,Jun-2026,Jun-2026,Aug-2026,"<A HREF=""/cpu2026/results/res2026q2/cpu2026-20260615-00311.html"">HTML</A> <A HREF=""/cpu2026/results/res2026q2/cpu2026-20260615-00311.csv"">CSV</A> <A HREF=""/cpu2026/results/res2026q2/cpu2026-20260615-00311.pdf"">PDF</A> <A HREF=""/cpu2026/results/res2026q2/cpu2026-20260615-00311.ps"">PS</A> <A HREF=""/cpu2026/results/res2026q2/cpu2026-20260615-00311.txt"">Text</A> <A HREF=""/cpu2026/results/res2026q2/cpu2026-20260615-00311.cfg"">Config</A>"
CFP2026rate,"GIGA-BYTE TECHNOLOGY CO., LTD.","R2A3-T40-AAV1 (3.20 GHz AmpereOneM A192-32M)",314,310,44.7,43.9,192,1,1,"AmpereOneM A192-32M",3200,"1 chip",64-bit,64-bit,"16 KB I + 64 KB D on chip per core","2 MB I+D on chip per core","64 MB I+D on chip per chip",None,"768 GB (12 x 64 GB 2Rx4 PC5-5600B-R)",,"Fedora Linux 43 (Server Edition), 6.17.5-200.64K_PS.fc42.aarch64",xfs,"C/C++/Fortran: Version 15.2.0 of GCC",Community,Nov-2025,Oct-2025,6412,"Ampere Computing, Inc.","Ampere Computing, Inc.",Feb-2026,May-2026,Aug-2026,"<A HREF=""/cpu2026/results/res2026q2/cpu2026-20260210-00009.html"">HTML</A> <A HREF=""/cpu2026/results/res2026q2/cpu2026-20260210-00009.csv"">CSV</A> <A HREF=""/cpu2026/results/res2026q2/cpu2026-20260210-00009.pdf"">PDF</A> <A HREF=""/cpu2026/results/res2026q2/cpu2026-20260210-00009.ps"">PS</A> <A HREF=""/cpu2026/results/res2026q2/cpu2026-20260210-00009.txt"">Text</A> <A HREF=""/cpu2026/results/res2026q2/cpu2026-20260210-00009.cfg"">Config</A>"
CFP2026rate,"Hewlett Packard Enterprise","ProLiant Compute DL320 Gen12 (2.00 GHz, Intel Xeon 6787P)",315,315,0,0,86,1,2,"Intel Xeon 6787P",2000,"1 Chip",64-bit,64-bit,"64 KB I + 48 KB D on chip per core","2 MB I+D on chip per core","336 MB I+D on chip per chip",None,"512 GB (8 x 64 GB 2Rx4 PC5-6400B-R)",,"Ubuntu 24.04.3 LTS, Kernel 6.8.0-90-generic",ext4,"C/C++: Version 2025.3 of Intel oneAPI DPC++/C++, Compiler for Linux;, Fortran: Version 2025.3 of Intel Fortran, Compiler for Linux",Vendor,Mar-2025,Jan-2026,3,HPE,HPE,Feb-2026,May-2026,Aug-2026,"<A HREF=""/cpu2026/results/res2026q2/cpu2026-20260210-00097.html"">HTML</A> <A HREF=""/cpu2026/results/res2026q2/cpu2026-20260210-00097.csv"">CSV</A> <A HREF=""/cpu2026/results/res2026q2/cpu2026-20260210-00097.pdf"">PDF</A> <A HREF=""/cpu2026/results/res2026q2/cpu2026-20260210-00097.ps"">PS</A> <A HREF=""/cpu2026/results/res2026q2/cpu2026-20260210-00097.txt"">Text</A> <A HREF=""/cpu2026/results/res2026q2/cpu2026-20260210-00097.cfg"">Config</A>"
CFP2026rate,"Hewlett Packard Enterprise","ProLiant Compute DL325 Gen12 (2.25 GHz, AMD EPYC 9965)",448,448,0,0,192,1,2,"AMD EPYC 9965",2250,"1 Chip",64-bit,64-bit,"32 KB I + 48 KB D on chip per core","1 MB I+D on chip per core","384 MB I+D on chip per chip, 32 MB shared / 16 cores",None,"1536 GB (12 x 128 GB 2Rx4 PC5-6400B-R, running at 5200)",,"Ubuntu 24.04.3 LTS, Kernel 6.8.0-90-generic",ext4,"C/C++/Fortran: Version 5.1.0 of AOCC",Vendor,Jul-2025,Jan-2026,3,HPE,HPE,Jan-2026,May-2026,Aug-2026,"<A HREF=""/cpu2026/results/res2026q2/cpu2026-20260210-00101.html"">HTML</A> <A HREF=""/cpu2026/results/res2026q2/cpu2026-20260210-00101.csv"">CSV</A> <A HREF=""/cpu2026/results/res2026q2/cpu2026-20260210-00101.pdf"">PDF</A> <A HREF=""/cpu2026/results/res2026q2/cpu2026-20260210-00101.ps"">PS</A> <A HREF=""/cpu2026/results/res2026q2/cpu2026-20260210-00101.txt"">Text</A> <A HREF=""/cpu2026/results/res2026q2/cpu2026-20260210-00101.cfg"">Config</A>"
CFP2026rate,"Hewlett Packard Enterprise","ProLiant Compute DL325 Gen12 (2.70 GHz, AMD EPYC 9755)",416,416,0,0,128,1,2,"AMD EPYC 9755",2700,"1 Chip",64-bit,64-bit,"32 KB I + 48 KB D on chip per core","1 MB I+D on chip per core","512 MB I+D on chip per chip, 32 MB shared / 8 cores",None,"1536 GB (12 x 128 GB 2Rx4 PC5-6400B-R, running at 5200)",,"Ubuntu 24.04.3 LTS, Kernel 6.8.0-90-generic",ext4,"C/C++/Fortran: Version 5.1.0 of AOCC",Vendor,Jul-2025,Jan-2026,3,HPE,HPE,Jan-2026,May-2026,Aug-2026,"<A HREF=""/cpu2026/results/res2026q2/cpu2026-20260210-00105.html"">HTML</A> <A HREF=""/cpu2026/results/res2026q2/cpu2026-20260210-00105.csv"">CSV</A> <A HREF=""/cpu2026/results/res2026q2/cpu2026-20260210-00105.pdf"">PDF</A> <A HREF=""/cpu2026/results/res2026q2/cpu2026-20260210-00105.ps"">PS</A> <A HREF=""/cpu2026/results/res2026q2/cpu2026-20260210-00105.txt"">Text</A> <A HREF=""/cpu2026/results/res2026q2/cpu2026-20260210-00105.cfg"">Config</A>"
CFP2026rate,"Hewlett Packard Enterprise","ProLiant Compute DL380 Gen12 (2.00 GHz, Intel Xeon 6787P)",637,637,0,0,172,2,2,"Intel Xeon 6787P",2000,"1,2 Chips",64-bit,64-bit,"64 KB I + 48 KB D on chip per core","2 MB I+D on chip per core","336 MB I+D on chip per chip",None,"1 TB (16 x 64 GB 2Rx4 PC5-6400B-R)",,"Ubuntu 24.04.3 LTS, Kernel 6.8.0-90-generic",ext4,"C/C++: Version 2025.3 of Intel oneAPI DPC++/C++, Compiler for Linux;, Fortran: Version 2025.3 of Intel Fortran, Compiler for Linux",Vendor,Mar-2025,Jan-2026,3,HPE,HPE,Feb-2026,May-2026,Aug-2026,"<A HREF=""/cpu2026/results/res2026q2/cpu2026-20260210-00110.html"">HTML</A> <A HREF=""/cpu2026/results/res2026q2/cpu2026-20260210-00110.csv"">CSV</A> <A HREF=""/cpu2026/results/res2026q2/cpu2026-20260210-00110.pdf"">PDF</A> <A HREF=""/cpu2026/results/res2026q2/cpu2026-20260210-00110.ps"">PS</A> <A HREF=""/cpu2026/results/res2026q2/cpu2026-20260210-00110.txt"">Text</A> <A HREF=""/cpu2026/results/res2026q2/cpu2026-20260210-00110.cfg"">Config</A>"
CFP2026rate,"Hewlett Packard Enterprise","ProLiant Compute DL580 Gen12 (2.00 Ghz, Intel Xeon 6788P)",1180,1180,0,0,344,4,2,"Intel Xeon 6788P",2000,"1,2,4 Chips",64-bit,64-bit,"64 KB I + 48 KB D on chip per core","2 MB I+D on chip per core","336 MB I+D on chip per chip",None,"2 TB (32 x 64 GB 2Rx4 PC5-6400B-R)",,"Ubuntu 24.04.3 LTS, Kernel 6.8.0-90-generic",ext4,"C/C++: Version 2025.3 of Intel oneAPI DPC++/C++, Compiler for Linux;, Fortran: Version 2025.3 of Intel Fortran, Compiler for Linux",Vendor,Jul-2025,Jan-2026,3,HPE,HPE,Feb-2026,May-2026,Aug-2026,"<A HREF=""/cpu2026/results/res2026q2/cpu2026-20260210-00113.html"">HTML</A> <A HREF=""/cpu2026/results/res2026q2/cpu2026-20260210-00113.csv"">CSV</A> <A HREF=""/cpu2026/results/res2026q2/cpu2026-20260210-00113.pdf"">PDF</A> <A HREF=""/cpu2026/results/res2026q2/cpu2026-20260210-00113.ps"">PS</A> <A HREF=""/cpu2026/results/res2026q2/cpu2026-20260210-00113.txt"">Text</A> <A HREF=""/cpu2026/results/res2026q2/cpu2026-20260210-00113.cfg"">Config</A>"
CFP2026rate,"Hewlett Packard Enterprise","ProLiant Compute DL580 Gen12 (2.00 Ghz, Intel Xeon 6788P)",1150,1150,38.6,38.6,344,4,2,"Intel Xeon 6788P",2000,"1,2,4 Chips",64-bit,64-bit,"64 KB I + 48 KB D on chip per core","2 MB I+D on chip per core","336 MB I+D on chip per chip",None,"2 TB (32 x 64 GB 2Rx4 PC5-6400B-R)",,"Ubuntu 24.04.3 LTS, Kernel 6.8.0-94-generic",ext4,"C/C++: Version 2025.3 of Intel oneAPI DPC++/C++, Compiler for Linux;, Fortran: Version 2025.3 of Intel Fortran, Compiler for Linux",Vendor,Jul-2025,Jan-2026,3,HPE,HPE,Feb-2026,May-2026,Aug-2026,"<A HREF=""/cpu2026/results/res2026q2/cpu2026-20260210-00115.html"">HTML</A> <A HREF=""/cpu2026/results/res2026q2/cpu2026-20260210-00115.csv"">CSV</A> <A HREF=""/cpu2026/results/res2026q2/cpu2026-20260210-00115.pdf"">PDF</A> <A HREF=""/cpu2026/results/res2026q2/cpu2026-20260210-00115.ps"">PS</A> <A HREF=""/cpu2026/results/res2026q2/cpu2026-20260210-00115.txt"">Text</A> <A HREF=""/cpu2026/results/res2026q2/cpu2026-20260210-00115.cfg"">Config</A>"
CFP2026rate,"Hewlett Packard Enterprise","ProLiant DL145 Gen11 (2.30 GHz, AMD EPYC 8534P)",173,173,0,0,64,1,2,"AMD EPYC 8534P",2300,"1 chip",64-bit,64-bit,"32 KB I + 32 KB D on chip per core","1 MB I+D on chip per core","128 MB I+D on chip per chip, 16 MB shared / 8 cores",None,"768 GB (6 x 128 GB 4Rx4 PC5-4800B-R)",,"Ubuntu 24.04.3 LTS, Kernel 6.8.0-90-generic",ext4,"C/C++/Fortran: Version 5.1.0 of AOCC",Vendor,Oct-2024,Jan-2026,3,HPE,HPE,Feb-2026,May-2026,Aug-2026,"<A HREF=""/cpu2026/results/res2026q2/cpu2026-20260210-00119.html"">HTML</A> <A HREF=""/cpu2026/results/res2026q2/cpu2026-20260210-00119.csv"">CSV</A> <A HREF=""/cpu2026/results/res2026q2/cpu2026-20260210-00119.pdf"">PDF</A> <A HREF=""/cpu2026/results/res2026q2/cpu2026-20260210-00119.ps"">PS</A> <A HREF=""/cpu2026/results/res2026q2/cpu2026-20260210-00119.txt"">Text</A> <A HREF=""/cpu2026/results/res2026q2/cpu2026-20260210-00119.cfg"">Config</A>"
CFP2026rate,"Hewlett Packard Enterprise","ProLiant DL20 Gen11 (3.10 GHz, Intel Xeon 6377P)",58.7,57.7,0,0,12,1,2,"Intel Xeon 6377P",3100,"1 Chip",64-bit,64-bit,"32 KB I + 48 KB D on chip per core","2 MB I+D on chip per core","36 MB I+D on chip per chip",None,"64 GB (2 x 32 GB 2Rx8 PC5-5600B-E, running at 4400)",,"SUSE Linux Enterprise Server 15 SP7, Kernel 6.4.0-150700.53.6-default",btrfs,"C/C++: Version 2026.0 of Intel oneAPI DPC++/C++, Compiler for Linux;, Fortran: Version 2026.0 of Intel Fortran, Compiler for Linux",Vendor,Sep-2026,Apr-2026,3,HPE,HPE,Jul-2026,Sep-2026,Sep-2026,"<A HREF=""/cpu2026/results/res2026q3/cpu2026-20260820-00464.html"">HTML</A> <A HREF=""/cpu2026/results/res2026q3/cpu2026-20260820-00464.csv"">CSV</A> <A HREF=""/cpu2026/results/res2026q3/cpu2026-20260820-00464.pdf"">PDF</A> <A HREF=""/cpu2026/results/res2026q3/cpu2026-20260820-00464.ps"">PS</A> <A HREF=""/cpu2026/results/res2026q3/cpu2026-20260820-00464.txt"">Text</A> <A HREF=""/cpu2026/results/res2026q3/cpu2026-20260820-00464.cfg"">Config</A>"
CFP2026rate,"Hewlett Packard Enterprise","ProLiant DL325 Gen11 (2.10 GHz, AMD EPYC 9845)",456,456,0,0,160,1,1,"AMD EPYC 9845",2100,"1 Chip",64-bit,64-bit,"32 KB I + 48 KB D on chip per core","1 MB I+D on chip per core","320 MB I+D on chip per chip, 32 MB shared / 16 cores",None,"768 GB (12 x 64 GB 2Rx4 PC5-6400B-R)",,"Ubuntu 24.04.3 LTS, Kernel 6.8.0-90-generic",ext4,"C/C++/Fortran: Version 5.1.0 of AOCC",Vendor,Mar-2025,Jan-2026,3,HPE,HPE,Jan-2026,May-2026,Aug-2026,"<A HREF=""/cpu2026/results/res2026q2/cpu2026-20260210-00121.html"">HTML</A> <A HREF=""/cpu2026/results/res2026q2/cpu2026-20260210-00121.csv"">CSV</A> <A HREF=""/cpu2026/results/res2026q2/cpu2026-20260210-00121.pdf"">PDF</A> <A HREF=""/cpu2026/results/res2026q2/cpu2026-20260210-00121.ps"">PS</A> <A HREF=""/cpu2026/results/res2026q2/cpu2026-20260210-00121.txt"">Text</A> <A HREF=""/cpu2026/results/res2026q2/cpu2026-20260210-00121.cfg"">Config</A>"
CFP2026rate,"Hewlett Packard Enterprise","ProLiant DL325 Gen11 (2.25 GHz, AMD EPYC 9754)",341,341,0,0,128,1,1,"AMD EPYC 9754",2250,"1 Chip",64-bit,64-bit,"32 KB I + 32 KB D on chip per core","1 MB I+D on chip per core","256 MB I+D on chip per chip, 16 MB shared / 8 cores",None,"768 GB (12 x 64 GB 2Rx4 PC5-4800B-R)",,"Ubuntu 24.04.3 LTS, Kernel 6.8.0-90-generic",ext4,"C/C++/Fortran: Version 5.1.0 of AOCC",Vendor,Aug-2023,Jan-2026,3,HPE,HPE,Feb-2026,May-2026,Aug-2026,"<A HREF=""/cpu2026/results/res2026q2/cpu2026-20260210-00125.html"">HTML</A> <A HREF=""/cpu2026/results/res2026q2/cpu2026-20260210-00125.csv"">CSV</A> <A HREF=""/cpu2026/results/res2026q2/cpu2026-20260210-00125.pdf"">PDF</A> <A HREF=""/cpu2026/results/res2026q2/cpu2026-20260210-00125.ps"">PS</A> <A HREF=""/cpu2026/results/res2026q2/cpu2026-20260210-00125.txt"">Text</A> <A HREF=""/cpu2026/results/res2026q2/cpu2026-20260210-00125.cfg"">Config</A>"
CFP2026rate,"Hewlett Packard Enterprise","ProLiant DL325 Gen11 (2.40 GHz, AMD EPYC 9654P)",323,323,0,0,96,1,1,"AMD EPYC 9654P",2400,"1 Chip",64-bit,64-bit,"32 KB I + 32 KB D on chip per core","1 MB I+D on chip per core","384 MB I+D on chip per chip, 32 MB shared / 8 cores",None,"768 GB (12 x 64 GB 2Rx4 PC5-4800B-R)",,"Ubuntu 24.04.3 LTS, Kernel 6.8.0-90-generic",ext4,"C/C++/Fortran: Version 5.1.0 of AOCC",Vendor,Aug-2023,Jan-2026,3,HPE,HPE,Jan-2026,May-2026,Aug-2026,"<A HREF=""/cpu2026/results/res2026q2/cpu2026-20260210-00129.html"">HTML</A> <A HREF=""/cpu2026/results/res2026q2/cpu2026-20260210-00129.csv"">CSV</A> <A HREF=""/cpu2026/results/res2026q2/cpu2026-20260210-00129.pdf"">PDF</A> <A HREF=""/cpu2026/results/res2026q2/cpu2026-20260210-00129.ps"">PS</A> <A HREF=""/cpu2026/results/res2026q2/cpu2026-20260210-00129.txt"">Text</A> <A HREF=""/cpu2026/results/res2026q2/cpu2026-20260210-00129.cfg"">Config</A>"
CFP2026rate,"Hewlett Packard Enterprise","ProLiant DL385 Gen11 (2.10 GHz, AMD EPYC 9845)",918,896,0,0,320,2,1,"AMD EPYC 9845",2100,"1,2 chips",64-bit,64-bit,"32 KB I + 48 KB D on chip per core","1 MB I+D on chip per core","320 MB I+D on chip per chip, 32 MB shared / 16 cores",None,"1536 GB (24 x 64 GB 2Rx4 PC5-6400B-R)",,"SUSE Linux Enterprise Server 15 SP7, Kernel 6.4.0-150700.53.6-default",btrfs,"C/C++/Fortran: Version 5.1.0 of AOCC",Vendor,Mar-2025,Jan-2026,3,HPE,HPE,Aug-2026,Sep-2026,Sep-2026,"<A HREF=""/cpu2026/results/res2026q3/cpu2026-20260820-00476.html"">HTML</A> <A HREF=""/cpu2026/results/res2026q3/cpu2026-20260820-00476.csv"">CSV</A> <A HREF=""/cpu2026/results/res2026q3/cpu2026-20260820-00476.pdf"">PDF</A> <A HREF=""/cpu2026/results/res2026q3/cpu2026-20260820-00476.ps"">PS</A> <A HREF=""/cpu2026/results/res2026q3/cpu2026-20260820-00476.txt"">Text</A> <A HREF=""/cpu2026/results/res2026q3/cpu2026-20260820-00476.cfg"">Config</A>"
CFP2026rate,"Hewlett Packard Enterprise","ProLiant DL385 Gen11 (2.10 GHz, AMD EPYC 9845)",882,882,0,0,320,2,1,"AMD EPYC 9845",2100,"1,2 chips",64-bit,64-bit,"32 KB I + 48 KB D on chip per core","1 MB I+D on chip per core","320 MB I+D on chip per chip, 32 MB shared / 16 cores",None,"1536 GB (24 x 64 GB 2Rx4 PC5-6400B-R)",,"Ubuntu 24.04.3 LTS, Kernel 6.8.0-90-generic",ext4,"C/C++/Fortran: Version 5.1.0 of AOCC",Vendor,Mar-2025,Jan-2026,3,HPE,HPE,Jan-2026,May-2026,Aug-2026,"<A HREF=""/cpu2026/results/res2026q2/cpu2026-20260210-00131.html"">HTML</A> <A HREF=""/cpu2026/results/res2026q2/cpu2026-20260210-00131.csv"">CSV</A> <A HREF=""/cpu2026/results/res2026q2/cpu2026-20260210-00131.pdf"">PDF</A> <A HREF=""/cpu2026/results/res2026q2/cpu2026-20260210-00131.ps"">PS</A> <A HREF=""/cpu2026/results/res2026q2/cpu2026-20260210-00131.txt"">Text</A> <A HREF=""/cpu2026/results/res2026q2/cpu2026-20260210-00131.cfg"">Config</A>"
CFP2026rate,"Hewlett Packard Enterprise","ProLiant DL385 Gen11 (2.25 GHz, AMD EPYC 9754)",666,666,0,0,256,2,1,"AMD EPYC 9754",2250,"1,2 chips",64-bit,64-bit,"32 KB I + 32 KB D on chip per core","1 MB I+D on chip per core","256 MB I+D on chip per chip, 16 MB shared / 8 cores",None,"1536 GB (24 x 64 GB 2Rx4 PC5-4800B-R)",,"Ubuntu 24.04.3 LTS, Kernel 6.8.0-90-generic",ext4,"C/C++/Fortran: Version 5.1.0 of AOCC",Vendor,Jun-2023,Jan-2026,3,HPE,HPE,Feb-2026,May-2026,Aug-2026,"<A HREF=""/cpu2026/results/res2026q2/cpu2026-20260210-00135.html"">HTML</A> <A HREF=""/cpu2026/results/res2026q2/cpu2026-20260210-00135.csv"">CSV</A> <A HREF=""/cpu2026/results/res2026q2/cpu2026-20260210-00135.pdf"">PDF</A> <A HREF=""/cpu2026/results/res2026q2/cpu2026-20260210-00135.ps"">PS</A> <A HREF=""/cpu2026/results/res2026q2/cpu2026-20260210-00135.txt"">Text</A> <A HREF=""/cpu2026/results/res2026q2/cpu2026-20260210-00135.cfg"">Config</A>"
CFP2026rate,"Hewlett Packard Enterprise","ProLiant DL385 Gen11 (2.40 GHz, AMD EPYC 9654)",648,648,0,0,192,2,1,"AMD EPYC 9654",2400,"1,2 chips",64-bit,64-bit,"32 KB I + 32 KB D on chip per core","1 MB I+D on chip per core","384 MB I+D on chip per chip, 32 MB shared / 8 cores",None,"768 GB (24 x 32 GB 2Rx8 PC5-4800B-R)",,"Ubuntu 24.04.3 LTS, Kernel 6.8.0-90-generic",ext4,"C/C++/Fortran: Version 5.1.0 of AOCC",Vendor,Dec-2022,Jan-2026,3,HPE,HPE,Jan-2026,May-2026,Aug-2026,"<A HREF=""/cpu2026/results/res2026q2/cpu2026-20260210-00139.html"">HTML</A> <A HREF=""/cpu2026/results/res2026q2/cpu2026-20260210-00139.csv"">CSV</A> <A HREF=""/cpu2026/results/res2026q2/cpu2026-20260210-00139.pdf"">PDF</A> <A HREF=""/cpu2026/results/res2026q2/cpu2026-20260210-00139.ps"">PS</A> <A HREF=""/cpu2026/results/res2026q2/cpu2026-20260210-00139.txt"">Text</A> <A HREF=""/cpu2026/results/res2026q2/cpu2026-20260210-00139.cfg"">Config</A>"
CFP2026rate,"Hewlett Packard Enterprise","ProLiant ML30 Gen11 (3.10 GHz, Intel Xeon 6377P)",59.1,58.1,0,0,12,1,2,"Intel Xeon 6377P",3100,"1 Chip",64-bit,64-bit,"32 KB I + 48 KB D on chip per core","2 MB I+D on chip per core","36 MB I+D on chip per chip",None,"64 GB (2 x 32 GB 2Rx8 PC5-5600B-E, running at 4400)",,"SUSE Linux Enterprise Server 15 SP7, Kernel 6.4.0-150700.53.6-default",btrfs,"C/C++: Version 2026.0 of Intel oneAPI DPC++/C++, Compiler for Linux;, Fortran: Version 2026.0 of Intel Fortran, Compiler for Linux",Vendor,Sep-2026,Apr-2026,3,HPE,HPE,Jul-2026,Sep-2026,Sep-2026,"<A HREF=""/cpu2026/results/res2026q3/cpu2026-20260820-00471.html"">HTML</A> <A HREF=""/cpu2026/results/res2026q3/cpu2026-20260820-00471.csv"">CSV</A> <A HREF=""/cpu2026/results/res2026q3/cpu2026-20260820-00471.pdf"">PDF</A> <A HREF=""/cpu2026/results/res2026q3/cpu2026-20260820-00471.ps"">PS</A> <A HREF=""/cpu2026/results/res2026q3/cpu2026-20260820-00471.txt"">Text</A> <A HREF=""/cpu2026/results/res2026q3/cpu2026-20260820-00471.cfg"">Config</A>"
CFP2026rate,"Hewlett Packard Enterprise","ProLiant MicroServer Gen11 (3.10 GHz, Intel Xeon 6377P)",58.3,57.2,0,0,12,1,2,"Intel Xeon 6377P",3100,"1 Chip",64-bit,64-bit,"32 KB I + 48 KB D on chip per core","2 MB I+D on chip per core","36 MB I+D on chip per chip",None,"64 GB (2 x 32 GB 2Rx8 PC5-5600B-E, running at 4400)",,"SUSE Linux Enterprise Server 15 SP7, Kernel 6.4.0-150700.53.6-default",btrfs,"C/C++: Version 2026.0 of Intel oneAPI DPC++/C++, Compiler for Linux;, Fortran: Version 2026.0 of Intel Fortran, Compiler for Linux",Vendor,Sep-2026,Apr-2026,3,HPE,HPE,Jul-2026,Sep-2026,Sep-2026,"<A HREF=""/cpu2026/results/res2026q3/cpu2026-20260820-00468.html"">HTML</A> <A HREF=""/cpu2026/results/res2026q3/cpu2026-20260820-00468.csv"">CSV</A> <A HREF=""/cpu2026/results/res2026q3/cpu2026-20260820-00468.pdf"">PDF</A> <A HREF=""/cpu2026/results/res2026q3/cpu2026-20260820-00468.ps"">PS</A> <A HREF=""/cpu2026/results/res2026q3/cpu2026-20260820-00468.txt"">Text</A> <A HREF=""/cpu2026/results/res2026q3/cpu2026-20260820-00468.cfg"">Config</A>"
CFP2026rate,"IEIT Systems Co., Ltd.","meta brain NF5180G8 (Intel Xeon 6780E)",517,502,0,0,288,2,1,"Intel Xeon 6780E",2200,"1,2 chips",64-bit,64-bit,"64 KB I + 32 KB D on chip per core","144 MB I+D on chip per chip, 4 MB shared / 4 cores","108 MB I+D on chip per chip",None,"1 TB (16 x 64 GB 2Rx4 PC5-6400B-R)",,"SUSE Linux Enterprise Server 15 SP7, 6.4.0-150700.51-default",xfs,"C/C++: Version 2026.0 of Intel oneAPI DPC++/C++, Compiler for Linux;, Fortran: Version 2026.0 of Intel Fortran, Compiler for Linux",Vendor,Apr-2025,Mar-2026,3358,"IEIT Systems Co., Ltd.","IEIT Systems Co., Ltd.",Jun-2026,Jul-2026,Aug-2026,"<A HREF=""/cpu2026/results/res2026q3/cpu2026-20260713-00366.html"">HTML</A> <A HREF=""/cpu2026/results/res2026q3/cpu2026-20260713-00366.csv"">CSV</A> <A HREF=""/cpu2026/results/res2026q3/cpu2026-20260713-00366.pdf"">PDF</A> <A HREF=""/cpu2026/results/res2026q3/cpu2026-20260713-00366.ps"">PS</A> <A HREF=""/cpu2026/results/res2026q3/cpu2026-20260713-00366.txt"">Text</A> <A HREF=""/cpu2026/results/res2026q3/cpu2026-20260713-00366.cfg"">Config</A>"
CFP2026rate,"IEIT Systems Co., Ltd.","meta brain NF5180G8 (Intel Xeon 6787P)",761,745,0,0,172,2,2,"Intel Xeon 6787P",2000,"1,2 chips",64-bit,64-bit,"64 KB I + 48 KB D on chip per core","2 MB I+D on chip per core","336 MB I+D on chip per chip",None,"1 TB (16 x 64 GB 2Rx4 PC5-88/64B-H, running at 8000)",,"SUSE Linux Enterprise Server 15 SP7, 6.4.0-150700.51-default",xfs,"C/C++: Version 2026.0 of Intel oneAPI DPC++/C++, Compiler for Linux;, Fortran: Version 2026.0 of Intel Fortran, Compiler for Linux",Vendor,Apr-2025,May-2026,3358,"IEIT Systems Co., Ltd.","IEIT Systems Co., Ltd.",Jun-2026,Jul-2026,Aug-2026,"<A HREF=""/cpu2026/results/res2026q3/cpu2026-20260713-00368.html"">HTML</A> <A HREF=""/cpu2026/results/res2026q3/cpu2026-20260713-00368.csv"">CSV</A> <A HREF=""/cpu2026/results/res2026q3/cpu2026-20260713-00368.pdf"">PDF</A> <A HREF=""/cpu2026/results/res2026q3/cpu2026-20260713-00368.ps"">PS</A> <A HREF=""/cpu2026/results/res2026q3/cpu2026-20260713-00368.txt"">Text</A> <A HREF=""/cpu2026/results/res2026q3/cpu2026-20260713-00368.cfg"">Config</A>"
CFP2026rate,"IEIT Systems Co., Ltd.","meta brain NF5280G8 (Intel Xeon 6780E)",517,502,0,0,288,2,1,"Intel Xeon 6780E",2200,"1,2 chips",64-bit,64-bit,"64 KB I + 32 KB D on chip per core","144 MB I+D on chip per chip, 4 MB shared / 4 cores","108 MB I+D on chip per chip",None,"1 TB (16 x 64 GB 2Rx4 PC5-6400B-R)",,"SUSE Linux Enterprise Server 15 SP7, 6.4.0-150700.51-default",xfs,"C/C++: Version 2026.0 of Intel oneAPI DPC++/C++, Compiler for Linux;, Fortran: Version 2026.0 of Intel Fortran, Compiler for Linux",Vendor,Apr-2025,Mar-2026,3358,"IEIT Systems Co., Ltd.","IEIT Systems Co., Ltd.",Jun-2026,Jun-2026,Aug-2026,"<A HREF=""/cpu2026/results/res2026q2/cpu2026-20260614-00307.html"">HTML</A> <A HREF=""/cpu2026/results/res2026q2/cpu2026-20260614-00307.csv"">CSV</A> <A HREF=""/cpu2026/results/res2026q2/cpu2026-20260614-00307.pdf"">PDF</A> <A HREF=""/cpu2026/results/res2026q2/cpu2026-20260614-00307.ps"">PS</A> <A HREF=""/cpu2026/results/res2026q2/cpu2026-20260614-00307.txt"">Text</A> <A HREF=""/cpu2026/results/res2026q2/cpu2026-20260614-00307.cfg"">Config</A>"
CFP2026rate,"IEIT Systems Co., Ltd.","meta brain NF5280G8 (Intel Xeon 6787P)",761,746,0,0,172,2,2,"Intel Xeon 6787P",2000,"1,2 chips",64-bit,64-bit,"64 KB I + 48 KB D on chip per core","2 MB I+D on chip per core","336 MB I+D on chip per chip",None,"1 TB (16 x 64 GB 2Rx4 PC5-88/64B-H, running at 8000)",,"SUSE Linux Enterprise Server 15.7, 6.4.0-150700.51-default",xfs,"C/C++: Version 2026.0 of Intel oneAPI DPC++/C++, Compiler for Linux;, Fortran: Version 2026.0 of Intel Fortran, Compiler for Linux",Vendor,Apr-2025,Mar-2026,3358,"IEIT Systems Co., Ltd.","IEIT Systems Co., Ltd.",May-2026,Jun-2026,Aug-2026,"<A HREF=""/cpu2026/results/res2026q2/cpu2026-20260601-00270.html"">HTML</A> <A HREF=""/cpu2026/results/res2026q2/cpu2026-20260601-00270.csv"">CSV</A> <A HREF=""/cpu2026/results/res2026q2/cpu2026-20260601-00270.pdf"">PDF</A> <A HREF=""/cpu2026/results/res2026q2/cpu2026-20260601-00270.ps"">PS</A> <A HREF=""/cpu2026/results/res2026q2/cpu2026-20260601-00270.txt"">Text</A> <A HREF=""/cpu2026/results/res2026q2/cpu2026-20260601-00270.cfg"">Config</A>"
CFP2026rate,"IEIT Systems Co., Ltd.","meta brain NF5280G8 (Intel Xeon 6787P)",0,569,0,0,172,2,2,"Intel Xeon 6787P",2000,"1,2 chips",64-bit,"Not Applicable","64 KB I + 48 KB D on chip per core","2 MB I+D on chip per core","336 MB I+D on chip per chip",None,"1 TB (16 x 64 GB 2Rx4 PC5-88/64B-H, running at 8000)",,"Red Hat Enterprise Linux 9.7 (Plow), 5.14.0-611.5.1.el9_7.x86_64",xfs,"C/C++/Fortran: Version 15.1.1 of GCC, the, GNU Compiler Collection",Community,Apr-2025,Nov-2025,3358,"IEIT Systems Co., Ltd.","IEIT Systems Co., Ltd.",Apr-2026,May-2026,Aug-2026,"<A HREF=""/cpu2026/results/res2026q2/cpu2026-20260210-00141.html"">HTML</A> <A HREF=""/cpu2026/results/res2026q2/cpu2026-20260210-00141.csv"">CSV</A> <A HREF=""/cpu2026/results/res2026q2/cpu2026-20260210-00141.pdf"">PDF</A> <A HREF=""/cpu2026/results/res2026q2/cpu2026-20260210-00141.ps"">PS</A> <A HREF=""/cpu2026/results/res2026q2/cpu2026-20260210-00141.txt"">Text</A> <A HREF=""/cpu2026/results/res2026q2/cpu2026-20260210-00141.cfg"">Config</A>"
CFP2026rate,"IEIT Systems Co., Ltd.","meta brain NF5280G8 (Intel Xeon 6980P)",1220,1190,0,0,256,2,2,"Intel Xeon 6980P",2000,"1,2 chips",64-bit,64-bit,"64 KB I + 48 KB D on chip per core","2 MB I+D on chip per core","504 MB I+D on chip per chip",None,"1536 GB (24 x 64 GB 2Rx4 PC5-88/64B-H)",,"SUSE Linux Enterprise Server 15.7, 6.4.0-150700.51-default",xfs,"C/C++: Version 2026.0 of Intel oneAPI DPC++/C++, Compiler for Linux;, Fortran: Version 2026.0 of Intel Fortran, Compiler for Linux",Vendor,Sep-2025,May-2026,3358,"IEIT Systems Co., Ltd.","IEIT Systems Co., Ltd.",May-2026,Jun-2026,Aug-2026,"<A HREF=""/cpu2026/results/res2026q2/cpu2026-20260519-00254.html"">HTML</A> <A HREF=""/cpu2026/results/res2026q2/cpu2026-20260519-00254.csv"">CSV</A> <A HREF=""/cpu2026/results/res2026q2/cpu2026-20260519-00254.pdf"">PDF</A> <A HREF=""/cpu2026/results/res2026q2/cpu2026-20260519-00254.ps"">PS</A> <A HREF=""/cpu2026/results/res2026q2/cpu2026-20260519-00254.txt"">Text</A> <A HREF=""/cpu2026/results/res2026q2/cpu2026-20260519-00254.cfg"">Config</A>"
CFP2026rate,"Lenovo Global Technology","ThinkSystem HR330A (3.00 GHz Ampere eMAG 8180)",1.05,1,1.05,1,32,1,1,"Ampere eMAG 8180",3000,"1 chips",64-bit,64-bit,"32 KB I + 32 KB D on chip per core","4 MB I+D on chip per chip (256 KB shared / 2 cores)","32 MB I+D on chip per chip",None,"128 GB (8 x 16 GB 2Rx4 PC4-2666V-R)",,"Ubuntu 24.04.1 LTS kernel 6.8.0 (64KB pages)",ext4,"C/C++/Fortran: Version 15.2.0 of GCC",Community,Apr-2019,Aug-2025,6412,"Ampere Computing, Inc.","Ampere Computing, Inc.",Feb-2026,May-2026,Aug-2026,"<A HREF=""/cpu2026/results/res2026q2/cpu2026-20260210-00001.html"">HTML</A> <A HREF=""/cpu2026/results/res2026q2/cpu2026-20260210-00001.csv"">CSV</A> <A HREF=""/cpu2026/results/res2026q2/cpu2026-20260210-00001.pdf"">PDF</A> <A HREF=""/cpu2026/results/res2026q2/cpu2026-20260210-00001.ps"">PS</A> <A HREF=""/cpu2026/results/res2026q2/cpu2026-20260210-00001.txt"">Text</A> <A HREF=""/cpu2026/results/res2026q2/cpu2026-20260210-00001.cfg"">Config</A>"
CFP2026rate,"Lenovo Global Technology","ThinkSystem HR330A (3.00 GHz Ampere eMAG 8180)",23.1,22.4,9.24,9.02,32,1,1,"Ampere eMAG 8180",3000,"1 chips",64-bit,64-bit,"32 KB I + 32 KB D on chip per core","4 MB I+D on chip per chip (256 KB shared / 2 cores)","32 MB I+D on chip per chip",None,"128 GB (8 x 16 GB 2Rx4 PC4-2666V-R)",,"Ubuntu 24.04.1 LTS kernel 6.8.0 (64KB pages)",ext4,"C/C++/Fortran: Version 15.2.0 of GCC",Community,Apr-2019,Aug-2025,6412,"Ampere Computing, Inc.","Ampere Computing, Inc.",Feb-2026,May-2026,Aug-2026,"<A HREF=""/cpu2026/results/res2026q2/cpu2026-20260210-00013.html"">HTML</A> <A HREF=""/cpu2026/results/res2026q2/cpu2026-20260210-00013.csv"">CSV</A> <A HREF=""/cpu2026/results/res2026q2/cpu2026-20260210-00013.pdf"">PDF</A> <A HREF=""/cpu2026/results/res2026q2/cpu2026-20260210-00013.ps"">PS</A> <A HREF=""/cpu2026/results/res2026q2/cpu2026-20260210-00013.txt"">Text</A> <A HREF=""/cpu2026/results/res2026q2/cpu2026-20260210-00013.cfg"">Config</A>"
CFP2026rate,"Lenovo Global Technology","ThinkSystem SD535 V3 (2.25 GHz, AMD EPYC 9965)",524,524,0,0,192,1,1,"AMD EPYC 9965",2250,"1 chip",64-bit,64-bit,"32 KB I + 48 KB D on chip per core","1 MB I+D on chip per core","384 MB I+D on chip per chip, 32 MB shared / 16 cores",None,"384 GB (12 x 32 GB 2Rx8 PC5-6400B-R)",,"SUSE Linux Enterprise Server 15 SP7, Kernel 6.4.0-150700.51-default",xfs,"C/C++/Fortran: Version 5.1.0 of AOCC",Vendor,Jul-2025,Jan-2026,9017,"Lenovo Global Technology","Lenovo Global Technology",Feb-2026,May-2026,Aug-2026,"<A HREF=""/cpu2026/results/res2026q2/cpu2026-20260210-00153.html"">HTML</A> <A HREF=""/cpu2026/results/res2026q2/cpu2026-20260210-00153.csv"">CSV</A> <A HREF=""/cpu2026/results/res2026q2/cpu2026-20260210-00153.pdf"">PDF</A> <A HREF=""/cpu2026/results/res2026q2/cpu2026-20260210-00153.ps"">PS</A> <A HREF=""/cpu2026/results/res2026q2/cpu2026-20260210-00153.txt"">Text</A> <A HREF=""/cpu2026/results/res2026q2/cpu2026-20260210-00153.cfg"">Config</A>"
CFP2026rate,"Lenovo Global Technology","ThinkSystem SD535 V3 (2.70 GHz, AMD EPYC 9755)",506,506,0,0,128,1,1,"AMD EPYC 9755",2700,"1 chip",64-bit,64-bit,"32 KB I + 48 KB D on chip per core","1 MB I+D on chip per core","512 MB I+D on chip per chip, 32 MB shared / 8 cores",None,"384 GB (12 x 32 GB 2Rx8 PC5-6400B-R)",,"SUSE Linux Enterprise Server 15 SP7, Kernel 6.4.0-150700.51-default",xfs,"C/C++/Fortran: Version 5.1.0 of AOCC",Vendor,Jul-2025,Jan-2026,9017,"Lenovo Global Technology","Lenovo Global Technology",Feb-2026,May-2026,Aug-2026,"<A HREF=""/cpu2026/results/res2026q2/cpu2026-20260210-00155.html"">HTML</A> <A HREF=""/cpu2026/results/res2026q2/cpu2026-20260210-00155.csv"">CSV</A> <A HREF=""/cpu2026/results/res2026q2/cpu2026-20260210-00155.pdf"">PDF</A> <A HREF=""/cpu2026/results/res2026q2/cpu2026-20260210-00155.ps"">PS</A> <A HREF=""/cpu2026/results/res2026q2/cpu2026-20260210-00155.txt"">Text</A> <A HREF=""/cpu2026/results/res2026q2/cpu2026-20260210-00155.cfg"">Config</A>"
CFP2026rate,"Lenovo Global Technology","ThinkSystem SR630 V4 (2.80 GHz, Intel Xeon 6503P)",0,130,0,0,16,2,2,"Intel Xeon 6503P",2800,"1,2 chips",64-bit,"Not Applicable","64 KB I + 48 KB D on chip per core","2 MB I+D on chip per core","48 MB I+D on chip per chip",None,"512 GB (16 x 32 GB 2Rx8 PC5-6400B-R)",,"SUSE Linux Enterprise Server 15 SP7, Kernel 6.4.0-150700.51-default",xfs,"C/C++: Version 2026.0 of Intel oneAPI DPC++/C++, Compiler for Linux;, Fortran: Version 2026.0 of Intel Fortran, Compiler for Linux",Vendor,Aug-2026,Apr-2026,9017,"Lenovo Global Technology","Lenovo Global Technology",Aug-2026,Aug-2026,Aug-2026,"<A HREF=""/cpu2026/results/res2026q3/cpu2026-20260810-00429.html"">HTML</A> <A HREF=""/cpu2026/results/res2026q3/cpu2026-20260810-00429.csv"">CSV</A> <A HREF=""/cpu2026/results/res2026q3/cpu2026-20260810-00429.pdf"">PDF</A> <A HREF=""/cpu2026/results/res2026q3/cpu2026-20260810-00429.ps"">PS</A> <A HREF=""/cpu2026/results/res2026q3/cpu2026-20260810-00429.txt"">Text</A> <A HREF=""/cpu2026/results/res2026q3/cpu2026-20260810-00429.cfg"">Config</A>"
CFP2026rate,"Lenovo Global Technology","ThinkSystem SR650 V3 (1.90 GHz,Intel Xeon Platinum 8592+)",0,507,0,0,128,2,2,"Intel Xeon Platinum 8592+",1900,"1,2 chips",64-bit,"Not Applicable","32 KB I + 48 KB D on chip per core","2 MB I+D on chip per core","320 MB I+D on chip per chip",None,"512 GB (16 x 32 GB 2Rx8 PC5-5600B-R)",,"SUSE Linux Enterprise Server 16.0, Kernel 6.12.0-160000.5-default",btrfs,"C/C++: Version 2026.0 of Intel oneAPI DPC++/C++, Compiler for Linux;, Fortran: Version 2026.0 of Intel Fortran, Compiler for Linux",Vendor,Feb-2024,Apr-2026,9017,"Lenovo Global Technology","Lenovo Global Technology",May-2026,Jun-2026,Aug-2026,"<A HREF=""/cpu2026/results/res2026q2/cpu2026-20260601-00278.html"">HTML</A> <A HREF=""/cpu2026/results/res2026q2/cpu2026-20260601-00278.csv"">CSV</A> <A HREF=""/cpu2026/results/res2026q2/cpu2026-20260601-00278.pdf"">PDF</A> <A HREF=""/cpu2026/results/res2026q2/cpu2026-20260601-00278.ps"">PS</A> <A HREF=""/cpu2026/results/res2026q2/cpu2026-20260601-00278.txt"">Text</A> <A HREF=""/cpu2026/results/res2026q2/cpu2026-20260601-00278.cfg"">Config</A>"
CFP2026rate,"Lenovo Global Technology","ThinkSystem SR650 V3 (2.20 GHz, Intel Xeon Platinum 8593Q)",0,524,0,0,128,2,2,"Intel Xeon Platinum 8593Q",2200,"1,2 chips",64-bit,"Not Applicable","32 KB I + 48 KB D on chip per core","2 MB I+D on chip per core","320 MB I+D on chip per chip",None,"512 GB (16 x 32 GB 2Rx8 PC5-5600B-R)",,"SUSE Linux Enterprise Server 16.0, Kernel 6.12.0-160000.5-default",btrfs,"C/C++: Version 2026.0 of Intel oneAPI DPC++/C++, Compiler for Linux;, Fortran: Version 2026.0 of Intel Fortran, Compiler for Linux",Vendor,Aug-2024,Apr-2026,9017,"Lenovo Global Technology","Lenovo Global Technology",Jul-2026,Jul-2026,Aug-2026,"<A HREF=""/cpu2026/results/res2026q3/cpu2026-20260713-00373.html"">HTML</A> <A HREF=""/cpu2026/results/res2026q3/cpu2026-20260713-00373.csv"">CSV</A> <A HREF=""/cpu2026/results/res2026q3/cpu2026-20260713-00373.pdf"">PDF</A> <A HREF=""/cpu2026/results/res2026q3/cpu2026-20260713-00373.ps"">PS</A> <A HREF=""/cpu2026/results/res2026q3/cpu2026-20260713-00373.txt"">Text</A> <A HREF=""/cpu2026/results/res2026q3/cpu2026-20260713-00373.cfg"">Config</A>"
CFP2026rate,"Lenovo Global Technology","ThinkSystem SR650 V4 (2.80 GHz, Intel Xeon 6503P)",0,129,0,0,16,2,2,"Intel Xeon 6503P",2800,"1,2 chips",64-bit,"Not Applicable","64 KB I + 48 KB D on chip per core","2 MB I+D on chip per core","48 MB I+D on chip per chip",None,"512 GB (16 x 32 GB 2Rx8 PC5-6400B-R)",,"SUSE Linux Enterprise Server 15 SP7, Kernel 6.4.0-150700.51-default",xfs,"C/C++: Version 2026.0 of Intel oneAPI DPC++/C++, Compiler for Linux;, Fortran: Version 2026.0 of Intel Fortran, Compiler for Linux",Vendor,Aug-2026,Apr-2026,9017,"Lenovo Global Technology","Lenovo Global Technology",Aug-2026,Aug-2026,Aug-2026,"<A HREF=""/cpu2026/results/res2026q3/cpu2026-20260810-00425.html"">HTML</A> <A HREF=""/cpu2026/results/res2026q3/cpu2026-20260810-00425.csv"">CSV</A> <A HREF=""/cpu2026/results/res2026q3/cpu2026-20260810-00425.pdf"">PDF</A> <A HREF=""/cpu2026/results/res2026q3/cpu2026-20260810-00425.ps"">PS</A> <A HREF=""/cpu2026/results/res2026q3/cpu2026-20260810-00425.txt"">Text</A> <A HREF=""/cpu2026/results/res2026q3/cpu2026-20260810-00425.cfg"">Config</A>"
CFP2026rate,"Lenovo Global Technology","ThinkSystem SR655 V3 (2.10 GHz, AMD EPYC 9845)",456,456,0,0,160,1,2,"AMD EPYC 9845",2100,"1 chip",64-bit,64-bit,"32 KB I + 48 KB D on chip per core","1 MB I+D on chip per core","320 MB I+D on chip per chip, 32 MB shared / 16 cores",None,"768 GB (12 x 64 GB 2Rx4 PC5-6400B-R)",,"SUSE Linux Enterprise Server 15 SP7, Kernel 6.4.0-150700.51-default",xfs,"C/C++/Fortran: Version 5.1.0 of AOCC",Vendor,Jul-2025,Jan-2026,9017,"Lenovo Global Technology","Lenovo Global Technology",Feb-2026,May-2026,Aug-2026,"<A HREF=""/cpu2026/results/res2026q2/cpu2026-20260210-00168.html"">HTML</A> <A HREF=""/cpu2026/results/res2026q2/cpu2026-20260210-00168.csv"">CSV</A> <A HREF=""/cpu2026/results/res2026q2/cpu2026-20260210-00168.pdf"">PDF</A> <A HREF=""/cpu2026/results/res2026q2/cpu2026-20260210-00168.ps"">PS</A> <A HREF=""/cpu2026/results/res2026q2/cpu2026-20260210-00168.txt"">Text</A> <A HREF=""/cpu2026/results/res2026q2/cpu2026-20260210-00168.cfg"">Config</A>"
CFP2026rate,"Lenovo Global Technology","ThinkSystem SR655 V3 (2.25 GHz, AMD EPYC 9754)",342,342,0,0,128,1,2,"AMD EPYC 9754",2250,"1 chip",64-bit,64-bit,"32 KB I + 32 KB D on chip per core","1 MB I+D on chip per core","256 MB I+D on chip per chip, 16 MB shared / 8 cores",None,"768 GB (12 x 64 GB 2Rx4 PC5-4800B-R)",,"SUSE Linux Enterprise Server 15 SP7, Kernel 6.4.0-150700.51-default",xfs,"C/C++/Fortran: Version 5.1.0 of AOCC",Vendor,Aug-2023,Jan-2026,9017,"Lenovo Global Technology","Lenovo Global Technology",Feb-2026,May-2026,Aug-2026,"<A HREF=""/cpu2026/results/res2026q2/cpu2026-20260210-00160.html"">HTML</A> <A HREF=""/cpu2026/results/res2026q2/cpu2026-20260210-00160.csv"">CSV</A> <A HREF=""/cpu2026/results/res2026q2/cpu2026-20260210-00160.pdf"">PDF</A> <A HREF=""/cpu2026/results/res2026q2/cpu2026-20260210-00160.ps"">PS</A> <A HREF=""/cpu2026/results/res2026q2/cpu2026-20260210-00160.txt"">Text</A> <A HREF=""/cpu2026/results/res2026q2/cpu2026-20260210-00160.cfg"">Config</A>"
CFP2026rate,"Lenovo Global Technology","ThinkSystem SR655 V3 (2.60 GHz, AMD EPYC 9655)",324,324,78.7,78.7,96,1,1,"AMD EPYC 9655",2600,"1 chip",64-bit,64-bit,"32 KB I + 48 KB D on chip per core","1 MB I+D on chip per core","384 MB I+D on chip per chip, 32 MB shared / 8 cores",None,"384 GB (12 x 32 GB 2Rx8 PC5-6400B-R, running at 4800)",,"SUSE Linux Enterprise Server 15 SP6, Kernel 6.4.0-150600.21-default",xfs,"C/C++/Fortran: Version 5.1.0 of AOCC",Vendor,Jul-2025,Jan-2026,9017,"Lenovo Global Technology","Lenovo Global Technology",Feb-2026,May-2026,Aug-2026,"<A HREF=""/cpu2026/results/res2026q2/cpu2026-20260210-00162.html"">HTML</A> <A HREF=""/cpu2026/results/res2026q2/cpu2026-20260210-00162.csv"">CSV</A> <A HREF=""/cpu2026/results/res2026q2/cpu2026-20260210-00162.pdf"">PDF</A> <A HREF=""/cpu2026/results/res2026q2/cpu2026-20260210-00162.ps"">PS</A> <A HREF=""/cpu2026/results/res2026q2/cpu2026-20260210-00162.txt"">Text</A> <A HREF=""/cpu2026/results/res2026q2/cpu2026-20260210-00162.cfg"">Config</A>"
CFP2026rate,"Lenovo Global Technology","ThinkSystem SR665 V3 (2.10 GHz, AMD EPYC 9845)",919,919,0,0,320,2,1,"AMD EPYC 9845",2100,"1,2 chips",64-bit,64-bit,"32 KB I + 48 KB D on chip per core","1 MB I+D on chip per core","320 MB I+D on chip per chip, 32 MB shared / 16 cores",None,"1536 GB (24 x 64 GB 2Rx4 PC5-6400B-R)",,"SUSE Linux Enterprise Server 15 SP7, Kernel 6.4.0-150700.51-default",xfs,"C/C++/Fortran: Version 5.1.0 of AOCC",Vendor,Jul-2025,Jan-2026,9017,"Lenovo Global Technology","Lenovo Global Technology",Feb-2026,May-2026,Aug-2026,"<A HREF=""/cpu2026/results/res2026q2/cpu2026-20260210-00167.html"">HTML</A> <A HREF=""/cpu2026/results/res2026q2/cpu2026-20260210-00167.csv"">CSV</A> <A HREF=""/cpu2026/results/res2026q2/cpu2026-20260210-00167.pdf"">PDF</A> <A HREF=""/cpu2026/results/res2026q2/cpu2026-20260210-00167.ps"">PS</A> <A HREF=""/cpu2026/results/res2026q2/cpu2026-20260210-00167.txt"">Text</A> <A HREF=""/cpu2026/results/res2026q2/cpu2026-20260210-00167.cfg"">Config</A>"
CFP2026rate,"Lenovo Global Technology","ThinkSystem SR665 V3 (2.55 GHz, AMD EPYC 9684X)",707,707,0,0,192,2,1,"AMD EPYC 9684X",2550,"1,2 chips",64-bit,64-bit,"32 KB I + 32 KB D on chip per core","1 MB I+D on chip per core","1152 MB I+D on chip per chip, 96 MB shared / 8cores",None,"768 GB (24 x 32 GB 2Rx8 PC5-4800B-R)",,"SUSE Linux Enterprise Server 15 SP7, Kernel 6.4.0-150700.51-default",xfs,"C/C++/Fortran: Version 5.1.0 of AOCC",Vendor,Dec-2023,Jan-2026,9017,"Lenovo Global Technology","Lenovo Global Technology",Feb-2026,May-2026,Aug-2026,"<A HREF=""/cpu2026/results/res2026q2/cpu2026-20260210-00172.html"">HTML</A> <A HREF=""/cpu2026/results/res2026q2/cpu2026-20260210-00172.csv"">CSV</A> <A HREF=""/cpu2026/results/res2026q2/cpu2026-20260210-00172.pdf"">PDF</A> <A HREF=""/cpu2026/results/res2026q2/cpu2026-20260210-00172.ps"">PS</A> <A HREF=""/cpu2026/results/res2026q2/cpu2026-20260210-00172.txt"">Text</A> <A HREF=""/cpu2026/results/res2026q2/cpu2026-20260210-00172.cfg"">Config</A>"
CFP2026rate,"Lenovo Global Technology","ThinkSystem SR665 V3 (2.60 GHz, AMD EPYC 9655)",646,646,80.3,80.3,192,2,2,"AMD EPYC 9655",2600,"1,2 chips",64-bit,64-bit,"32 KB I + 48 KB D on chip per core","1 MB I+D on chip per core","384 MB I+D on chip per chip, 32 MB shared / 8 cores",None,"768 GB (24 x 32 GB 2Rx8 PC5-6400B-R, running at 5200)",,"SUSE Linux Enterprise Server 15 SP7, Kernel 6.4.0-150700.51-default",xfs,"C/C++/Fortran: Version 5.1.0 of AOCC",Vendor,Jul-2025,Jan-2026,9017,"Lenovo Global Technology","Lenovo Global Technology",Feb-2026,May-2026,Aug-2026,"<A HREF=""/cpu2026/results/res2026q2/cpu2026-20260210-00174.html"">HTML</A> <A HREF=""/cpu2026/results/res2026q2/cpu2026-20260210-00174.csv"">CSV</A> <A HREF=""/cpu2026/results/res2026q2/cpu2026-20260210-00174.pdf"">PDF</A> <A HREF=""/cpu2026/results/res2026q2/cpu2026-20260210-00174.ps"">PS</A> <A HREF=""/cpu2026/results/res2026q2/cpu2026-20260210-00174.txt"">Text</A> <A HREF=""/cpu2026/results/res2026q2/cpu2026-20260210-00174.cfg"">Config</A>"
CFP2026rate,"Lenovo Global Technology","ThinkSystem SR850 V3 (1.90 GHz,Intel Xeon Platinum 8490H)",0,822,0,0,240,4,2,"Intel Xeon Platinum 8490H",1900,"2,4 chips",64-bit,"Not Applicable","32 KB I + 48 KB D on chip per core","2 MB I+D on chip per core","112.5 MB I+D on chip per chip",None,"1 TB (32 x 32 GB 2Rx8 PC5-4800B-R)",,"Red Hat Enterprise Linux 9.6 (Plow), Kernel 5.14.0-570.12.1.el9_6.x86_64",xfs,"C/C++: Version 2026.0 of Intel oneAPI DPC++/C++, Compiler for Linux;, Fortran: Version 2026.0 of Intel Fortran, Compiler for Linux",Vendor,Jun-2023,Apr-2026,9017,"Lenovo Global Technology","Lenovo Global Technology",May-2026,Jun-2026,Aug-2026,"<A HREF=""/cpu2026/results/res2026q2/cpu2026-20260601-00282.html"">HTML</A> <A HREF=""/cpu2026/results/res2026q2/cpu2026-20260601-00282.csv"">CSV</A> <A HREF=""/cpu2026/results/res2026q2/cpu2026-20260601-00282.pdf"">PDF</A> <A HREF=""/cpu2026/results/res2026q2/cpu2026-20260601-00282.ps"">PS</A> <A HREF=""/cpu2026/results/res2026q2/cpu2026-20260601-00282.txt"">Text</A> <A HREF=""/cpu2026/results/res2026q2/cpu2026-20260601-00282.cfg"">Config</A>"
CFP2026rate,"Lenovo Global Technology","ThinkSystem SR850 V4 (2.0 GHZ, Intel Xeon 6788P)",0,979,0,47.1,344,4,2,"Intel Xeon 6788P",2000,"2,4 chips",64-bit,"Not Applicable","64 KB I + 48 KB D on chip per core","2 MB I+D on chip per core","336 MB I+D on chip per chip",None,"2 TB (32 x 64 GB 2Rx4 PC5-6400B-R)",,"SUSE Linux Enterprise Server 15 SP7, Kernel 6.4.0-150700.51-default",xfs,"C/C++: Version 2025.3 of Intel oneAPI DPC++/C++, Compiler for Linux;, Fortran: Version 2025.3 of Intel Fortran, Compiler for Linux",Vendor,Nov-2025,Jan-2026,9017,"Lenovo Global Technology","Lenovo Global Technology",Feb-2026,May-2026,Aug-2026,"<A HREF=""/cpu2026/results/res2026q2/cpu2026-20260210-00179.html"">HTML</A> <A HREF=""/cpu2026/results/res2026q2/cpu2026-20260210-00179.csv"">CSV</A> <A HREF=""/cpu2026/results/res2026q2/cpu2026-20260210-00179.pdf"">PDF</A> <A HREF=""/cpu2026/results/res2026q2/cpu2026-20260210-00179.ps"">PS</A> <A HREF=""/cpu2026/results/res2026q2/cpu2026-20260210-00179.txt"">Text</A> <A HREF=""/cpu2026/results/res2026q2/cpu2026-20260210-00179.cfg"">Config</A>"
CFP2026rate,"Lenovo Global Technology","ThinkSystem SR860 V3 (1.90 GHz,Intel Xeon Platinum 8490H)",0,832,0,0,240,4,2,"Intel Xeon Platinum 8490H",1900,"2,4 chips",64-bit,"Not Applicable","32 KB I + 48 KB D on chip per core","2 MB I+D on chip per core","112.5 MB I+D on chip per chip",None,"1 TB (32 x 32 GB 2Rx8 PC5-4800B-R)",,"SUSE Linux Enterprise Server 15 SP7, Kernel 6.4.0-150700.51-default",xfs,"C/C++: Version 2026.0 of Intel oneAPI DPC++/C++, Compiler for Linux;, Fortran: Version 2026.0 of Intel Fortran, Compiler for Linux",Vendor,Jun-2023,Apr-2026,9017,"Lenovo Global Technology","Lenovo Global Technology",May-2026,Jun-2026,Aug-2026,"<A HREF=""/cpu2026/results/res2026q2/cpu2026-20260601-00274.html"">HTML</A> <A HREF=""/cpu2026/results/res2026q2/cpu2026-20260601-00274.csv"">CSV</A> <A HREF=""/cpu2026/results/res2026q2/cpu2026-20260601-00274.pdf"">PDF</A> <A HREF=""/cpu2026/results/res2026q2/cpu2026-20260601-00274.ps"">PS</A> <A HREF=""/cpu2026/results/res2026q2/cpu2026-20260601-00274.txt"">Text</A> <A HREF=""/cpu2026/results/res2026q2/cpu2026-20260601-00274.cfg"">Config</A>"
CFP2026rate,"Lenovo Global Technology","ThinkSystem SR860 V4 (2.00 GHz, Intel Xeon 6788P)",0,1190,0,0,344,4,2,"Intel Xeon 6788P",2000,"2,4 chips",64-bit,"Not Applicable","64 KB I + 48 KB D on chip per core","2 MB I+D on chip per core","336 MB I+D on chip per chip",None,"2 TB (32 x 64 GB 2Rx4 PC5-6400B-R)",,"SUSE Linux Enterprise Server 15 SP7, Kernel 6.4.0-150700.51-default",xfs,"C/C++: Version 2026.0 of Intel oneAPI DPC++/C++, Compiler for Linux;, Fortran: Version 2026.0 of Intel Fortran, Compiler for Linux",Vendor,Nov-2025,Apr-2026,9017,"Lenovo Global Technology","Lenovo Global Technology",May-2026,Jun-2026,Aug-2026,"<A HREF=""/cpu2026/results/res2026q2/cpu2026-20260518-00248.html"">HTML</A> <A HREF=""/cpu2026/results/res2026q2/cpu2026-20260518-00248.csv"">CSV</A> <A HREF=""/cpu2026/results/res2026q2/cpu2026-20260518-00248.pdf"">PDF</A> <A HREF=""/cpu2026/results/res2026q2/cpu2026-20260518-00248.ps"">PS</A> <A HREF=""/cpu2026/results/res2026q2/cpu2026-20260518-00248.txt"">Text</A> <A HREF=""/cpu2026/results/res2026q2/cpu2026-20260518-00248.cfg"">Config</A>"
CFP2026rate,"Lenovo Global Technology","ThinkSystem SR950 V3 (1.90 GHz,Intel Xeon Platinum 8490H)",0,1630,0,0,480,8,2,"Intel Xeon Platinum 8490H",1900,"8 chips",64-bit,"Not Applicable","32 KB I + 48 KB D on chip per core","2 MB I+D on chip per core","112.5 MB I+D on chip per chip",None,"4 TB (64 x 64 GB 2Rx4 PC5-4800B-R)",,"SUSE Linux Enterprise Server 15 SP7, Kernel 6.4.0-150700.51-default",xfs,"C/C++: Version 2026.0 of Intel oneAPI DPC++/C++, Compiler for Linux;, Fortran: Version 2026.0 of Intel Fortran, Compiler for Linux",Vendor,Oct-2023,Apr-2026,9017,"Lenovo Global Technology","Lenovo Global Technology",Jun-2026,Jul-2026,Aug-2026,"<A HREF=""/cpu2026/results/res2026q3/cpu2026-20260629-00319.html"">HTML</A> <A HREF=""/cpu2026/results/res2026q3/cpu2026-20260629-00319.csv"">CSV</A> <A HREF=""/cpu2026/results/res2026q3/cpu2026-20260629-00319.pdf"">PDF</A> <A HREF=""/cpu2026/results/res2026q3/cpu2026-20260629-00319.ps"">PS</A> <A HREF=""/cpu2026/results/res2026q3/cpu2026-20260629-00319.txt"">Text</A> <A HREF=""/cpu2026/results/res2026q3/cpu2026-20260629-00319.cfg"">Config</A>"
CFP2026rate,"MINIS FORUM","MINISFORUM EliteMini AI370 (2GHz, AMD Ryzen AI 9 HX 370)",0,8.59,0,0,12,1,1,"AMD Ryzen AI 9 HX 370",2000,"1 chips",64-bit,"Not Applicable","32 KB I + 48 KB D on chip per core","1 MB I+D on chip per core","24 MB I+D on chip per chip, 16 MB shared / 4 Cores, 8 MB shared / 8 Cores",None,"32 GB (4x8 LPDDR5X-7500MT/s)",,"Ubuntu 24.04.3 LTS, 6.14.0-37-generic",ext4,"C/C++/Fortran: Version 5.1.0 of AOCC, the, AMD Optimizing C/C++ and Fortran Compiler",Vendor,Jul-2025,Jan-2026,9044,Arm,Arm,Feb-2026,May-2026,Aug-2026,"<A HREF=""/cpu2026/results/res2026q2/cpu2026-20260210-00017.html"">HTML</A> <A HREF=""/cpu2026/results/res2026q2/cpu2026-20260210-00017.csv"">CSV</A> <A HREF=""/cpu2026/results/res2026q2/cpu2026-20260210-00017.pdf"">PDF</A> <A HREF=""/cpu2026/results/res2026q2/cpu2026-20260210-00017.ps"">PS</A> <A HREF=""/cpu2026/results/res2026q2/cpu2026-20260210-00017.txt"">Text</A> <A HREF=""/cpu2026/results/res2026q2/cpu2026-20260210-00017.cfg"">Config</A>"
CFP2026rate,"Maginfra Co., Ltd.","QR8218-D3 (AMD EPYC 9175F)",352,351,0,0,32,2,2,"AMD EPYC 9175F",4200,"1,2 chips",64-bit,64-bit,"32 KB I + 48 KB D on chip per core","1 MB I+D on chip per core","512 MB I+D on chip per chip, 32 MB shared / 1 cores",None,"1536 GB (24 x 64 GB 2Rx4 PC5-6400B-R)",,"SUSE Linux Enterprise Server 15 SP7, 6.4.0-150700.51-default",xfs,"C/C++/Fortran: Version 5.1.0 of AOCC",Vendor,Dec-2025,Jan-2026,9087,"Maginfra Co., Ltd.","Maginfra Co., Ltd.",Jul-2026,Sep-2026,Sep-2026,"<A HREF=""/cpu2026/results/res2026q3/cpu2026-20260824-00484.html"">HTML</A> <A HREF=""/cpu2026/results/res2026q3/cpu2026-20260824-00484.csv"">CSV</A> <A HREF=""/cpu2026/results/res2026q3/cpu2026-20260824-00484.pdf"">PDF</A> <A HREF=""/cpu2026/results/res2026q3/cpu2026-20260824-00484.ps"">PS</A> <A HREF=""/cpu2026/results/res2026q3/cpu2026-20260824-00484.txt"">Text</A> <A HREF=""/cpu2026/results/res2026q3/cpu2026-20260824-00484.cfg"">Config</A>"
CFP2026rate,"Maginfra Co., Ltd.","QR8218-D3 (AMD EPYC 9255)",419,419,0,0,48,2,2,"AMD EPYC 9255",3200,"1,2 chips",64-bit,64-bit,"32 KB I + 48 KB D on chip per core","1 MB I+D on chip per core","128 MB I+D on chip per chip, 32 MB shared / 6 cores",None,"1536 GB (24 x 64 GB 2Rx4 PC5-6400B-R)",,"SUSE Linux Enterprise Server 15 SP7, 6.4.0-150700.51-default",xfs,"C/C++/Fortran: Version 5.1.0 of AOCC",Vendor,Dec-2025,Jan-2026,9087,"Maginfra Co., Ltd.","Maginfra Co., Ltd.",Jul-2026,Jul-2026,Aug-2026,"<A HREF=""/cpu2026/results/res2026q3/cpu2026-20260713-00370.html"">HTML</A> <A HREF=""/cpu2026/results/res2026q3/cpu2026-20260713-00370.csv"">CSV</A> <A HREF=""/cpu2026/results/res2026q3/cpu2026-20260713-00370.pdf"">PDF</A> <A HREF=""/cpu2026/results/res2026q3/cpu2026-20260713-00370.ps"">PS</A> <A HREF=""/cpu2026/results/res2026q3/cpu2026-20260713-00370.txt"">Text</A> <A HREF=""/cpu2026/results/res2026q3/cpu2026-20260713-00370.cfg"">Config</A>"
CFP2026rate,"Maginfra Co., Ltd.","QR8218-D3 (AMD EPYC 9275F)",474,473,0,0,48,2,2,"AMD EPYC 9275F",4100,"1,2 chips",64-bit,64-bit,"32 KB I + 48 KB D on chip per core","1 MB I+D on chip per core","256 MB I+D on chip per chip, 32 MB shared / 3 cores",None,"1536 GB (24 x 64 GB 2Rx4 PC5-6400B-R)",,"SUSE Linux Enterprise Server 15 SP7, 6.4.0-150700.51-default",xfs,"C/C++/Fortran: Version 5.1.0 of AOCC",Vendor,Dec-2025,Jan-2026,9087,"Maginfra Co., Ltd.","Maginfra Co., Ltd.",Jul-2026,Sep-2026,Sep-2026,"<A HREF=""/cpu2026/results/res2026q3/cpu2026-20260824-00486.html"">HTML</A> <A HREF=""/cpu2026/results/res2026q3/cpu2026-20260824-00486.csv"">CSV</A> <A HREF=""/cpu2026/results/res2026q3/cpu2026-20260824-00486.pdf"">PDF</A> <A HREF=""/cpu2026/results/res2026q3/cpu2026-20260824-00486.ps"">PS</A> <A HREF=""/cpu2026/results/res2026q3/cpu2026-20260824-00486.txt"">Text</A> <A HREF=""/cpu2026/results/res2026q3/cpu2026-20260824-00486.cfg"">Config</A>"
CFP2026rate,"Maginfra Co., Ltd.","QR8218-D3 (AMD EPYC 9335)",512,510,0,0,64,2,2,"AMD EPYC 9335",3000,"1,2 chips",64-bit,64-bit,"32 KB I + 48 KB D on chip per core","1 MB I+D on chip per core","128 MB I+D on chip per chip, 32 MB shared / 8 cores",None,"1536 GB (24 x 64 GB 2Rx4 PC5-6400B-R)",,"SUSE Linux Enterprise Server 15 SP7, 6.4.0-150700.51-default",xfs,"C/C++/Fortran: Version 5.1.0 of AOCC",Vendor,Dec-2025,Jan-2026,9087,"Maginfra Co., Ltd.","Maginfra Co., Ltd.",Jul-2026,Sep-2026,Sep-2026,"<A HREF=""/cpu2026/results/res2026q3/cpu2026-20260824-00490.html"">HTML</A> <A HREF=""/cpu2026/results/res2026q3/cpu2026-20260824-00490.csv"">CSV</A> <A HREF=""/cpu2026/results/res2026q3/cpu2026-20260824-00490.pdf"">PDF</A> <A HREF=""/cpu2026/results/res2026q3/cpu2026-20260824-00490.ps"">PS</A> <A HREF=""/cpu2026/results/res2026q3/cpu2026-20260824-00490.txt"">Text</A> <A HREF=""/cpu2026/results/res2026q3/cpu2026-20260824-00490.cfg"">Config</A>"
CFP2026rate,"Maginfra Co., Ltd.","QR8218-D3 (AMD EPYC 9375F)",578,577,0,0,32,2,2,"AMD EPYC 9375F",3800,"1,2 chips",64-bit,64-bit,"32 KB I + 48 KB D on chip per core","1 MB I+D on chip per core","256 MB I+D on chip per chip, 32 MB shared / 4 cores",None,"1536 GB (24 x 64 GB 2Rx4 PC5-6400B-R)",,"SUSE Linux Enterprise Server 15 SP7, 6.4.0-150700.51-default",xfs,"C/C++/Fortran: Version 5.1.0 of AOCC",Vendor,Dec-2025,Jan-2026,9087,"Maginfra Co., Ltd.","Maginfra Co., Ltd.",Jul-2026,Jul-2026,Aug-2026,"<A HREF=""/cpu2026/results/res2026q3/cpu2026-20260713-00372.html"">HTML</A> <A HREF=""/cpu2026/results/res2026q3/cpu2026-20260713-00372.csv"">CSV</A> <A HREF=""/cpu2026/results/res2026q3/cpu2026-20260713-00372.pdf"">PDF</A> <A HREF=""/cpu2026/results/res2026q3/cpu2026-20260713-00372.ps"">PS</A> <A HREF=""/cpu2026/results/res2026q3/cpu2026-20260713-00372.txt"">Text</A> <A HREF=""/cpu2026/results/res2026q3/cpu2026-20260713-00372.cfg"">Config</A>"
CFP2026rate,"Maginfra Co., Ltd.","QR8218-D3 (AMD EPYC 9535)",785,762,0,0,128,2,2,"AMD EPYC 9535",2400,"1,2 chips",64-bit,64-bit,"32 KB I + 48 KB D on chip per core","1 MB I+D on chip per core","256 MB I+D on chip per chip, 16 MB shared / 4 cores",None,"1536 GB (24 x 64 GB 2Rx4 PC5-6400B-R)",,"SUSE Linux Enterprise Server 15 SP7, 6.4.0-150700.51-default",xfs,"C/C++/Fortran: Version 5.1.0 of AOCC",Vendor,Dec-2025,Jan-2026,9087,"Maginfra Co., Ltd.","Maginfra Co., Ltd.",Jul-2026,Sep-2026,Sep-2026,"<A HREF=""/cpu2026/results/res2026q3/cpu2026-20260824-00488.html"">HTML</A> <A HREF=""/cpu2026/results/res2026q3/cpu2026-20260824-00488.csv"">CSV</A> <A HREF=""/cpu2026/results/res2026q3/cpu2026-20260824-00488.pdf"">PDF</A> <A HREF=""/cpu2026/results/res2026q3/cpu2026-20260824-00488.ps"">PS</A> <A HREF=""/cpu2026/results/res2026q3/cpu2026-20260824-00488.txt"">Text</A> <A HREF=""/cpu2026/results/res2026q3/cpu2026-20260824-00488.cfg"">Config</A>"
CFP2026rate,"Maginfra Co., Ltd.","QR8218-D3 (AMD EPYC 9555)",802,776,0,0,128,2,2,"AMD EPYC 9555",3200,"1,2 chips",64-bit,64-bit,"32 KB I + 48 KB D on chip per core","1 MB I+D on chip per core","256 MB I+D on chip per chip, 32 MB shared / 8 cores",None,"1536 GB (24 x 64 GB 2Rx4 PC5-6400B-R)",,"SUSE Linux Enterprise Server 15 SP7, 6.4.0-150700.51-default",xfs,"C/C++/Fortran: Version 5.1.0 of AOCC",Vendor,Dec-2025,Jan-2026,9087,"Maginfra Co., Ltd.","Maginfra Co., Ltd.",Jul-2026,Sep-2026,Sep-2026,"<A HREF=""/cpu2026/results/res2026q3/cpu2026-20260824-00480.html"">HTML</A> <A HREF=""/cpu2026/results/res2026q3/cpu2026-20260824-00480.csv"">CSV</A> <A HREF=""/cpu2026/results/res2026q3/cpu2026-20260824-00480.pdf"">PDF</A> <A HREF=""/cpu2026/results/res2026q3/cpu2026-20260824-00480.ps"">PS</A> <A HREF=""/cpu2026/results/res2026q3/cpu2026-20260824-00480.txt"">Text</A> <A HREF=""/cpu2026/results/res2026q3/cpu2026-20260824-00480.cfg"">Config</A>"
CFP2026rate,"Maginfra Co., Ltd.","QR8218-D3 (AMD EPYC 9575F)",804,778,0,0,128,2,2,"AMD EPYC 9575F",3300,"1,2 chips",64-bit,64-bit,"32 KB I + 48 KB D on chip per core","1 MB I+D on chip per core","256 MB I+D on chip per chip, 32 MB shared / 8 cores",None,"1536 GB (24 x 64 GB 2Rx4 PC5-6400B-R)",,"SUSE Linux Enterprise Server 15 SP7, 6.4.0-150700.51-default",xfs,"C/C++/Fortran: Version 5.1.0 of AOCC",Vendor,Dec-2025,Jan-2026,9087,"Maginfra Co., Ltd.","Maginfra Co., Ltd.",Jul-2026,Sep-2026,Sep-2026,"<A HREF=""/cpu2026/results/res2026q3/cpu2026-20260824-00478.html"">HTML</A> <A HREF=""/cpu2026/results/res2026q3/cpu2026-20260824-00478.csv"">CSV</A> <A HREF=""/cpu2026/results/res2026q3/cpu2026-20260824-00478.pdf"">PDF</A> <A HREF=""/cpu2026/results/res2026q3/cpu2026-20260824-00478.ps"">PS</A> <A HREF=""/cpu2026/results/res2026q3/cpu2026-20260824-00478.txt"">Text</A> <A HREF=""/cpu2026/results/res2026q3/cpu2026-20260824-00478.cfg"">Config</A>"
CFP2026rate,"Maginfra Co., Ltd.","QR8218-D3 (AMD EPYC 9655)",910,863,0,0,192,2,2,"AMD EPYC 9655",2600,"1,2 chips",64-bit,64-bit,"32 KB I + 48 KB D on chip per core","1 MB I+D on chip per core","384 MB I+D on chip per chip, 32 MB shared / 8 cores",None,"1536 GB (24 x 64 GB 2Rx4 PC5-6400B-R)",,"SUSE Linux Enterprise Server 15 SP7, 6.4.0-150700.51-default",xfs,"C/C++/Fortran: Version 5.1.0 of AOCC",Vendor,Dec-2025,Jan-2026,9087,"Maginfra Co., Ltd.","Maginfra Co., Ltd.",Jul-2026,Sep-2026,Sep-2026,"<A HREF=""/cpu2026/results/res2026q3/cpu2026-20260824-00492.html"">HTML</A> <A HREF=""/cpu2026/results/res2026q3/cpu2026-20260824-00492.csv"">CSV</A> <A HREF=""/cpu2026/results/res2026q3/cpu2026-20260824-00492.pdf"">PDF</A> <A HREF=""/cpu2026/results/res2026q3/cpu2026-20260824-00492.ps"">PS</A> <A HREF=""/cpu2026/results/res2026q3/cpu2026-20260824-00492.txt"">Text</A> <A HREF=""/cpu2026/results/res2026q3/cpu2026-20260824-00492.cfg"">Config</A>"
CFP2026rate,"Maginfra Co., Ltd.","QR8218-D3 (AMD EPYC 9755)",1090,1030,0,0,256,2,2,"AMD EPYC 9755",2700,"1,2 chips",64-bit,64-bit,"32 KB I + 48 KB D on chip per core","1 MB I+D on chip per core","512 MB I+D on chip per chip, 32 MB shared / 8 cores",None,"1536 GB (24 x 64 GB 2Rx4 PC5-6400B-R)",,"SUSE Linux Enterprise Server 15 SP7, 6.4.0-150700.51-default",xfs,"C/C++/Fortran: Version 5.1.0 of AOCC",Vendor,Dec-2025,Jan-2026,9087,"Maginfra Co., Ltd.","Maginfra Co., Ltd.",Jul-2026,Sep-2026,Sep-2026,"<A HREF=""/cpu2026/results/res2026q3/cpu2026-20260824-00482.html"">HTML</A> <A HREF=""/cpu2026/results/res2026q3/cpu2026-20260824-00482.csv"">CSV</A> <A HREF=""/cpu2026/results/res2026q3/cpu2026-20260824-00482.pdf"">PDF</A> <A HREF=""/cpu2026/results/res2026q3/cpu2026-20260824-00482.ps"">PS</A> <A HREF=""/cpu2026/results/res2026q3/cpu2026-20260824-00482.txt"">Text</A> <A HREF=""/cpu2026/results/res2026q3/cpu2026-20260824-00482.cfg"">Config</A>"
CFP2026rate,"Maginfra Co., Ltd.","QR8228-D3 (AMD EPYC 9175F)",354,353,0,0,32,2,2,"AMD EPYC 9175F",4200,"1,2 chips",64-bit,64-bit,"32 KB I + 48 KB D on chip per core","1 MB I+D on chip per core","512 MB I+D on chip per chip, 32 MB shared / 1 cores",None,"1536 GB (24 x 64 GB 2Rx4 PC5-6400B-R)",,"SUSE Linux Enterprise Server 15 SP7, 6.4.0-150700.51-default",xfs,"C/C++/Fortran: Version 5.1.0 of AOCC",Vendor,Dec-2025,Jan-2026,9087,"Maginfra Co., Ltd.","Maginfra Co., Ltd.",Jul-2026,Aug-2026,Aug-2026,"<A HREF=""/cpu2026/results/res2026q3/cpu2026-20260810-00448.html"">HTML</A> <A HREF=""/cpu2026/results/res2026q3/cpu2026-20260810-00448.csv"">CSV</A> <A HREF=""/cpu2026/results/res2026q3/cpu2026-20260810-00448.pdf"">PDF</A> <A HREF=""/cpu2026/results/res2026q3/cpu2026-20260810-00448.ps"">PS</A> <A HREF=""/cpu2026/results/res2026q3/cpu2026-20260810-00448.txt"">Text</A> <A HREF=""/cpu2026/results/res2026q3/cpu2026-20260810-00448.cfg"">Config</A>"
CFP2026rate,"Maginfra Co., Ltd.","QR8228-D3 (AMD EPYC 9255)",420,419,0,0,48,2,2,"AMD EPYC 9255",3200,"1,2 chips",64-bit,64-bit,"32 KB I + 48 KB D on chip per core","1 MB I+D on chip per core","128 MB I+D on chip per chip, 32 MB shared / 6 cores",None,"1536 GB (24 x 64 GB 2Rx4 PC5-6400B-R)",,"SUSE Linux Enterprise Server 15 SP7, 6.4.0-150700.51-default",xfs,"C/C++/Fortran: Version 5.1.0 of AOCC",Vendor,Dec-2025,Jan-2026,9087,"Maginfra Co., Ltd.","Maginfra Co., Ltd.",Jul-2026,Aug-2026,Aug-2026,"<A HREF=""/cpu2026/results/res2026q3/cpu2026-20260810-00437.html"">HTML</A> <A HREF=""/cpu2026/results/res2026q3/cpu2026-20260810-00437.csv"">CSV</A> <A HREF=""/cpu2026/results/res2026q3/cpu2026-20260810-00437.pdf"">PDF</A> <A HREF=""/cpu2026/results/res2026q3/cpu2026-20260810-00437.ps"">PS</A> <A HREF=""/cpu2026/results/res2026q3/cpu2026-20260810-00437.txt"">Text</A> <A HREF=""/cpu2026/results/res2026q3/cpu2026-20260810-00437.cfg"">Config</A>"
CFP2026rate,"Maginfra Co., Ltd.","QR8228-D3 (AMD EPYC 9275F)",474,473,0,0,48,2,2,"AMD EPYC 9275F",4100,"1,2 chips",64-bit,64-bit,"32 KB I + 48 KB D on chip per core","1 MB I+D on chip per core","256 MB I+D on chip per chip, 32 MB shared / 3 cores",None,"1536 GB (24 x 64 GB 2Rx4 PC5-6400B-R)",,"SUSE Linux Enterprise Server 15 SP7, 6.4.0-150700.51-default",xfs,"C/C++/Fortran: Version 5.1.0 of AOCC",Vendor,Dec-2025,Jan-2026,9087,"Maginfra Co., Ltd.","Maginfra Co., Ltd.",Jul-2026,Aug-2026,Aug-2026,"<A HREF=""/cpu2026/results/res2026q3/cpu2026-20260810-00452.html"">HTML</A> <A HREF=""/cpu2026/results/res2026q3/cpu2026-20260810-00452.csv"">CSV</A> <A HREF=""/cpu2026/results/res2026q3/cpu2026-20260810-00452.pdf"">PDF</A> <A HREF=""/cpu2026/results/res2026q3/cpu2026-20260810-00452.ps"">PS</A> <A HREF=""/cpu2026/results/res2026q3/cpu2026-20260810-00452.txt"">Text</A> <A HREF=""/cpu2026/results/res2026q3/cpu2026-20260810-00452.cfg"">Config</A>"
CFP2026rate,"Maginfra Co., Ltd.","QR8228-D3 (AMD EPYC 9375F)",579,577,0,0,64,2,2,"AMD EPYC 9375F",3800,"1,2 chips",64-bit,64-bit,"32 KB I + 48 KB D on chip per core","1 MB I+D on chip per core","256 MB I+D on chip per chip, 32 MB shared / 4 cores",None,"1536 GB (24 x 64 GB 2Rx4 PC5-6400B-R)",,"SUSE Linux Enterprise Server 15 SP7, 6.4.0-150700.51-default",xfs,"C/C++/Fortran: Version 5.1.0 of AOCC",Vendor,Dec-2025,Jan-2026,9087,"Maginfra Co., Ltd.","Maginfra Co., Ltd.",Jul-2026,Aug-2026,Aug-2026,"<A HREF=""/cpu2026/results/res2026q3/cpu2026-20260810-00440.html"">HTML</A> <A HREF=""/cpu2026/results/res2026q3/cpu2026-20260810-00440.csv"">CSV</A> <A HREF=""/cpu2026/results/res2026q3/cpu2026-20260810-00440.pdf"">PDF</A> <A HREF=""/cpu2026/results/res2026q3/cpu2026-20260810-00440.ps"">PS</A> <A HREF=""/cpu2026/results/res2026q3/cpu2026-20260810-00440.txt"">Text</A> <A HREF=""/cpu2026/results/res2026q3/cpu2026-20260810-00440.cfg"">Config</A>"
CFP2026rate,"Maginfra Co., Ltd.","QR8228-D3 (AMD EPYC 9535)",783,760,0,0,128,2,2,"AMD EPYC 9535",2400,"1,2 chips",64-bit,64-bit,"32 KB I + 48 KB D on chip per core","1 MB I+D on chip per core","256 MB I+D on chip per chip, 16 MB shared / 4 cores",None,"1536 GB (24 x 64 GB 2Rx4 PC5-6400B-R)",,"SUSE Linux Enterprise Server 15 SP7, 6.4.0-150700.51-default",xfs,"C/C++/Fortran: Version 5.1.0 of AOCC",Vendor,Dec-2025,Jan-2026,9087,"Maginfra Co., Ltd.","Maginfra Co., Ltd.",Jul-2026,Aug-2026,Aug-2026,"<A HREF=""/cpu2026/results/res2026q3/cpu2026-20260810-00450.html"">HTML</A> <A HREF=""/cpu2026/results/res2026q3/cpu2026-20260810-00450.csv"">CSV</A> <A HREF=""/cpu2026/results/res2026q3/cpu2026-20260810-00450.pdf"">PDF</A> <A HREF=""/cpu2026/results/res2026q3/cpu2026-20260810-00450.ps"">PS</A> <A HREF=""/cpu2026/results/res2026q3/cpu2026-20260810-00450.txt"">Text</A> <A HREF=""/cpu2026/results/res2026q3/cpu2026-20260810-00450.cfg"">Config</A>"
CFP2026rate,"Maginfra Co., Ltd.","QR8228-D3 (AMD EPYC 9555)",802,776,0,0,128,2,2,"AMD EPYC 9555",3200,"1,2 chips",64-bit,64-bit,"32 KB I + 48 KB D on chip per core","1 MB I+D on chip per core","256 MB I+D on chip per chip, 32 MB shared / 8 cores",None,"1536 GB (24 x 64 GB 2Rx4 PC5-6400B-R)",,"SUSE Linux Enterprise Server 15 SP7, 6.4.0-150700.51-default",xfs,"C/C++/Fortran: Version 5.1.0 of AOCC",Vendor,Dec-2025,Jan-2026,9087,"Maginfra Co., Ltd.","Maginfra Co., Ltd.",Jul-2026,Aug-2026,Aug-2026,"<A HREF=""/cpu2026/results/res2026q3/cpu2026-20260810-00444.html"">HTML</A> <A HREF=""/cpu2026/results/res2026q3/cpu2026-20260810-00444.csv"">CSV</A> <A HREF=""/cpu2026/results/res2026q3/cpu2026-20260810-00444.pdf"">PDF</A> <A HREF=""/cpu2026/results/res2026q3/cpu2026-20260810-00444.ps"">PS</A> <A HREF=""/cpu2026/results/res2026q3/cpu2026-20260810-00444.txt"">Text</A> <A HREF=""/cpu2026/results/res2026q3/cpu2026-20260810-00444.cfg"">Config</A>"
CFP2026rate,"Maginfra Co., Ltd.","QR8228-D3 (AMD EPYC 9575F)",803,777,0,0,128,2,2,"AMD EPYC 9575F",3300,"1,2 chips",64-bit,64-bit,"32 KB I + 48 KB D on chip per core","1 MB I+D on chip per core","256 MB I+D on chip per chip, 32 MB shared / 8 cores",None,"1536 GB (24 x 64 GB 2Rx4 PC5-6400B-R)",,"SUSE Linux Enterprise Server 15 SP7, 6.4.0-150700.51-default",xfs,"C/C++/Fortran: Version 5.1.0 of AOCC",Vendor,Dec-2025,Jan-2026,9087,"Maginfra Co., Ltd.","Maginfra Co., Ltd.",Jul-2026,Aug-2026,Aug-2026,"<A HREF=""/cpu2026/results/res2026q3/cpu2026-20260810-00442.html"">HTML</A> <A HREF=""/cpu2026/results/res2026q3/cpu2026-20260810-00442.csv"">CSV</A> <A HREF=""/cpu2026/results/res2026q3/cpu2026-20260810-00442.pdf"">PDF</A> <A HREF=""/cpu2026/results/res2026q3/cpu2026-20260810-00442.ps"">PS</A> <A HREF=""/cpu2026/results/res2026q3/cpu2026-20260810-00442.txt"">Text</A> <A HREF=""/cpu2026/results/res2026q3/cpu2026-20260810-00442.cfg"">Config</A>"
CFP2026rate,"Maginfra Co., Ltd.","QR8228-D3 (AMD EPYC 9755)",1090,1030,0,0,256,2,2,"AMD EPYC 9755",2700,"1,2 chips",64-bit,64-bit,"32 KB I + 48 KB D on chip per core","1 MB I+D on chip per core","512 MB I+D on chip per chip, 32 MB shared / 8 cores",None,"1536 GB (24 x 64 GB 2Rx4 PC5-6400B-R)",,"SUSE Linux Enterprise Server 15 SP7, 6.4.0-150700.51-default",xfs,"C/C++/Fortran: Version 5.1.0 of AOCC",Vendor,Dec-2025,Jan-2026,9087,"Maginfra Co., Ltd.","Maginfra Co., Ltd.",Jul-2026,Aug-2026,Aug-2026,"<A HREF=""/cpu2026/results/res2026q3/cpu2026-20260810-00446.html"">HTML</A> <A HREF=""/cpu2026/results/res2026q3/cpu2026-20260810-00446.csv"">CSV</A> <A HREF=""/cpu2026/results/res2026q3/cpu2026-20260810-00446.pdf"">PDF</A> <A HREF=""/cpu2026/results/res2026q3/cpu2026-20260810-00446.ps"">PS</A> <A HREF=""/cpu2026/results/res2026q3/cpu2026-20260810-00446.txt"">Text</A> <A HREF=""/cpu2026/results/res2026q3/cpu2026-20260810-00446.cfg"">Config</A>"
CFP2026rate,NVIDIA,"NVIDIA DGX Spark (3.9 GHz NVIDIA GB10 CPU)",0,9.7,0,0,20,1,1,"NVIDIA GB10",3900,"1 chips",64-bit,"Not Applicable","64 KB I + 64 KB D on chip per core","2 MB I+D on chip per core; 512 KB I+D on chip per core","16 MB I+D on chip per 10 core cluster (Cluster 1); 8 MB I+D on chip per 10 core cluster (Cluster 0)",None,"128 GB (LPDDR5X-8533 MT/s)",,"Ubuntu 24.04.3 LTS, 6.14.0-1013-nvidia",ext4,"C/C++/Fortran: Version 22.1.0 of LLVM",Community,Oct-2025,Feb-2026,9044,Arm,Arm,Apr-2026,May-2026,Aug-2026,"<A HREF=""/cpu2026/results/res2026q2/cpu2026-20260210-00019.html"">HTML</A> <A HREF=""/cpu2026/results/res2026q2/cpu2026-20260210-00019.csv"">CSV</A> <A HREF=""/cpu2026/results/res2026q2/cpu2026-20260210-00019.pdf"">PDF</A> <A HREF=""/cpu2026/results/res2026q2/cpu2026-20260210-00019.ps"">PS</A> <A HREF=""/cpu2026/results/res2026q2/cpu2026-20260210-00019.txt"">Text</A> <A HREF=""/cpu2026/results/res2026q2/cpu2026-20260210-00019.cfg"">Config</A>"
CFP2026rate,NVIDIA,"NVIDIA DGX Spark (3.9 GHz NVIDIA GB10 CPU)",0,75,0,0,20,1,1,"NVIDIA GB10",3900,"1 chips",64-bit,"Not Applicable","64 KB I + 64 KB D on chip per core","2 MB I+D on chip per core; 512 KB I+D on chip per core","16 MB I+D on chip per 10 core cluster (Cluster 1); 8 MB I+D on chip per 10 core cluster (Cluster 0)",None,"128 GB (LPDDR5X-8533 MT/s)",,"Ubuntu 24.04.3 LTS, 6.14.0-1013-nvidia",ext4,"C/C++/Fortran: Version 22.1.0 of LLVM",Community,Oct-2025,Feb-2026,9044,Arm,Arm,Apr-2026,May-2026,Aug-2026,"<A HREF=""/cpu2026/results/res2026q2/cpu2026-20260210-00021.html"">HTML</A> <A HREF=""/cpu2026/results/res2026q2/cpu2026-20260210-00021.csv"">CSV</A> <A HREF=""/cpu2026/results/res2026q2/cpu2026-20260210-00021.pdf"">PDF</A> <A HREF=""/cpu2026/results/res2026q2/cpu2026-20260210-00021.ps"">PS</A> <A HREF=""/cpu2026/results/res2026q2/cpu2026-20260210-00021.txt"">Text</A> <A HREF=""/cpu2026/results/res2026q2/cpu2026-20260210-00021.cfg"">Config</A>"
CFP2026rate,"Quanta Cloud Technology","D55Q-2U (Intel Xeon 6787P)",0,634,0,0,172,2,2,"Intel Xeon 6787P",2000,"1,2 Chips",64-bit,"Not Applicable","64 KB I + 48 KB D on chip per core","2 MB I+D on chip per core","336 MB I+D on chip per chip",None,"1 TB (16 x 64 GB 2Rx4 PC5-6400B-R)",,"SUSE Linux Enterprise Server 15 SP6, 6.4.0-150600.21-default",xfs,"C/C++: Version 2026.0 of Intel oneAPI DPC++/C++, Compiler for Linux;, Fortran: Version 2026.0 of Intel Fortran, Compiler for Linux",Vendor,Feb-2025,Apr-2026,9050,"Quanta Computer Inc.","Quanta Computer Inc.",May-2026,Sep-2026,Sep-2026,"<A HREF=""/cpu2026/results/res2026q3/cpu2026-20260813-00461.html"">HTML</A> <A HREF=""/cpu2026/results/res2026q3/cpu2026-20260813-00461.csv"">CSV</A> <A HREF=""/cpu2026/results/res2026q3/cpu2026-20260813-00461.pdf"">PDF</A> <A HREF=""/cpu2026/results/res2026q3/cpu2026-20260813-00461.ps"">PS</A> <A HREF=""/cpu2026/results/res2026q3/cpu2026-20260813-00461.txt"">Text</A> <A HREF=""/cpu2026/results/res2026q3/cpu2026-20260813-00461.cfg"">Config</A>"
CFP2026rate,"Raspberry Pi","Raspberry Pi 5 Model B Rev 1.1 (16 GB)",3.93,3.72,0,0,4,1,1,"Broadcom BCM2712",2400,"1 board",64-bit,64-bit,"64 KB I + 64 KB D on chip per core","2 MB I+D on chip per core 512 KB","2 MB I+D on chip per chip",None,"16 GB",,"DietPi v9.19.2 (kernel 6.12.47+rpt-rpi-2712)",ext4,"C/C++/Fortran: Version 14.2.0 of GCC, the, GNU Compiler Collection (Debian 14.2.0-19)",Community,Jan-2025,Nov-2025,6412,"Ampere Computing, Inc.","Ampere Computing, Inc.",Feb-2026,May-2026,Aug-2026,"<A HREF=""/cpu2026/results/res2026q2/cpu2026-20260210-00015.html"">HTML</A> <A HREF=""/cpu2026/results/res2026q2/cpu2026-20260210-00015.csv"">CSV</A> <A HREF=""/cpu2026/results/res2026q2/cpu2026-20260210-00015.pdf"">PDF</A> <A HREF=""/cpu2026/results/res2026q2/cpu2026-20260210-00015.ps"">PS</A> <A HREF=""/cpu2026/results/res2026q2/cpu2026-20260210-00015.txt"">Text</A> <A HREF=""/cpu2026/results/res2026q2/cpu2026-20260210-00015.cfg"">Config</A>"
CFP2026rate,Supermicro,"Blade SBI-612BA-1NE34-LCC (B14SBE-CPU-AP , Intel Xeon 6970E+)",478,470,0,0,192,1,1,"Intel Xeon 6970E+",2300,"1 chip",64-bit,64-bit,"64 KB I + 32 KB D on chip per core","192 MB I+D on chip per chip, 4 MB shared / 4 cores","480 MB I+D on chip per chip",None,"1152 GB (12 x 96 GB 2Rx4 PC5-8000B-R)",,"Red Hat Enterprise Linux 9.7, Kernel 5.14.0-611.5.1.el9_7.x86_64",xfs,"C/C++: Version 2026.0 of Intel oneAPI DPC++/C++, Compiler for Linux;, Fortran: Version 2026.0 of Intel Fortran, Compiler for Linux",Vendor,Jun-2026,Apr-2026,1176,Supermicro,Supermicro,May-2026,Jun-2026,Aug-2026,"<A HREF=""/cpu2026/results/res2026q2/cpu2026-20260602-00292.html"">HTML</A> <A HREF=""/cpu2026/results/res2026q2/cpu2026-20260602-00292.csv"">CSV</A> <A HREF=""/cpu2026/results/res2026q2/cpu2026-20260602-00292.pdf"">PDF</A> <A HREF=""/cpu2026/results/res2026q2/cpu2026-20260602-00292.ps"">PS</A> <A HREF=""/cpu2026/results/res2026q2/cpu2026-20260602-00292.txt"">Text</A> <A HREF=""/cpu2026/results/res2026q2/cpu2026-20260602-00292.cfg"">Config</A>"
CFP2026rate,Supermicro,"Blade SBI-612BA-1NE34-LCC (B14SBE-CPU-AP , Intel Xeon 6980E+)",531,521,0,0,264,1,1,"Intel Xeon 6980E+",2100,"1 chip",64-bit,64-bit,"64 KB I + 32 KB D on chip per core","264 MB I+D on chip per chip, 4 MB shared / 4 cores","528 MB I+D on chip per chip",None,"1152 GB (12 x 96 GB 2Rx4 PC5-8000B-R)",,"Red Hat Enterprise Linux 9.7, Kernel 5.14.0-611.5.1.el9_7.x86_64",xfs,"C/C++: Version 2026.0 of Intel oneAPI DPC++/C++, Compiler for Linux;, Fortran: Version 2026.0 of Intel Fortran, Compiler for Linux",Vendor,Jun-2026,Apr-2026,1176,Supermicro,Supermicro,May-2026,Jun-2026,Aug-2026,"<A HREF=""/cpu2026/results/res2026q2/cpu2026-20260519-00258.html"">HTML</A> <A HREF=""/cpu2026/results/res2026q2/cpu2026-20260519-00258.csv"">CSV</A> <A HREF=""/cpu2026/results/res2026q2/cpu2026-20260519-00258.pdf"">PDF</A> <A HREF=""/cpu2026/results/res2026q2/cpu2026-20260519-00258.ps"">PS</A> <A HREF=""/cpu2026/results/res2026q2/cpu2026-20260519-00258.txt"">Text</A> <A HREF=""/cpu2026/results/res2026q2/cpu2026-20260519-00258.cfg"">Config</A>"
CFP2026rate,Supermicro,"Blade SBI-612BA-1NE34-LCC (B14SBE-CPU-AP , Intel Xeon 6990E+)",555,544,0,0,288,1,1,"Intel Xeon 6990E+",2200,"1 chip",64-bit,64-bit,"64 KB I + 32 KB D on chip per core","288 MB I+D on chip per chip, 4 MB shared / 4 cores","576 MB I+D on chip per chip",None,"1152 GB (12 x 96 GB 2Rx4 PC5-8000B-R)",,"Red Hat Enterprise Linux 9.7, Kernel 5.14.0-611.5.1.el9_7.x86_64",xfs,"C/C++: Version 2026.0 of Intel oneAPI DPC++/C++, Compiler for Linux;, Fortran: Version 2026.0 of Intel Fortran, Compiler for Linux",Vendor,Jun-2026,Apr-2026,1176,Supermicro,Supermicro,May-2026,Jun-2026,Aug-2026,"<A HREF=""/cpu2026/results/res2026q2/cpu2026-20260519-00266.html"">HTML</A> <A HREF=""/cpu2026/results/res2026q2/cpu2026-20260519-00266.csv"">CSV</A> <A HREF=""/cpu2026/results/res2026q2/cpu2026-20260519-00266.pdf"">PDF</A> <A HREF=""/cpu2026/results/res2026q2/cpu2026-20260519-00266.ps"">PS</A> <A HREF=""/cpu2026/results/res2026q2/cpu2026-20260519-00266.txt"">Text</A> <A HREF=""/cpu2026/results/res2026q2/cpu2026-20260519-00266.cfg"">Config</A>"
CFP2026rate,Supermicro,"CloudDC A+ Server AS -1116CS-TN (H14SHM , AMD EPYC 9375F)",273,273,0,0,32,1,2,"AMD EPYC 9375F",3800,"1 chip",64-bit,64-bit,"32 KB I + 48 KB D on chip per core","1 MB I+D on chip per core","256 MB I+D on chip per chip, 32 MB shared / 4 cores",None,"768 GB (12 x 64 GB 2Rx4 PC5-6400B-R)",,"Ubuntu 24.04.3 LTS, Kernel 6.8.0-90-generic",ext4,"C/C++/Fortran: Version 5.1.0 of AOCC",Vendor,Oct-2024,Jan-2026,6570,"Advanced Micro Devices (AMD)","Advanced Micro Devices (AMD)",Jan-2026,May-2026,Aug-2026,"<A HREF=""/cpu2026/results/res2026q2/cpu2026-20260210-00005.html"">HTML</A> <A HREF=""/cpu2026/results/res2026q2/cpu2026-20260210-00005.csv"">CSV</A> <A HREF=""/cpu2026/results/res2026q2/cpu2026-20260210-00005.pdf"">PDF</A> <A HREF=""/cpu2026/results/res2026q2/cpu2026-20260210-00005.ps"">PS</A> <A HREF=""/cpu2026/results/res2026q2/cpu2026-20260210-00005.txt"">Text</A> <A HREF=""/cpu2026/results/res2026q2/cpu2026-20260210-00005.cfg"">Config</A>"
CFP2026rate,Supermicro,"CloudDC A+ Server AS -1116CS-TN (H14SHM , AMD EPYC 9575F)",364,364,0,0,64,1,2,"AMD EPYC 9575F",3300,"1 chip",64-bit,64-bit,"32 KB I + 48 KB D on chip per core","1 MB I+D on chip per core","256 MB I+D on chip per chip, 32 MB shared / 8 cores",None,"768 GB (12 x 64 GB 2Rx4 PC5-6400B-R)",,"Ubuntu 24.04.3 LTS, 6.8.0-90-generic",ext4,"C/C++/Fortran: Version 5.1.0 of AOCC",Vendor,Oct-2024,Jan-2026,1176,Supermicro,Supermicro,Jan-2026,May-2026,Aug-2026,"<A HREF=""/cpu2026/results/res2026q2/cpu2026-20260210-00208.html"">HTML</A> <A HREF=""/cpu2026/results/res2026q2/cpu2026-20260210-00208.csv"">CSV</A> <A HREF=""/cpu2026/results/res2026q2/cpu2026-20260210-00208.pdf"">PDF</A> <A HREF=""/cpu2026/results/res2026q2/cpu2026-20260210-00208.ps"">PS</A> <A HREF=""/cpu2026/results/res2026q2/cpu2026-20260210-00208.txt"">Text</A> <A HREF=""/cpu2026/results/res2026q2/cpu2026-20260210-00208.cfg"">Config</A>"
CFP2026rate,Supermicro,"CloudDC A+ Server AS -1116CS-TN (H14SHM , AMD EPYC 9655)",410,410,0,0,96,1,1,"AMD EPYC 9655",2600,"1 chip",64-bit,64-bit,"32 KB I + 48 KB D on chip per core","1 MB I+D on chip per core","384 MB I+D on chip per chip, 32 MB shared / 8 cores",None,"768 GB (12 x 64 GB 2Rx4 PC5-6400B-R)",,"Ubuntu 24.04.3 LTS, 6.8.0-94-generic",ext4,"C/C++/Fortran: Version 5.1.0 of AOCC",Vendor,Oct-2024,Jan-2026,1176,Supermicro,Supermicro,Feb-2026,May-2026,Aug-2026,"<A HREF=""/cpu2026/results/res2026q2/cpu2026-20260210-00210.html"">HTML</A> <A HREF=""/cpu2026/results/res2026q2/cpu2026-20260210-00210.csv"">CSV</A> <A HREF=""/cpu2026/results/res2026q2/cpu2026-20260210-00210.pdf"">PDF</A> <A HREF=""/cpu2026/results/res2026q2/cpu2026-20260210-00210.ps"">PS</A> <A HREF=""/cpu2026/results/res2026q2/cpu2026-20260210-00210.txt"">Text</A> <A HREF=""/cpu2026/results/res2026q2/cpu2026-20260210-00210.cfg"">Config</A>"
CFP2026rate,Supermicro,"CloudDC A+ Server AS -1116CS-TN (H14SHM , AMD EPYC 9755)",480,480,0,0,128,1,1,"AMD EPYC 9755",2700,"1 chip",64-bit,64-bit,"32 KB I + 48 KB D on chip per core","1 MB I+D on chip per core","512 MB I+D on chip per chip, 32 MB shared / 8 cores",None,"768 GB (12 x 64 GB 2Rx4 PC5-6400B-R)",,"Ubuntu 24.04.3 LTS, 6.8.0-90-generic",ext4,"C/C++/Fortran: Version 5.1.0 of AOCC",Vendor,Oct-2024,Jan-2026,1176,Supermicro,Supermicro,Feb-2026,May-2026,Aug-2026,"<A HREF=""/cpu2026/results/res2026q2/cpu2026-20260210-00212.html"">HTML</A> <A HREF=""/cpu2026/results/res2026q2/cpu2026-20260210-00212.csv"">CSV</A> <A HREF=""/cpu2026/results/res2026q2/cpu2026-20260210-00212.pdf"">PDF</A> <A HREF=""/cpu2026/results/res2026q2/cpu2026-20260210-00212.ps"">PS</A> <A HREF=""/cpu2026/results/res2026q2/cpu2026-20260210-00212.txt"">Text</A> <A HREF=""/cpu2026/results/res2026q2/cpu2026-20260210-00212.cfg"">Config</A>"
CFP2026rate,Supermicro,"CloudDC A+ Server AS -1116CS-TN (H14SHM , AMD EPYC 9965)",498,498,0,0,192,1,2,"AMD EPYC 9965",2250,"1 chip",64-bit,64-bit,"32 KB I + 48 KB D on chip per core","1 MB I+D on chip per core","384 MB I+D on chip per chip, 32 MB shared / 16 cores",None,"768 GB (12 x 64 GB 2Rx4 PC5-6400B-R)",,"Ubuntu 24.04.3 LTS, 6.8.0-90-generic",ext4,"C/C++/Fortran: Version 5.1.0 of AOCC",Vendor,Oct-2024,Jan-2026,1176,Supermicro,Supermicro,Jan-2026,May-2026,Aug-2026,"<A HREF=""/cpu2026/results/res2026q2/cpu2026-20260210-00214.html"">HTML</A> <A HREF=""/cpu2026/results/res2026q2/cpu2026-20260210-00214.csv"">CSV</A> <A HREF=""/cpu2026/results/res2026q2/cpu2026-20260210-00214.pdf"">PDF</A> <A HREF=""/cpu2026/results/res2026q2/cpu2026-20260210-00214.ps"">PS</A> <A HREF=""/cpu2026/results/res2026q2/cpu2026-20260210-00214.txt"">Text</A> <A HREF=""/cpu2026/results/res2026q2/cpu2026-20260210-00214.cfg"">Config</A>"
CFP2026rate,Supermicro,"Hyper A+ Server AS -2126HS-TN (H14DSH , AMD EPYC 9575F)",714,714,0,0,128,2,2,"AMD EPYC 9575F",3300,"2 chips",64-bit,64-bit,"32 KB I + 48 KB D on chip per core","1 MB I+D on chip per core","256 MB I+D on chip per chip, 32 MB shared / 8 cores",None,"1536 GB (24 x 64 GB 2Rx4 PC5-6400B-R)",,"Ubuntu 24.04.3 LTS, 6.8.0-90-generic",ext4,"C/C++/Fortran: Version 5.1.0 of AOCC",Vendor,Oct-2024,Jan-2026,1176,Supermicro,Supermicro,Feb-2026,May-2026,Aug-2026,"<A HREF=""/cpu2026/results/res2026q2/cpu2026-20260210-00219.html"">HTML</A> <A HREF=""/cpu2026/results/res2026q2/cpu2026-20260210-00219.csv"">CSV</A> <A HREF=""/cpu2026/results/res2026q2/cpu2026-20260210-00219.pdf"">PDF</A> <A HREF=""/cpu2026/results/res2026q2/cpu2026-20260210-00219.ps"">PS</A> <A HREF=""/cpu2026/results/res2026q2/cpu2026-20260210-00219.txt"">Text</A> <A HREF=""/cpu2026/results/res2026q2/cpu2026-20260210-00219.cfg"">Config</A>"
CFP2026rate,Supermicro,"Hyper A+ Server AS -2126HS-TN (H14DSH , AMD EPYC 9655)",820,820,0,0,192,2,1,"AMD EPYC 9655",2600,"2 chips",64-bit,64-bit,"32 KB I + 48 KB D on chip per core","1 MB I+D on chip per core","384 MB I+D on chip per chip, 32 MB shared / 8 cores",None,"1536 GB (24 x 64 GB 2Rx4 PC5-6400B-R)",,"Ubuntu 24.04.3 LTS, 6.8.0-94-generic",ext4,"C/C++/Fortran: Version 5.1.0 of AOCC",Vendor,Oct-2024,Jan-2026,1176,Supermicro,Supermicro,Feb-2026,May-2026,Aug-2026,"<A HREF=""/cpu2026/results/res2026q2/cpu2026-20260210-00224.html"">HTML</A> <A HREF=""/cpu2026/results/res2026q2/cpu2026-20260210-00224.csv"">CSV</A> <A HREF=""/cpu2026/results/res2026q2/cpu2026-20260210-00224.pdf"">PDF</A> <A HREF=""/cpu2026/results/res2026q2/cpu2026-20260210-00224.ps"">PS</A> <A HREF=""/cpu2026/results/res2026q2/cpu2026-20260210-00224.txt"">Text</A> <A HREF=""/cpu2026/results/res2026q2/cpu2026-20260210-00224.cfg"">Config</A>"
CFP2026rate,Supermicro,"Hyper A+ Server AS -2126HS-TN (H14DSH , AMD EPYC 9755)",947,947,0,0,256,2,1,"AMD EPYC 9755",2700,"2 chips",64-bit,64-bit,"32 KB I + 48 KB D on chip per core","1 MB I+D on chip per core","512 MB I+D on chip per chip, 32 MB shared / 8 cores",None,"2304 GB (24 x 96 GB 2Rx4 PC5-6400B-R)",,"Ubuntu 24.04.3 LTS, 6.8.0-90-generic",ext4,"C/C++/Fortran: Version 5.1.0 of AOCC",Vendor,Oct-2024,Jan-2026,1176,Supermicro,Supermicro,Feb-2026,May-2026,Aug-2026,"<A HREF=""/cpu2026/results/res2026q2/cpu2026-20260210-00229.html"">HTML</A> <A HREF=""/cpu2026/results/res2026q2/cpu2026-20260210-00229.csv"">CSV</A> <A HREF=""/cpu2026/results/res2026q2/cpu2026-20260210-00229.pdf"">PDF</A> <A HREF=""/cpu2026/results/res2026q2/cpu2026-20260210-00229.ps"">PS</A> <A HREF=""/cpu2026/results/res2026q2/cpu2026-20260210-00229.txt"">Text</A> <A HREF=""/cpu2026/results/res2026q2/cpu2026-20260210-00229.cfg"">Config</A>"
CFP2026rate,Supermicro,"Hyper A+ Server AS -2126HS-TN (H14DSH , AMD EPYC 9965)",999,999,0,0,384,2,1,"AMD EPYC 9965",2250,"2 chips",64-bit,64-bit,"32 KB I + 48 KB D on chip per core","1 MB I+D on chip per core","384 MB I+D on chip per chip, 32 MB shared / 16 cores",None,"1536 GB (24 x 64 GB 2Rx4 PC5-6400B-R)",,"Ubuntu 24.04.3 LTS, 6.8.0-90-generic",ext4,"C/C++/Fortran: Version 5.1.0 of AOCC",Vendor,Oct-2024,Jan-2026,1176,Supermicro,Supermicro,Feb-2026,May-2026,Aug-2026,"<A HREF=""/cpu2026/results/res2026q2/cpu2026-20260210-00235.html"">HTML</A> <A HREF=""/cpu2026/results/res2026q2/cpu2026-20260210-00235.csv"">CSV</A> <A HREF=""/cpu2026/results/res2026q2/cpu2026-20260210-00235.pdf"">PDF</A> <A HREF=""/cpu2026/results/res2026q2/cpu2026-20260210-00235.ps"">PS</A> <A HREF=""/cpu2026/results/res2026q2/cpu2026-20260210-00235.txt"">Text</A> <A HREF=""/cpu2026/results/res2026q2/cpu2026-20260210-00235.cfg"">Config</A>"
CFP2026rate,Supermicro,"Hyper SuperServer SYS-221H-TNR",501,484,0,0,128,2,2,"Intel Xeon Platinum 8592+",1900,"1,2 chips",64-bit,64-bit,"32 KB I + 48 KB D on chip per core","2 MB I+D on chip per core","320 MB I+D on chip per chip",None,"1 TB (16 x 64 GB 2Rx4 PC5-6400B-R, running at 5600)",,"Ubuntu 24.04 LTS, 6.8.0-90-generic",ext4,"C/C++: Version 2025.3 of Intel oneAPI DPC++/C++, Compiler for Linux;, Fortran: Version 2025.3 of Intel Fortran, Compiler for Linux",Vendor,Mar-2023,Nov-2025,13,"Intel Corporation","Intel Corporation",Feb-2026,May-2026,Aug-2026,"<A HREF=""/cpu2026/results/res2026q2/cpu2026-20260210-00143.html"">HTML</A> <A HREF=""/cpu2026/results/res2026q2/cpu2026-20260210-00143.csv"">CSV</A> <A HREF=""/cpu2026/results/res2026q2/cpu2026-20260210-00143.pdf"">PDF</A> <A HREF=""/cpu2026/results/res2026q2/cpu2026-20260210-00143.ps"">PS</A> <A HREF=""/cpu2026/results/res2026q2/cpu2026-20260210-00143.txt"">Text</A> <A HREF=""/cpu2026/results/res2026q2/cpu2026-20260210-00143.cfg"">Config</A>"
CFP2026rate,Supermicro,"Hyper SuperServer SYS-222H-TN",497,485,0,0,288,2,1,"Intel Xeon 6780E",2200,"1,2 chips",64-bit,64-bit,"64 KB I + 32 KB D on chip per core","4 MB I+D on chip per core","108 MB I+D on chip per chip",None,"1 TB (16 x 64 GB 2Rx4 PC5-6400B-R)",,"Ubuntu 24.04 LTS, 6.8.0-90-generic",ext4,"C/C++: Version 2025.3 of Intel oneAPI DPC++/C++, Compiler for Linux;, Fortran: Version 2025.3 of Intel Fortran, Compiler for Linux",Vendor,Feb-2025,Nov-2025,13,"Intel Corporation","Intel Corporation",Feb-2026,May-2026,Aug-2026,"<A HREF=""/cpu2026/results/res2026q2/cpu2026-20260210-00145.html"">HTML</A> <A HREF=""/cpu2026/results/res2026q2/cpu2026-20260210-00145.csv"">CSV</A> <A HREF=""/cpu2026/results/res2026q2/cpu2026-20260210-00145.pdf"">PDF</A> <A HREF=""/cpu2026/results/res2026q2/cpu2026-20260210-00145.ps"">PS</A> <A HREF=""/cpu2026/results/res2026q2/cpu2026-20260210-00145.txt"">Text</A> <A HREF=""/cpu2026/results/res2026q2/cpu2026-20260210-00145.cfg"">Config</A>"
CFP2026rate,Supermicro,"Hyper SuperServer SYS-222HA-TN",1020,994,0,0,256,2,2,"Intel Xeon 6980P",2000,"1,2 chips",64-bit,64-bit,"64 KB I + 48 KB D on chip per core","2 MB I+D on chip per core","504 MB I+D on chip per chip",None,"1536 GB (24 x 64 GB 2Rx4 PC5-88/56B-M)",,"Ubuntu 24.04.3 LTS, 6.8.0-90-generic",ext4,"C/C++: Version 2025.3 of Intel oneAPI DPC++/C++, Compiler for Linux;, Fortran: Version 2025.3 of Intel Fortran, Compiler for Linux",Vendor,Jun-2025,Nov-2025,13,"Intel Corporation","Intel Corporation",Feb-2026,May-2026,Aug-2026,"<A HREF=""/cpu2026/results/res2026q2/cpu2026-20260210-00147.html"">HTML</A> <A HREF=""/cpu2026/results/res2026q2/cpu2026-20260210-00147.csv"">CSV</A> <A HREF=""/cpu2026/results/res2026q2/cpu2026-20260210-00147.pdf"">PDF</A> <A HREF=""/cpu2026/results/res2026q2/cpu2026-20260210-00147.ps"">PS</A> <A HREF=""/cpu2026/results/res2026q2/cpu2026-20260210-00147.txt"">Text</A> <A HREF=""/cpu2026/results/res2026q2/cpu2026-20260210-00147.cfg"">Config</A>"
CFP2026rate,Supermicro,"SuperServer SYS-112HA-TN (X14SBH-AP , Intel Xeon 6970E+)",476,468,0,0,192,1,1,"Intel Xeon 6970E+",2300,"1 chip",64-bit,64-bit,"64 KB I + 32 KB D on chip per core","192 MB I+D on chip per chip, 4 MB shared / 4 cores","480 MB I+D on chip per chip",None,"1152 GB (12 x 96 GB 2Rx4 PC5-8000B-R)",,"Red Hat Enterprise Linux 9.7, Kernel 5.14.0-611.5.1.el9_7.x86_64",xfs,"C/C++: Version 2026.0 of Intel oneAPI DPC++/C++, Compiler for Linux;, Fortran: Version 2026.0 of Intel Fortran, Compiler for Linux",Vendor,Jun-2026,Apr-2026,1176,Supermicro,Supermicro,May-2026,Jun-2026,Aug-2026,"<A HREF=""/cpu2026/results/res2026q2/cpu2026-20260602-00294.html"">HTML</A> <A HREF=""/cpu2026/results/res2026q2/cpu2026-20260602-00294.csv"">CSV</A> <A HREF=""/cpu2026/results/res2026q2/cpu2026-20260602-00294.pdf"">PDF</A> <A HREF=""/cpu2026/results/res2026q2/cpu2026-20260602-00294.ps"">PS</A> <A HREF=""/cpu2026/results/res2026q2/cpu2026-20260602-00294.txt"">Text</A> <A HREF=""/cpu2026/results/res2026q2/cpu2026-20260602-00294.cfg"">Config</A>"
CFP2026rate,Supermicro,"SuperServer SYS-112HA-TN (X14SBH-AP , Intel Xeon 6980E+)",530,519,0,0,264,1,1,"Intel Xeon 6980E+",2100,"1 chip",64-bit,64-bit,"64 KB I + 32 KB D on chip per core","264 MB I+D on chip per chip, 4 MB shared / 4 cores","528 MB I+D on chip per chip",None,"1152 GB (12 x 96 GB 2Rx4 PC5-8000B-R)",,"Red Hat Enterprise Linux 9.7, Kernel 5.14.0-611.5.1.el9_7.x86_64",xfs,"C/C++: Version 2026.0 of Intel oneAPI DPC++/C++, Compiler for Linux;, Fortran: Version 2026.0 of Intel Fortran, Compiler for Linux",Vendor,Jun-2026,Apr-2026,1176,Supermicro,Supermicro,May-2026,Jun-2026,Aug-2026,"<A HREF=""/cpu2026/results/res2026q2/cpu2026-20260602-00299.html"">HTML</A> <A HREF=""/cpu2026/results/res2026q2/cpu2026-20260602-00299.csv"">CSV</A> <A HREF=""/cpu2026/results/res2026q2/cpu2026-20260602-00299.pdf"">PDF</A> <A HREF=""/cpu2026/results/res2026q2/cpu2026-20260602-00299.ps"">PS</A> <A HREF=""/cpu2026/results/res2026q2/cpu2026-20260602-00299.txt"">Text</A> <A HREF=""/cpu2026/results/res2026q2/cpu2026-20260602-00299.cfg"">Config</A>"
CFP2026rate,Supermicro,"SuperServer SYS-112HA-TN (X14SBH-AP , Intel Xeon 6990E+)",557,545,0,0,288,1,1,"Intel Xeon 6990E+",2200,"1 chip",64-bit,64-bit,"64 KB I + 32 KB D on chip per core","288 MB I+D on chip per chip, 4 MB shared / 4 cores","576 MB I+D on chip per chip",None,"1152 GB (12 x 96 GB 2Rx4 PC5-8000B-R)",,"Red Hat Enterprise Linux 9.7, Kernel 5.14.0-611.5.1.el9_7.x86_64",xfs,"C/C++: Version 2026.0 of Intel oneAPI DPC++/C++, Compiler for Linux;, Fortran: Version 2026.0 of Intel Fortran, Compiler for Linux",Vendor,Jun-2026,Apr-2026,1176,Supermicro,Supermicro,May-2026,Jun-2026,Aug-2026,"<A HREF=""/cpu2026/results/res2026q2/cpu2026-20260519-00262.html"">HTML</A> <A HREF=""/cpu2026/results/res2026q2/cpu2026-20260519-00262.csv"">CSV</A> <A HREF=""/cpu2026/results/res2026q2/cpu2026-20260519-00262.pdf"">PDF</A> <A HREF=""/cpu2026/results/res2026q2/cpu2026-20260519-00262.ps"">PS</A> <A HREF=""/cpu2026/results/res2026q2/cpu2026-20260519-00262.txt"">Text</A> <A HREF=""/cpu2026/results/res2026q2/cpu2026-20260519-00262.cfg"">Config</A>"
CFP2026rate,Supermicro,"SuperServer SYS-122HA-TN-LCC (X14DBM-APL , Intel Xeon 6990E+)",1130,1100,0,0,576,2,1,"Intel Xeon 6990E+",2200,"1, 2 chips",64-bit,64-bit,"64 KB I + 32 KB D on chip per core","4 MB I+D on chip per core","576 MB I+D on chip per chip",None,"1536 GB (24 x 64 GB 2Rx4 PC5-8000B-R)",,"SUSE Linux Enterprise Server 15 SP7, 6.4.0-150700.51-default",xfs,"C/C++: Version 2026.0 of Intel oneAPI DPC++/C++, Compiler for Linux;, Fortran: Version 2026.0 of Intel Fortran, Compiler for Linux",Vendor,Jun-2026,Apr-2026,1176,Supermicro,Supermicro,May-2026,Jun-2026,Aug-2026,"<A HREF=""/cpu2026/results/res2026q2/cpu2026-20260518-00253.html"">HTML</A> <A HREF=""/cpu2026/results/res2026q2/cpu2026-20260518-00253.csv"">CSV</A> <A HREF=""/cpu2026/results/res2026q2/cpu2026-20260518-00253.pdf"">PDF</A> <A HREF=""/cpu2026/results/res2026q2/cpu2026-20260518-00253.ps"">PS</A> <A HREF=""/cpu2026/results/res2026q2/cpu2026-20260518-00253.txt"">Text</A> <A HREF=""/cpu2026/results/res2026q2/cpu2026-20260518-00253.cfg"">Config</A>"
CFP2026rate,Supermicro,"SuperServer SYS-222H-TN",643,626,0,0,128,2,2,"Intel Xeon 6767P",2400,"1,2 chips",64-bit,64-bit,"64 KB I + 48 KB D on chip per core","2 MB I+D on chip per core","336 MB I+D on chip per chip",None,"1 TB (16 x 64 GB 2Rx4 PC5-88/56B-M, running at 8000)",,"Ubuntu 24.04.3 LTS, 6.8.0-90-generic",ext4,"C/C++: Version 2025.3 of Intel oneAPI DPC++/C++, Compiler for Linux;, Fortran: Version 2025.3 of Intel Fortran, Compiler for Linux",Vendor,Feb-2025,Nov-2025,13,"Intel Corporation","Intel Corporation",Feb-2026,May-2026,Aug-2026,"<A HREF=""/cpu2026/results/res2026q2/cpu2026-20260210-00149.html"">HTML</A> <A HREF=""/cpu2026/results/res2026q2/cpu2026-20260210-00149.csv"">CSV</A> <A HREF=""/cpu2026/results/res2026q2/cpu2026-20260210-00149.pdf"">PDF</A> <A HREF=""/cpu2026/results/res2026q2/cpu2026-20260210-00149.ps"">PS</A> <A HREF=""/cpu2026/results/res2026q2/cpu2026-20260210-00149.txt"">Text</A> <A HREF=""/cpu2026/results/res2026q2/cpu2026-20260210-00149.cfg"">Config</A>"
CFP2026rate,Supermicro,"SuperServer SYS-222H-TN",697,678,0,0,172,2,2,"Intel Xeon 6787P",2000,"1,2 chips",64-bit,64-bit,"64 KB I + 48 KB D on chip per core","2 MB I+D on chip per core","336 MB I+D on chip per chip",None,"1 TB (16 x 64 GB 2Rx4 PC5-88/56B-M, running at 8000)",,"Ubuntu 24.04.3 LTS, 6.8.0-90-generic",ext4,"C/C++: Version 2025.3 of Intel oneAPI DPC++/C++, Compiler for Linux;, Fortran: Version 2025.3 of Intel Fortran, Compiler for Linux",Vendor,Feb-2025,Nov-2025,13,"Intel Corporation","Intel Corporation",Feb-2026,May-2026,Aug-2026,"<A HREF=""/cpu2026/results/res2026q2/cpu2026-20260210-00151.html"">HTML</A> <A HREF=""/cpu2026/results/res2026q2/cpu2026-20260210-00151.csv"">CSV</A> <A HREF=""/cpu2026/results/res2026q2/cpu2026-20260210-00151.pdf"">PDF</A> <A HREF=""/cpu2026/results/res2026q2/cpu2026-20260210-00151.ps"">PS</A> <A HREF=""/cpu2026/results/res2026q2/cpu2026-20260210-00151.txt"">Text</A> <A HREF=""/cpu2026/results/res2026q2/cpu2026-20260210-00151.cfg"">Config</A>"
CFP2026rate,Supermicro,"WIO A+ Server AS -1015SV-WTNRT (H13SVW-NT , AMD EPYC 8534P)",169,169,0,0,64,1,2,"AMD EPYC 8534P",2300,"1 chip",64-bit,64-bit,"32 KB I + 32 KB D on chip per core","1 MB I+D on chip per core","128 MB I+D on chip per chip, 16 MB shared / 8 cores",None,"384 GB (6 x 64 GB 2Rx4 PC5-4800B-R)",,"Ubuntu 24.04 LTS, 6.8.0-90-generic",ext4,"C/C++/Fortran: Version 5.1.0 of AOCC",Vendor,Oct-2024,Jan-2026,1176,Supermicro,Supermicro,Feb-2026,May-2026,Aug-2026,"<A HREF=""/cpu2026/results/res2026q2/cpu2026-20260210-00240.html"">HTML</A> <A HREF=""/cpu2026/results/res2026q2/cpu2026-20260210-00240.csv"">CSV</A> <A HREF=""/cpu2026/results/res2026q2/cpu2026-20260210-00240.pdf"">PDF</A> <A HREF=""/cpu2026/results/res2026q2/cpu2026-20260210-00240.ps"">PS</A> <A HREF=""/cpu2026/results/res2026q2/cpu2026-20260210-00240.txt"">Text</A> <A HREF=""/cpu2026/results/res2026q2/cpu2026-20260210-00240.cfg"">Config</A>"
CFP2026rate,"ZTE Corporation","ZTE R5300G6 Server System (2.0 GHz, Intel Xeon 6787P)",770,752,0,0,172,2,2,"Intel Xeon 6787P",2000,"1,2 chips",64-bit,64-bit,"64 KB I + 48 KB D on chip per core","2 MB I+D on chip per core","336 MB I+D on chip per chip",None,"1 TB (16 x 64 GB 4Rx8 PC5-88/64B-M, running at 8000)",,"SUSE Linux Enterprise Server 15 SP6, 6.4.0-150600.21-default",ext4,"C/C++: Version 2026.0 of Intel oneAPI DPC++/C++, Compiler for Linux;, Fortran: Version 2026.0 of Intel Fortran, Compiler for Linux",Vendor,May-2025,May-2026,9061,"ZTE Corporation","ZTE Corporation",Jun-2026,Aug-2026,Aug-2026,"<A HREF=""/cpu2026/results/res2026q3/cpu2026-20260702-00351.html"">HTML</A> <A HREF=""/cpu2026/results/res2026q3/cpu2026-20260702-00351.csv"">CSV</A> <A HREF=""/cpu2026/results/res2026q3/cpu2026-20260702-00351.pdf"">PDF</A> <A HREF=""/cpu2026/results/res2026q3/cpu2026-20260702-00351.ps"">PS</A> <A HREF=""/cpu2026/results/res2026q3/cpu2026-20260702-00351.txt"">Text</A> <A HREF=""/cpu2026/results/res2026q3/cpu2026-20260702-00351.cfg"">Config</A>"
CFP2026rate,xFusion,"FusionServer 1288 V8 (Intel Xeon 6787P)",0,759,0,0,172,2,2,"Intel Xeon 6787P",2000,"1,2 chips",64-bit,"Not Applicable","64 KB I + 48 KB D on chip per core","2 MB I+D on chip per core","336 MB I+D on chip per chip",None,"1 TB (16 x 64 GB 2Rx4 PC5-88/64B-H, running at 8000)",,"Red Hat Enterprise Linux 9.4 (Plow), 5.14.0-427.13.1.el9_4.x86_64",xfs,"C/C++: Version 2026.0 of Intel oneAPI DPC++/C++, Compiler for Linux;, Fortran: Version 2026.0 of Intel Fortran, Compiler for Linux",Vendor,May-2025,Apr-2026,6488,xFusion,xFusion,Jul-2026,Aug-2026,Aug-2026,"<A HREF=""/cpu2026/results/res2026q3/cpu2026-20260726-00383.html"">HTML</A> <A HREF=""/cpu2026/results/res2026q3/cpu2026-20260726-00383.csv"">CSV</A> <A HREF=""/cpu2026/results/res2026q3/cpu2026-20260726-00383.pdf"">PDF</A> <A HREF=""/cpu2026/results/res2026q3/cpu2026-20260726-00383.ps"">PS</A> <A HREF=""/cpu2026/results/res2026q3/cpu2026-20260726-00383.txt"">Text</A> <A HREF=""/cpu2026/results/res2026q3/cpu2026-20260726-00383.cfg"">Config</A>"
CFP2026rate,xFusion,"FusionServer 2288 V8 (Intel Xeon 6787P)",0,759,0,0,172,2,2,"Intel Xeon 6787P",2000,"1,2 chips",64-bit,"Not Applicable","64 KB I + 48 KB D on chip per core","2 MB I+D on chip per core","336 MB I+D on chip per chip",None,"1 TB (16 x 64 GB 2Rx4 PC5-88/64B-H, running at 8000)",,"Red Hat Enterprise Linux 9.4 (Plow), 5.14.0-427.13.1.el9_4.x86_64",xfs,"C/C++: Version 2026.0 of Intel oneAPI DPC++/C++, Compiler for Linux;, Fortran: Version 2026.0 of Intel Fortran, Compiler for Linux",Vendor,May-2025,Apr-2026,6488,xFusion,xFusion,Jul-2026,Aug-2026,Aug-2026,"<A HREF=""/cpu2026/results/res2026q3/cpu2026-20260726-00387.html"">HTML</A> <A HREF=""/cpu2026/results/res2026q3/cpu2026-20260726-00387.csv"">CSV</A> <A HREF=""/cpu2026/results/res2026q3/cpu2026-20260726-00387.pdf"">PDF</A> <A HREF=""/cpu2026/results/res2026q3/cpu2026-20260726-00387.ps"">PS</A> <A HREF=""/cpu2026/results/res2026q3/cpu2026-20260726-00387.txt"">Text</A> <A HREF=""/cpu2026/results/res2026q3/cpu2026-20260726-00387.cfg"">Config</A>"
